Using pre-set license
Built from '6000.0/release' branch; Version is '6000.0.45f1 (d91bd3d4e081) revision 14228435'; Using compiler version '193933523'; Build Type 'Release'
OS: 'Windows 10  (10.0.19045) 64bit Enterprise' Language: 'ko' Physical Memory: 16021 MB
BatchMode: 1, IsHumanControllingUs: 0, StartBugReporterOnCrash: 0, Is64bit: 1, IsPro: 1

COMMAND LINE ARGUMENTS:
E:\Unity\6000.0.45f1\Editor\Unity.exe
-adb2
-batchMode
-noUpm
-name
AssetImportWorker0
-projectPath
D:/Program Files (x86)/for unity/software/2d
-logFile
Logs/AssetImportWorker0.log
-srvPort
51150
-job-worker-count
3
-background-job-worker-count
8
-gc-helper-count
1
Successfully changed project path to: D:/Program Files (x86)/for unity/software/2d
D:/Program Files (x86)/for unity/software/2d
[UnityMemory] Configuration Parameters - Can be set up in boot.config
    "memorysetup-bucket-allocator-granularity=16"
    "memorysetup-bucket-allocator-bucket-count=8"
    "memorysetup-bucket-allocator-block-size=33554432"
    "memorysetup-bucket-allocator-block-count=8"
    "memorysetup-main-allocator-block-size=16777216"
    "memorysetup-thread-allocator-block-size=16777216"
    "memorysetup-gfx-main-allocator-block-size=16777216"
    "memorysetup-gfx-thread-allocator-block-size=16777216"
    "memorysetup-cache-allocator-block-size=4194304"
    "memorysetup-typetree-allocator-block-size=2097152"
    "memorysetup-profiler-bucket-allocator-granularity=16"
    "memorysetup-profiler-bucket-allocator-bucket-count=8"
    "memorysetup-profiler-bucket-allocator-block-size=33554432"
    "memorysetup-profiler-bucket-allocator-block-count=8"
    "memorysetup-profiler-allocator-block-size=16777216"
    "memorysetup-profiler-editor-allocator-block-size=1048576"
    "memorysetup-temp-allocator-size-main=16777216"
    "memorysetup-job-temp-allocator-block-size=2097152"
    "memorysetup-job-temp-allocator-block-size-background=1048576"
    "memorysetup-job-temp-allocator-reduction-small-platforms=262144"
    "memorysetup-allocator-temp-initial-block-size-main=262144"
    "memorysetup-allocator-temp-initial-block-size-worker=262144"
    "memorysetup-temp-allocator-size-background-worker=32768"
    "memorysetup-temp-allocator-size-job-worker=262144"
    "memorysetup-temp-allocator-size-preload-manager=33554432"
    "memorysetup-temp-allocator-size-nav-mesh-worker=65536"
    "memorysetup-temp-allocator-size-audio-worker=65536"
    "memorysetup-temp-allocator-size-cloud-worker=32768"
    "memorysetup-temp-allocator-size-gi-baking-worker=262144"
    "memorysetup-temp-allocator-size-gi-baking-worker=262144"
    "memorysetup-temp-allocator-size-gi-baking-worker=262144"
    "memorysetup-temp-allocator-size-gi-baking-worker=262144"
    "memorysetup-temp-allocator-size-gi-baking-worker=262144"
    "memorysetup-temp-allocator-size-gfx=262144"
Player connection [4200]  Target information:

Player connection [4200]  * "[IP] 192.168.219.105 [Port] 0 [Flags] 2 [Guid] 1526818626 [EditorId] 1526818626 [Version] 1048832 [Id] WindowsEditor(7,DESKTOP-9F44E9E) [Debug] 1 [PackageName] WindowsEditor [ProjectName] Editor" 

Player connection [4200] Host joined multi-casting on [225.0.0.222:54997]...
Player connection [4200] Host joined alternative multi-casting on [225.0.0.222:34997]...
JobSystem: Creating JobQueue using job-worker-count value 3
Input System module state changed to: Initialized.
[Physics::Module] Initialized fallback backend.
[Physics::Module] Id: 0xdecafbad
Library Redirect Path: Library/
[Physics::Module] Selected backend.
[Physics::Module] Name: PhysX
[Physics::Module] Id: 0xf2b8ea05
[Physics::Module] SDK Version: 4.1.2
[Physics::Module] Integration Version: 1.0.0
[Physics::Module] Threading Mode: Multi-Threaded
Refreshing native plugins compatible for Editor in 173.39 ms, found 4 plugins.
Preloading 0 native plugins for Editor in 0.00 ms.
Initialize engine version: 6000.0.45f1 (d91bd3d4e081)
[Subsystems] Discovering subsystems at path E:/Unity/6000.0.45f1/Editor/Data/Resources/UnitySubsystems
[Subsystems] Discovering subsystems at path D:/Program Files (x86)/for unity/software/2d/Assets
GfxDevice: creating device client; kGfxThreadingModeNonThreaded
Direct3D:
    Version:  Direct3D 11.0 [level 11.1]
    Renderer: NVIDIA GeForce GTX 1050 Ti (ID=0x1c8c)
    Vendor:   NVIDIA
    VRAM:     4004 MB
    Driver:   32.0.15.6614
Initialize mono
Mono path[0] = 'E:/Unity/6000.0.45f1/Editor/Data/Managed'
Mono path[1] = 'E:/Unity/6000.0.45f1/Editor/Data/MonoBleedingEdge/lib/mono/unityjit-win32'
Mono config path = 'E:/Unity/6000.0.45f1/Editor/Data/MonoBleedingEdge/etc'
Using monoOptions --debugger-agent=transport=dt_socket,embedding=1,server=y,suspend=n,address=127.0.0.1:56232
Begin MonoManager ReloadAssembly
Registering precompiled unity dll's ...
Register platform support module: E:/Unity/6000.0.45f1/Editor/Data/PlaybackEngines/WindowsStandaloneSupport/UnityEditor.WindowsStandalone.Extensions.dll
Register platform support module: E:/Unity/6000.0.45f1/Editor/Data/PlaybackEngines/AndroidPlayer/UnityEditor.Android.Extensions.dll
Registered in 2.921638 seconds.
- Loaded All Assemblies, in 39.965 seconds
Native extension for Android target not found
Android Extension - Scanning For ADB Devices 1663 ms
Native extension for WindowsStandalone target not found
Mono: successfully reloaded assembly
- Finished resetting the current domain, in  3.016 seconds
Domain Reload Profiling: 42955ms
	BeginReloadAssembly (31517ms)
		ExecutionOrderSort (0ms)
		DisableScriptedObjects (0ms)
		BackupInstance (0ms)
		ReleaseScriptingObjects (0ms)
		CreateAndSetChildDomain (1ms)
	RebuildCommonClasses (141ms)
	RebuildNativeTypeToScriptingClass (48ms)
	initialDomainReloadingComplete (3427ms)
	LoadAllAssembliesAndSetupDomain (4805ms)
		LoadAssemblies (31577ms)
		RebuildTransferFunctionScriptingTraits (0ms)
		AnalyzeDomain (4707ms)
			TypeCache.Refresh (4703ms)
				TypeCache.ScanAssembly (4654ms)
			BuildScriptInfoCaches (0ms)
			ResolveRequiredComponents (2ms)
	FinalizeReload (3017ms)
		ReleaseScriptCaches (0ms)
		RebuildScriptCaches (0ms)
		SetupLoadedEditorAssemblies (2857ms)
			LogAssemblyErrors (0ms)
			InitializePlatformSupportModulesInManaged (2061ms)
			SetLoadedEditorAssemblies (9ms)
			BeforeProcessingInitializeOnLoad (140ms)
			ProcessInitializeOnLoadAttributes (367ms)
			ProcessInitializeOnLoadMethodAttributes (279ms)
			AfterProcessingInitializeOnLoad (0ms)
			EditorAssembliesLoaded (0ms)
		ExecutionOrderSort2 (0ms)
		AwakeInstancesAfterBackupRestoration (0ms)
========================================================================
Worker process is ready to serve import requests
Import Worker Mode flag is 0x00
Begin MonoManager ReloadAssembly
- Loaded All Assemblies, in  6.440 seconds
Refreshing native plugins compatible for Editor in 4.98 ms, found 4 plugins.
Native extension for Android target not found
Native extension for WindowsStandalone target not found
Mono: successfully reloaded assembly
- Finished resetting the current domain, in  8.106 seconds
Domain Reload Profiling: 14540ms
	BeginReloadAssembly (482ms)
		ExecutionOrderSort (0ms)
		DisableScriptedObjects (17ms)
		BackupInstance (0ms)
		ReleaseScriptingObjects (0ms)
		CreateAndSetChildDomain (60ms)
	RebuildCommonClasses (89ms)
	RebuildNativeTypeToScriptingClass (29ms)
	initialDomainReloadingComplete (89ms)
	LoadAllAssembliesAndSetupDomain (5744ms)
		LoadAssemblies (5262ms)
		RebuildTransferFunctionScriptingTraits (0ms)
		AnalyzeDomain (802ms)
			TypeCache.Refresh (605ms)
				TypeCache.ScanAssembly (553ms)
			BuildScriptInfoCaches (167ms)
			ResolveRequiredComponents (24ms)
	FinalizeReload (8107ms)
		ReleaseScriptCaches (0ms)
		RebuildScriptCaches (0ms)
		SetupLoadedEditorAssemblies (6167ms)
			LogAssemblyErrors (0ms)
			InitializePlatformSupportModulesInManaged (77ms)
			SetLoadedEditorAssemblies (17ms)
			BeforeProcessingInitializeOnLoad (524ms)
			ProcessInitializeOnLoadAttributes (3672ms)
			ProcessInitializeOnLoadMethodAttributes (1850ms)
			AfterProcessingInitializeOnLoad (27ms)
			EditorAssembliesLoaded (1ms)
		ExecutionOrderSort2 (0ms)
		AwakeInstancesAfterBackupRestoration (40ms)
Launched and connected shader compiler UnityShaderCompiler.exe after 0.09 seconds
Refreshing native plugins compatible for Editor in 4.77 ms, found 4 plugins.
Preloading 0 native plugins for Editor in 0.00 ms.
Unloading 220 Unused Serialized files (Serialized files now loaded: 0)
Unloading 6579 unused Assets / (5.1 MB). Loaded Objects now: 7313.
Memory consumption went from 184.3 MB to 179.2 MB.
Total: 18.653700 ms (FindLiveObjects: 1.134800 ms CreateObjectMapping: 1.988500 ms MarkObjects: 11.182900 ms  DeleteObjects: 4.346000 ms)

========================================================================
Received Import Request.
  Time since last request: 2732.440588 seconds.
  path: Assets/karsiori/TileMap/Decorations/BUSH FOREGROUND 1-5.png
  artifactKey: Guid(441f0c2aca2fff545bc517e6f139dcd3) Importer(815301076,1909f56bfc062723c751e8b465ee728b)
Start importing Assets/karsiori/TileMap/Decorations/BUSH FOREGROUND 1-5.png using Guid(441f0c2aca2fff545bc517e6f139dcd3) Importer(815301076,1909f56bfc062723c751e8b465ee728b) (PreviewImporter) -> (artifact id: 'f0bf84621d2b5c9a3b9fcdd326824d95') in 0.2396276 seconds
Number of updated asset objects reloaded before import = 0Number of asset objects unloaded after import = 3

========================================================================
Received Import Request.
  Time since last request: 0.000045 seconds.
  path: Assets/karsiori/TileMap/Tiles/Tilesheet - WOODS_9.asset
  artifactKey: Guid(b467cdb774d96404ab0bf719c7daff20) Importer(815301076,1909f56bfc062723c751e8b465ee728b)
Start importing Assets/karsiori/TileMap/Tiles/Tilesheet - WOODS_9.asset using Guid(b467cdb774d96404ab0bf719c7daff20) Importer(815301076,1909f56bfc062723c751e8b465ee728b) (PreviewImporter) -> (artifact id: '40815c0f0dd058529ee4fab7fde8223b') in 0.1125556 seconds
Number of updated asset objects reloaded before import = 0Number of asset objects unloaded after import = 3

========================================================================
Received Import Request.
  Time since last request: 0.000041 seconds.
  path: Assets/karsiori/TileMap/Material/New Physics Material 2D.physicsMaterial2D
  artifactKey: Guid(3b4e730b6b0a88f4f933a641f8b82695) Importer(815301076,1909f56bfc062723c751e8b465ee728b)
Start importing Assets/karsiori/TileMap/Material/New Physics Material 2D.physicsMaterial2D using Guid(3b4e730b6b0a88f4f933a641f8b82695) Importer(815301076,1909f56bfc062723c751e8b465ee728b) (PreviewImporter) -> (artifact id: 'c509dfdb15274e36461aa617e113d7f5') in 0.0029347 seconds
Number of updated asset objects reloaded before import = 0Number of asset objects unloaded after import = 1

========================================================================
Received Import Request.
  Time since last request: 0.000047 seconds.
  path: Assets/karsiori/TileMap/Tiles/Tilesheet - WOODS_0.asset
  artifactKey: Guid(ad573af9e5caa10478408d2df852f5f8) Importer(815301076,1909f56bfc062723c751e8b465ee728b)
Start importing Assets/karsiori/TileMap/Tiles/Tilesheet - WOODS_0.asset using Guid(ad573af9e5caa10478408d2df852f5f8) Importer(815301076,1909f56bfc062723c751e8b465ee728b) (PreviewImporter) -> (artifact id: '5f8010b02a34cb06583d75d4478bc4c0') in 0.0454056 seconds
Number of updated asset objects reloaded before import = 0Number of asset objects unloaded after import = 3

========================================================================
Received Import Request.
  Time since last request: 0.000026 seconds.
  path: Assets/karsiori/TileMap/Backgrounds/WOODS - First.png
  artifactKey: Guid(4a0bf6774f40eeb419adfda6b54d5c1f) Importer(815301076,1909f56bfc062723c751e8b465ee728b)
Start importing Assets/karsiori/TileMap/Backgrounds/WOODS - First.png using Guid(4a0bf6774f40eeb419adfda6b54d5c1f) Importer(815301076,1909f56bfc062723c751e8b465ee728b) (PreviewImporter) -> (artifact id: '0f6979ba19888b449902dbc67d9615f4') in 0.0383886 seconds
Number of updated asset objects reloaded before import = 0Number of asset objects unloaded after import = 3

========================================================================
Received Import Request.
  Time since last request: 0.000141 seconds.
  path: Assets/karsiori/TileMap/Backgrounds/BACKGROUND.png
  artifactKey: Guid(f44fd67bd73d546469d7c317fcd1d5ae) Importer(815301076,1909f56bfc062723c751e8b465ee728b)
Start importing Assets/karsiori/TileMap/Backgrounds/BACKGROUND.png using Guid(f44fd67bd73d546469d7c317fcd1d5ae) Importer(815301076,1909f56bfc062723c751e8b465ee728b) (PreviewImporter) -> (artifact id: 'f24bac311ae8bd9235a5e0c63ee1792c') in 0.0316691 seconds
Number of updated asset objects reloaded before import = 0Number of asset objects unloaded after import = 3

========================================================================
Received Import Request.
  Time since last request: 0.000037 seconds.
  path: Assets/karsiori/TileMap/Tiles/Tilesheet - WOODS_1.asset
  artifactKey: Guid(b70c4d5c642b80d4a9c90c3aa87b520d) Importer(815301076,1909f56bfc062723c751e8b465ee728b)
Start importing Assets/karsiori/TileMap/Tiles/Tilesheet - WOODS_1.asset using Guid(b70c4d5c642b80d4a9c90c3aa87b520d) Importer(815301076,1909f56bfc062723c751e8b465ee728b) (PreviewImporter) -> (artifact id: '368a5bce7da6e0a56ea1adfde7f6f0a4') in 0.0277132 seconds
Number of updated asset objects reloaded before import = 0Number of asset objects unloaded after import = 3

========================================================================
Received Import Request.
  Time since last request: 0.000082 seconds.
  path: Assets/karsiori/TileMap/Tiles/Tilesheet - WOODS_3.asset
  artifactKey: Guid(0e842ce1003dd0e4faef6ac30bca5bf6) Importer(815301076,1909f56bfc062723c751e8b465ee728b)
Start importing Assets/karsiori/TileMap/Tiles/Tilesheet - WOODS_3.asset using Guid(0e842ce1003dd0e4faef6ac30bca5bf6) Importer(815301076,1909f56bfc062723c751e8b465ee728b) (PreviewImporter) -> (artifact id: '7ff2a2ecbe6e5caead7fb6d76f810159') in 0.0297764 seconds
Number of updated asset objects reloaded before import = 0Number of asset objects unloaded after import = 3

========================================================================
Received Import Request.
  Time since last request: 0.000241 seconds.
  path: Assets/karsiori/TileMap/Decorations/MUSHROOM 1-1.png
  artifactKey: Guid(d45bba719c38eef499144f2e7a1d042f) Importer(815301076,1909f56bfc062723c751e8b465ee728b)
Start importing Assets/karsiori/TileMap/Decorations/MUSHROOM 1-1.png using Guid(d45bba719c38eef499144f2e7a1d042f) Importer(815301076,1909f56bfc062723c751e8b465ee728b) (PreviewImporter) -> (artifact id: 'c32b83b4478a5e771a5cb89d59569635') in 0.1245842 seconds
Number of updated asset objects reloaded before import = 0Number of asset objects unloaded after import = 3

========================================================================
Received Import Request.
  Time since last request: 0.000028 seconds.
  path: Assets/karsiori/TileMap/Tiles/Tilesheet - WOODS_5.asset
  artifactKey: Guid(1cd5e881e4eb82544855bfe735525acf) Importer(815301076,1909f56bfc062723c751e8b465ee728b)
Start importing Assets/karsiori/TileMap/Tiles/Tilesheet - WOODS_5.asset using Guid(1cd5e881e4eb82544855bfe735525acf) Importer(815301076,1909f56bfc062723c751e8b465ee728b) (PreviewImporter) -> (artifact id: '745996e793eb545012a55c835c664ea3') in 0.02851 seconds
Number of updated asset objects reloaded before import = 0Number of asset objects unloaded after import = 3

========================================================================
Received Import Request.
  Time since last request: 0.000047 seconds.
  path: Assets/karsiori/TileMap/Decorations/BUSH FOREGROUND 1-2.png
  artifactKey: Guid(172cec936be54c1419615eb2b96b32a5) Importer(815301076,1909f56bfc062723c751e8b465ee728b)
Start importing Assets/karsiori/TileMap/Decorations/BUSH FOREGROUND 1-2.png using Guid(172cec936be54c1419615eb2b96b32a5) Importer(815301076,1909f56bfc062723c751e8b465ee728b) (PreviewImporter) -> (artifact id: 'c6ff2abc77588eafc004019c6ec069d7') in 0.041745 seconds
Number of updated asset objects reloaded before import = 0Number of asset objects unloaded after import = 3

========================================================================
Received Import Request.
  Time since last request: 0.000030 seconds.
  path: Assets/karsiori/TileMap/Decorations/MUSHROOM 1-2.png
  artifactKey: Guid(86a1d6e5913974b46810fb24e91348a5) Importer(815301076,1909f56bfc062723c751e8b465ee728b)
Start importing Assets/karsiori/TileMap/Decorations/MUSHROOM 1-2.png using Guid(86a1d6e5913974b46810fb24e91348a5) Importer(815301076,1909f56bfc062723c751e8b465ee728b) (PreviewImporter) -> (artifact id: '6078bc48441c89f0f80043baba287056') in 0.0320407 seconds
Number of updated asset objects reloaded before import = 0Number of asset objects unloaded after import = 3

========================================================================
Received Import Request.
  Time since last request: 0.000077 seconds.
  path: Assets/karsiori/TileMap/Tiles/Tilesheet - WOODS_12.asset
  artifactKey: Guid(8d6f378663f1a7448962dcdd727a4944) Importer(815301076,1909f56bfc062723c751e8b465ee728b)
Start importing Assets/karsiori/TileMap/Tiles/Tilesheet - WOODS_12.asset using Guid(8d6f378663f1a7448962dcdd727a4944) Importer(815301076,1909f56bfc062723c751e8b465ee728b) (PreviewImporter) -> (artifact id: '46f3aa2e4384f3cfcdf138b0921414c5') in 0.032146 seconds
Number of updated asset objects reloaded before import = 0Number of asset objects unloaded after import = 3

========================================================================
Received Import Request.
  Time since last request: 0.000047 seconds.
  path: Assets/karsiori/TileMap/Tiles/Tilesheet - WOODS_11.asset
  artifactKey: Guid(307b4843ef75d8e4b9f780ac1450fc82) Importer(815301076,1909f56bfc062723c751e8b465ee728b)
Start importing Assets/karsiori/TileMap/Tiles/Tilesheet - WOODS_11.asset using Guid(307b4843ef75d8e4b9f780ac1450fc82) Importer(815301076,1909f56bfc062723c751e8b465ee728b) (PreviewImporter) -> (artifact id: '6143328ecced4e12bbff275f85054b5a') in 0.0226608 seconds
Number of updated asset objects reloaded before import = 0Number of asset objects unloaded after import = 3

========================================================================
Received Import Request.
  Time since last request: 0.000043 seconds.
  path: Assets/karsiori/TileMap/Tiles/Tilesheet - WOODS_2.asset
  artifactKey: Guid(e19814bf6ff84a34e855cac502c99f01) Importer(815301076,1909f56bfc062723c751e8b465ee728b)
Start importing Assets/karsiori/TileMap/Tiles/Tilesheet - WOODS_2.asset using Guid(e19814bf6ff84a34e855cac502c99f01) Importer(815301076,1909f56bfc062723c751e8b465ee728b) (PreviewImporter) -> (artifact id: '64c0717354a9a2fd3d5eb5ff67a5d393') in 0.0212628 seconds
Number of updated asset objects reloaded before import = 0Number of asset objects unloaded after import = 3

========================================================================
Received Import Request.
  Time since last request: 0.000029 seconds.
  path: Assets/karsiori/TileMap/Tiles/Rectangular Palette.prefab
  artifactKey: Guid(28bcf7a33d6ec764392ebb81ed9cf812) Importer(815301076,1909f56bfc062723c751e8b465ee728b)
Start importing Assets/karsiori/TileMap/Tiles/Rectangular Palette.prefab using Guid(28bcf7a33d6ec764392ebb81ed9cf812) Importer(815301076,1909f56bfc062723c751e8b465ee728b) (PreviewImporter) -> (artifact id: '49308f272b1368f87ea5a5419aba8701') in 1.2850835 seconds
Number of updated asset objects reloaded before import = 0Number of asset objects unloaded after import = 187

========================================================================
Received Import Request.
  Time since last request: 1.372293 seconds.
  path: Assets/karsiori/TileMap/Tiles/Tilesheet - WOODS_13.asset
  artifactKey: Guid(0093f13f48b3cd24dad4ba4d67cd8409) Importer(815301076,1909f56bfc062723c751e8b465ee728b)
Start importing Assets/karsiori/TileMap/Tiles/Tilesheet - WOODS_13.asset using Guid(0093f13f48b3cd24dad4ba4d67cd8409) Importer(815301076,1909f56bfc062723c751e8b465ee728b) (PreviewImporter) -> (artifact id: 'b27bc2eaa4ea1e09eec1766b9c7536d7') in 0.7656847 seconds
Number of updated asset objects reloaded before import = 0Number of asset objects unloaded after import = 3

========================================================================
Received Import Request.
  Time since last request: 0.000101 seconds.
  path: Assets/karsiori/TileMap/Tiles/Tilesheet - WOODS_32.asset
  artifactKey: Guid(715f043ffa3bd424a83d2f556a730f30) Importer(815301076,1909f56bfc062723c751e8b465ee728b)
Start importing Assets/karsiori/TileMap/Tiles/Tilesheet - WOODS_32.asset using Guid(715f043ffa3bd424a83d2f556a730f30) Importer(815301076,1909f56bfc062723c751e8b465ee728b) (PreviewImporter) -> (artifact id: '630ccdea14669275f6630bee124a797b') in 0.2464655 seconds
Number of updated asset objects reloaded before import = 0Number of asset objects unloaded after import = 3

========================================================================
Received Import Request.
  Time since last request: 0.003324 seconds.
  path: Assets/karsiori/TileMap/Tiles/Tilesheet - WOODS_49.asset
  artifactKey: Guid(d5cf73983213bdf4ebdf6308692316fd) Importer(815301076,1909f56bfc062723c751e8b465ee728b)
Start importing Assets/karsiori/TileMap/Tiles/Tilesheet - WOODS_49.asset using Guid(d5cf73983213bdf4ebdf6308692316fd) Importer(815301076,1909f56bfc062723c751e8b465ee728b) (PreviewImporter) -> (artifact id: 'd041f752d040848085ac05b0531c68ce') in 0.2043988 seconds
Number of updated asset objects reloaded before import = 0Number of asset objects unloaded after import = 3

========================================================================
Received Import Request.
  Time since last request: 0.000059 seconds.
  path: Assets/karsiori/TileMap/Tiles/Tilesheet - WOODS_69.asset
  artifactKey: Guid(9a817e38f14f6cc48a21bb505d35239c) Importer(815301076,1909f56bfc062723c751e8b465ee728b)
Start importing Assets/karsiori/TileMap/Tiles/Tilesheet - WOODS_69.asset using Guid(9a817e38f14f6cc48a21bb505d35239c) Importer(815301076,1909f56bfc062723c751e8b465ee728b) (PreviewImporter) -> (artifact id: 'f4d7c89ce7c4af7272b7ee4d64c13f01') in 0.1402405 seconds
Number of updated asset objects reloaded before import = 0Number of asset objects unloaded after import = 3

========================================================================
Received Import Request.
  Time since last request: 0.000271 seconds.
  path: Assets/karsiori/TileMap/Tiles/Tilesheet - WOODS_47.asset
  artifactKey: Guid(0ea48912424104240be41a1239c51dcb) Importer(815301076,1909f56bfc062723c751e8b465ee728b)
Start importing Assets/karsiori/TileMap/Tiles/Tilesheet - WOODS_47.asset using Guid(0ea48912424104240be41a1239c51dcb) Importer(815301076,1909f56bfc062723c751e8b465ee728b) (PreviewImporter) -> (artifact id: '4a504ee15d19a0d277ddc866dba0ccb4') in 0.1425473 seconds
Number of updated asset objects reloaded before import = 0Number of asset objects unloaded after import = 3

========================================================================
Received Import Request.
  Time since last request: 0.000060 seconds.
  path: Assets/karsiori/TileMap/Tiles/Tilesheet - WOODS_50.asset
  artifactKey: Guid(62436fafb1e405d46bb04f84d70c2d62) Importer(815301076,1909f56bfc062723c751e8b465ee728b)
Start importing Assets/karsiori/TileMap/Tiles/Tilesheet - WOODS_50.asset using Guid(62436fafb1e405d46bb04f84d70c2d62) Importer(815301076,1909f56bfc062723c751e8b465ee728b) (PreviewImporter) -> (artifact id: '673fb72035a0cbf16f9a0fd72cdaca3a') in 0.1028442 seconds
Number of updated asset objects reloaded before import = 0Number of asset objects unloaded after import = 3

========================================================================
Received Import Request.
  Time since last request: 0.000066 seconds.
  path: Assets/karsiori/TileMap/Tiles/Tilesheet - WOODS_63.asset
  artifactKey: Guid(60ca663bf4893084c92a767875f28c26) Importer(815301076,1909f56bfc062723c751e8b465ee728b)
Start importing Assets/karsiori/TileMap/Tiles/Tilesheet - WOODS_63.asset using Guid(60ca663bf4893084c92a767875f28c26) Importer(815301076,1909f56bfc062723c751e8b465ee728b) (PreviewImporter) -> (artifact id: '95b8697e1c7b21bccef50262bdc5fafa') in 0.0699179 seconds
Number of updated asset objects reloaded before import = 0Number of asset objects unloaded after import = 3

========================================================================
Received Import Request.
  Time since last request: 0.000084 seconds.
  path: Assets/karsiori/TileMap/Tiles/Tilesheet - WOODS_18.asset
  artifactKey: Guid(077ce259dc0997241be9e537bf5662dc) Importer(815301076,1909f56bfc062723c751e8b465ee728b)
Start importing Assets/karsiori/TileMap/Tiles/Tilesheet - WOODS_18.asset using Guid(077ce259dc0997241be9e537bf5662dc) Importer(815301076,1909f56bfc062723c751e8b465ee728b) (PreviewImporter) -> (artifact id: 'ace4aea76624c80c7060c15bf30ce285') in 0.026653 seconds
Number of updated asset objects reloaded before import = 0Number of asset objects unloaded after import = 3

========================================================================
Received Import Request.
  Time since last request: 0.000061 seconds.
  path: Assets/karsiori/TileMap/Tiles/Tilesheet - WOODS_54.asset
  artifactKey: Guid(4e2aa78de94672940906049e0b6677b2) Importer(815301076,1909f56bfc062723c751e8b465ee728b)
Start importing Assets/karsiori/TileMap/Tiles/Tilesheet - WOODS_54.asset using Guid(4e2aa78de94672940906049e0b6677b2) Importer(815301076,1909f56bfc062723c751e8b465ee728b) (PreviewImporter) -> (artifact id: 'e26e5ffdc75291a36e43f58e5cce5f14') in 0.0249165 seconds
Number of updated asset objects reloaded before import = 0Number of asset objects unloaded after import = 3

========================================================================
Received Import Request.
  Time since last request: 0.000037 seconds.
  path: Assets/karsiori/TileMap/Tiles/Tilesheet - WOODS_44.asset
  artifactKey: Guid(3177598e71e6e6d4d884518d3f0eeb2e) Importer(815301076,1909f56bfc062723c751e8b465ee728b)
Start importing Assets/karsiori/TileMap/Tiles/Tilesheet - WOODS_44.asset using Guid(3177598e71e6e6d4d884518d3f0eeb2e) Importer(815301076,1909f56bfc062723c751e8b465ee728b) (PreviewImporter) -> (artifact id: '2e03cd2f73a764a0b9e424fe5a5aa5a7') in 0.0293051 seconds
Number of updated asset objects reloaded before import = 0Number of asset objects unloaded after import = 3

========================================================================
Received Import Request.
  Time since last request: 0.000044 seconds.
  path: Assets/karsiori/TileMap/Tiles/Tilesheet - WOODS_26.asset
  artifactKey: Guid(5b1b6f6e234b6f246be8ac8efcf00cbc) Importer(815301076,1909f56bfc062723c751e8b465ee728b)
Start importing Assets/karsiori/TileMap/Tiles/Tilesheet - WOODS_26.asset using Guid(5b1b6f6e234b6f246be8ac8efcf00cbc) Importer(815301076,1909f56bfc062723c751e8b465ee728b) (PreviewImporter) -> (artifact id: 'a2aefb182c9338bcab68576d0b752931') in 0.0250522 seconds
Number of updated asset objects reloaded before import = 0Number of asset objects unloaded after import = 3

========================================================================
Received Import Request.
  Time since last request: 0.000075 seconds.
  path: Assets/karsiori/TileMap/Tiles/Tilesheet - WOODS_56.asset
  artifactKey: Guid(4d4880ae419443a47ad9cdd5b2b0272f) Importer(815301076,1909f56bfc062723c751e8b465ee728b)
Start importing Assets/karsiori/TileMap/Tiles/Tilesheet - WOODS_56.asset using Guid(4d4880ae419443a47ad9cdd5b2b0272f) Importer(815301076,1909f56bfc062723c751e8b465ee728b) (PreviewImporter) -> (artifact id: 'dfcdf34439564f75ba5ced6d90ea920d') in 0.0209749 seconds
Number of updated asset objects reloaded before import = 0Number of asset objects unloaded after import = 3

========================================================================
Received Import Request.
  Time since last request: 0.000045 seconds.
  path: Assets/karsiori/TileMap/Tiles/Tilesheet - WOODS_20.asset
  artifactKey: Guid(a67930f876cbfed41b64d76170a83c9a) Importer(815301076,1909f56bfc062723c751e8b465ee728b)
Start importing Assets/karsiori/TileMap/Tiles/Tilesheet - WOODS_20.asset using Guid(a67930f876cbfed41b64d76170a83c9a) Importer(815301076,1909f56bfc062723c751e8b465ee728b) (PreviewImporter) -> (artifact id: 'c5c1a8b081d7f8354dbc34213933678e') in 0.0267218 seconds
Number of updated asset objects reloaded before import = 0Number of asset objects unloaded after import = 3

========================================================================
Received Import Request.
  Time since last request: 0.000044 seconds.
  path: Assets/karsiori/TileMap/Tiles/Tilesheet - WOODS_62.asset
  artifactKey: Guid(faea2e6c5379be3489f734414daa59f7) Importer(815301076,1909f56bfc062723c751e8b465ee728b)
Start importing Assets/karsiori/TileMap/Tiles/Tilesheet - WOODS_62.asset using Guid(faea2e6c5379be3489f734414daa59f7) Importer(815301076,1909f56bfc062723c751e8b465ee728b) (PreviewImporter) -> (artifact id: 'd14cc99583c51e7e83edd330a94e4efd') in 0.0208966 seconds
Number of updated asset objects reloaded before import = 0Number of asset objects unloaded after import = 3

========================================================================
Received Import Request.
  Time since last request: 0.000059 seconds.
  path: Assets/karsiori/TileMap/Tiles/Tilesheet - WOODS_70.asset
  artifactKey: Guid(0a09e1992de8ed64f916979302ca1b3f) Importer(815301076,1909f56bfc062723c751e8b465ee728b)
Start importing Assets/karsiori/TileMap/Tiles/Tilesheet - WOODS_70.asset using Guid(0a09e1992de8ed64f916979302ca1b3f) Importer(815301076,1909f56bfc062723c751e8b465ee728b) (PreviewImporter) -> (artifact id: '8b8b58f4bd0ea13604b65737e05fd802') in 0.0308993 seconds
Number of updated asset objects reloaded before import = 0Number of asset objects unloaded after import = 3

========================================================================
Received Import Request.
  Time since last request: 0.000036 seconds.
  path: Assets/karsiori/TileMap/Tiles/Tilesheet - WOODS_21.asset
  artifactKey: Guid(f9c7ab8d3aab8cb448dd7810f6cabdb4) Importer(815301076,1909f56bfc062723c751e8b465ee728b)
Start importing Assets/karsiori/TileMap/Tiles/Tilesheet - WOODS_21.asset using Guid(f9c7ab8d3aab8cb448dd7810f6cabdb4) Importer(815301076,1909f56bfc062723c751e8b465ee728b) (PreviewImporter) -> (artifact id: '81e1bc28b04b6fca6cb439174bf9a3b7') in 0.0317932 seconds
Number of updated asset objects reloaded before import = 0Number of asset objects unloaded after import = 3

========================================================================
Received Import Request.
  Time since last request: 0.000164 seconds.
  path: Assets/karsiori/TileMap/Tiles/Tilesheet - WOODS_24.asset
  artifactKey: Guid(c6a266e3ea92b6d4696006347a1c16ad) Importer(815301076,1909f56bfc062723c751e8b465ee728b)
Start importing Assets/karsiori/TileMap/Tiles/Tilesheet - WOODS_24.asset using Guid(c6a266e3ea92b6d4696006347a1c16ad) Importer(815301076,1909f56bfc062723c751e8b465ee728b) (PreviewImporter) -> (artifact id: '5e952ecc6cabb48369fa1b545f8d1b2f') in 0.0341638 seconds
Number of updated asset objects reloaded before import = 0Number of asset objects unloaded after import = 3

========================================================================
Received Import Request.
  Time since last request: 0.000054 seconds.
  path: Assets/karsiori/TileMap/Tiles/Tilesheet - WOODS_52.asset
  artifactKey: Guid(e0776e8f174f6b640b7fa4e9bf1b9187) Importer(815301076,1909f56bfc062723c751e8b465ee728b)
Start importing Assets/karsiori/TileMap/Tiles/Tilesheet - WOODS_52.asset using Guid(e0776e8f174f6b640b7fa4e9bf1b9187) Importer(815301076,1909f56bfc062723c751e8b465ee728b) (PreviewImporter) -> (artifact id: 'c20fe4ef070e2e8f22f58237759f6cb8') in 0.0487124 seconds
Number of updated asset objects reloaded before import = 0Number of asset objects unloaded after import = 3

========================================================================
Received Import Request.
  Time since last request: 0.000056 seconds.
  path: Assets/karsiori/TileMap/Tiles/Tilesheet - WOODS_36.asset
  artifactKey: Guid(6db9757d4de818d4c82ea239822b40b7) Importer(815301076,1909f56bfc062723c751e8b465ee728b)
Start importing Assets/karsiori/TileMap/Tiles/Tilesheet - WOODS_36.asset using Guid(6db9757d4de818d4c82ea239822b40b7) Importer(815301076,1909f56bfc062723c751e8b465ee728b) (PreviewImporter) -> (artifact id: '9ba83358dc0a03563eca08222d618f34') in 0.0331596 seconds
Number of updated asset objects reloaded before import = 0Number of asset objects unloaded after import = 3

========================================================================
Received Import Request.
  Time since last request: 0.000045 seconds.
  path: Assets/karsiori/TileMap/Tiles/Tilesheet - WOODS_39.asset
  artifactKey: Guid(81eca0ad7f8af514cbd33438ee4b4a46) Importer(815301076,1909f56bfc062723c751e8b465ee728b)
Start importing Assets/karsiori/TileMap/Tiles/Tilesheet - WOODS_39.asset using Guid(81eca0ad7f8af514cbd33438ee4b4a46) Importer(815301076,1909f56bfc062723c751e8b465ee728b) (PreviewImporter) -> (artifact id: '6af58544a8f0d1e0f6e038d02b05689a') in 0.0299474 seconds
Number of updated asset objects reloaded before import = 0Number of asset objects unloaded after import = 3

========================================================================
Received Import Request.
  Time since last request: 0.001447 seconds.
  path: Assets/karsiori/TileMap/Tiles/Tilesheet - WOODS_19.asset
  artifactKey: Guid(f32d9e1260cb1dd4caa160ac17b4cafc) Importer(815301076,1909f56bfc062723c751e8b465ee728b)
Start importing Assets/karsiori/TileMap/Tiles/Tilesheet - WOODS_19.asset using Guid(f32d9e1260cb1dd4caa160ac17b4cafc) Importer(815301076,1909f56bfc062723c751e8b465ee728b) (PreviewImporter) -> (artifact id: '43e12d9f988cab0c49ef27b88dc7ca2b') in 0.0374513 seconds
Number of updated asset objects reloaded before import = 0Number of asset objects unloaded after import = 3

========================================================================
Received Import Request.
  Time since last request: 0.000044 seconds.
  path: Assets/karsiori/TileMap/Tiles/Tilesheet - WOODS_43.asset
  artifactKey: Guid(85fa7f3358060554e8cded7c88e2d920) Importer(815301076,1909f56bfc062723c751e8b465ee728b)
Start importing Assets/karsiori/TileMap/Tiles/Tilesheet - WOODS_43.asset using Guid(85fa7f3358060554e8cded7c88e2d920) Importer(815301076,1909f56bfc062723c751e8b465ee728b) (PreviewImporter) -> (artifact id: '739a32bddae4dd898d2ca0b1a3c35536') in 0.0382245 seconds
Number of updated asset objects reloaded before import = 0Number of asset objects unloaded after import = 3

========================================================================
Received Import Request.
  Time since last request: 0.000050 seconds.
  path: Assets/karsiori/TileMap/Tiles/Tilesheet - WOODS_60.asset
  artifactKey: Guid(71635bfc1cb53bd4c93add28d162422f) Importer(815301076,1909f56bfc062723c751e8b465ee728b)
Start importing Assets/karsiori/TileMap/Tiles/Tilesheet - WOODS_60.asset using Guid(71635bfc1cb53bd4c93add28d162422f) Importer(815301076,1909f56bfc062723c751e8b465ee728b) (PreviewImporter) -> (artifact id: 'f091aaba968b733c421ba65ba9b851df') in 0.0367336 seconds
Number of updated asset objects reloaded before import = 0Number of asset objects unloaded after import = 3

========================================================================
Received Import Request.
  Time since last request: 0.000061 seconds.
  path: Assets/karsiori/TileMap/Tiles/Tilesheet - WOODS_16.asset
  artifactKey: Guid(425ac411c33352a489e445a32f1d7a98) Importer(815301076,1909f56bfc062723c751e8b465ee728b)
Start importing Assets/karsiori/TileMap/Tiles/Tilesheet - WOODS_16.asset using Guid(425ac411c33352a489e445a32f1d7a98) Importer(815301076,1909f56bfc062723c751e8b465ee728b) (PreviewImporter) -> (artifact id: 'b4922afab831d36c936914d7d52cec5a') in 0.0546569 seconds
Number of updated asset objects reloaded before import = 0Number of asset objects unloaded after import = 3

========================================================================
Received Import Request.
  Time since last request: 0.000068 seconds.
  path: Assets/karsiori/TileMap/Tiles/Tilesheet - WOODS_66.asset
  artifactKey: Guid(e6b464b9871f4f545a44bd438bd57e12) Importer(815301076,1909f56bfc062723c751e8b465ee728b)
Start importing Assets/karsiori/TileMap/Tiles/Tilesheet - WOODS_66.asset using Guid(e6b464b9871f4f545a44bd438bd57e12) Importer(815301076,1909f56bfc062723c751e8b465ee728b) (PreviewImporter) -> (artifact id: '5848f5f29c216bc196db460559711841') in 0.0513362 seconds
Number of updated asset objects reloaded before import = 0Number of asset objects unloaded after import = 3

========================================================================
Received Import Request.
  Time since last request: 0.000069 seconds.
  path: Assets/karsiori/TileMap/Tiles/Tilesheet - WOODS_64.asset
  artifactKey: Guid(df52d654f80c6f843a559c24812871d6) Importer(815301076,1909f56bfc062723c751e8b465ee728b)
Start importing Assets/karsiori/TileMap/Tiles/Tilesheet - WOODS_64.asset using Guid(df52d654f80c6f843a559c24812871d6) Importer(815301076,1909f56bfc062723c751e8b465ee728b) (PreviewImporter) -> (artifact id: 'b5150d2fe91106f8e3046e5848a44b62') in 0.0347204 seconds
Number of updated asset objects reloaded before import = 0Number of asset objects unloaded after import = 3

========================================================================
Received Import Request.
  Time since last request: 0.000042 seconds.
  path: Assets/karsiori/TileMap/Tiles/Tilesheet - WOODS_22.asset
  artifactKey: Guid(918b83baafdb8df4fb83a2a397fdfb9a) Importer(815301076,1909f56bfc062723c751e8b465ee728b)
Start importing Assets/karsiori/TileMap/Tiles/Tilesheet - WOODS_22.asset using Guid(918b83baafdb8df4fb83a2a397fdfb9a) Importer(815301076,1909f56bfc062723c751e8b465ee728b) (PreviewImporter) -> (artifact id: 'f400475697af1f7a5ae2b2dc691e83d3') in 0.0301254 seconds
Number of updated asset objects reloaded before import = 0Number of asset objects unloaded after import = 3

========================================================================
Received Import Request.
  Time since last request: 0.000064 seconds.
  path: Assets/karsiori/TileMap/Tiles/Tilesheet - WOODS_35.asset
  artifactKey: Guid(82a0ff2832f81a6419401c36942e6ab4) Importer(815301076,1909f56bfc062723c751e8b465ee728b)
Start importing Assets/karsiori/TileMap/Tiles/Tilesheet - WOODS_35.asset using Guid(82a0ff2832f81a6419401c36942e6ab4) Importer(815301076,1909f56bfc062723c751e8b465ee728b) (PreviewImporter) -> (artifact id: '18a17a9f2d83ba6fddbebe6f63b54454') in 0.0308985 seconds
Number of updated asset objects reloaded before import = 0Number of asset objects unloaded after import = 3

========================================================================
Received Import Request.
  Time since last request: 0.000069 seconds.
  path: Assets/karsiori/TileMap/Tiles/Tilesheet - WOODS_58.asset
  artifactKey: Guid(04d699b0e5568554f9e270084254616e) Importer(815301076,1909f56bfc062723c751e8b465ee728b)
Start importing Assets/karsiori/TileMap/Tiles/Tilesheet - WOODS_58.asset using Guid(04d699b0e5568554f9e270084254616e) Importer(815301076,1909f56bfc062723c751e8b465ee728b) (PreviewImporter) -> (artifact id: 'e30aafaa28a5c179ed803763eaa22373') in 0.0399751 seconds
Number of updated asset objects reloaded before import = 0Number of asset objects unloaded after import = 3

========================================================================
Received Import Request.
  Time since last request: 0.000037 seconds.
  path: Assets/karsiori/TileMap/Tiles/Tilesheet - WOODS_51.asset
  artifactKey: Guid(296966da5c3138140967350445d97b05) Importer(815301076,1909f56bfc062723c751e8b465ee728b)
Start importing Assets/karsiori/TileMap/Tiles/Tilesheet - WOODS_51.asset using Guid(296966da5c3138140967350445d97b05) Importer(815301076,1909f56bfc062723c751e8b465ee728b) (PreviewImporter) -> (artifact id: '9f732192a8ff04543d6fd88da9cfeebf') in 0.0326099 seconds
Number of updated asset objects reloaded before import = 0Number of asset objects unloaded after import = 3

========================================================================
Received Import Request.
  Time since last request: 17.227457 seconds.
  path: Packages/com.unity.2d.psdimporter/Editor/Assets/root-red.mat
  artifactKey: Guid(4459fff084dd84526ab8fd5082d2eacb) Importer(815301076,1909f56bfc062723c751e8b465ee728b)
Start importing Packages/com.unity.2d.psdimporter/Editor/Assets/root-red.mat using Guid(4459fff084dd84526ab8fd5082d2eacb) Importer(815301076,1909f56bfc062723c751e8b465ee728b) (PreviewImporter) -> (artifact id: '5f5d9422fff21eeada2f866a67201307') in 0.0539093 seconds
Number of updated asset objects reloaded before import = 0Number of asset objects unloaded after import = 1

========================================================================
Received Import Request.
  Time since last request: 0.000085 seconds.
  path: Packages/com.unity.render-pipelines.universal/Runtime/Materials/SpatialMappingOcclusion.mat
  artifactKey: Guid(b51db210fe78df745a372851b3db949e) Importer(815301076,1909f56bfc062723c751e8b465ee728b)
Start importing Packages/com.unity.render-pipelines.universal/Runtime/Materials/SpatialMappingOcclusion.mat using Guid(b51db210fe78df745a372851b3db949e) Importer(815301076,1909f56bfc062723c751e8b465ee728b) (PreviewImporter) -> (artifact id: '2b418b9edb4dc8865b501da6588bf1eb') in 0.0233436 seconds
Number of updated asset objects reloaded before import = 0Number of asset objects unloaded after import = 1

========================================================================
Received Import Request.
  Time since last request: 0.000042 seconds.
  path: Assets/TextMesh Pro/Shaders/TMP_SDF-HDRP LIT.shadergraph
  artifactKey: Guid(ca2ed216f98028c4dae6c5224a952b3c) Importer(815301076,1909f56bfc062723c751e8b465ee728b)
Start importing Assets/TextMesh Pro/Shaders/TMP_SDF-HDRP LIT.shadergraph using Guid(ca2ed216f98028c4dae6c5224a952b3c) Importer(815301076,1909f56bfc062723c751e8b465ee728b) (PreviewImporter) -> (artifact id: 'a6822d8061b59a36dd5fe0d21ddf442c') in 0.0501499 seconds
Number of updated asset objects reloaded before import = 0Number of asset objects unloaded after import = 2

========================================================================
Received Import Request.
  Time since last request: 0.000031 seconds.
  path: Assets/TextMesh Pro/Shaders/TMP_SDF-URP Unlit.shadergraph
  artifactKey: Guid(124c112a6e8f1a54e8b0870e881b56d8) Importer(815301076,1909f56bfc062723c751e8b465ee728b)
Start importing Assets/TextMesh Pro/Shaders/TMP_SDF-URP Unlit.shadergraph using Guid(124c112a6e8f1a54e8b0870e881b56d8) Importer(815301076,1909f56bfc062723c751e8b465ee728b) (PreviewImporter) -> (artifact id: '5db32847c4ff12835cfb220184b1476b') in 4.3843991 seconds
Number of updated asset objects reloaded before import = 0Number of asset objects unloaded after import = 3

========================================================================
Received Import Request.
  Time since last request: 0.000045 seconds.
  path: Packages/com.unity.render-pipelines.universal/Shaders/FullscreenInvertColors.shadergraph
  artifactKey: Guid(fb6390f650ca44a5ba3246d8dda47927) Importer(815301076,1909f56bfc062723c751e8b465ee728b)
Start importing Packages/com.unity.render-pipelines.universal/Shaders/FullscreenInvertColors.shadergraph using Guid(fb6390f650ca44a5ba3246d8dda47927) Importer(815301076,1909f56bfc062723c751e8b465ee728b) (PreviewImporter) -> (artifact id: '9c6937b3e1de948f3f83ec38c34c949c') in 1.0000316 seconds
Number of updated asset objects reloaded before import = 0Number of asset objects unloaded after import = 2

========================================================================
Received Import Request.
  Time since last request: 0.000059 seconds.
  path: Packages/com.unity.render-pipelines.universal/Runtime/Materials/TerrainLit.mat
  artifactKey: Guid(594ea882c5a793440b60ff72d896021e) Importer(815301076,1909f56bfc062723c751e8b465ee728b)
Start importing Packages/com.unity.render-pipelines.universal/Runtime/Materials/TerrainLit.mat using Guid(594ea882c5a793440b60ff72d896021e) Importer(815301076,1909f56bfc062723c751e8b465ee728b) (PreviewImporter) -> (artifact id: '3d277323de2e2c314ff7330315d2a9d2') in 0.6253772 seconds
Number of updated asset objects reloaded before import = 0Number of asset objects unloaded after import = 0

========================================================================
Received Import Request.
  Time since last request: 0.000037 seconds.
  path: Packages/com.unity.render-pipelines.universal/Runtime/Materials/Sprite-Unlit-Default.mat
  artifactKey: Guid(9dfc825aed78fcd4ba02077103263b40) Importer(815301076,1909f56bfc062723c751e8b465ee728b)
Start importing Packages/com.unity.render-pipelines.universal/Runtime/Materials/Sprite-Unlit-Default.mat using Guid(9dfc825aed78fcd4ba02077103263b40) Importer(815301076,1909f56bfc062723c751e8b465ee728b) (PreviewImporter) -> (artifact id: 'e52c73d82869ba33a7903da204d3364e') in 0.0137798 seconds
Number of updated asset objects reloaded before import = 0Number of asset objects unloaded after import = 0

========================================================================
Received Import Request.
  Time since last request: 0.000044 seconds.
  path: Assets/TextMesh Pro/Resources/Fonts & Materials/LiberationSans SDF - Fallback.asset
  artifactKey: Guid(2e498d1c8094910479dc3e1b768306a4) Importer(815301076,1909f56bfc062723c751e8b465ee728b)
Start importing Assets/TextMesh Pro/Resources/Fonts & Materials/LiberationSans SDF - Fallback.asset using Guid(2e498d1c8094910479dc3e1b768306a4) Importer(815301076,1909f56bfc062723c751e8b465ee728b) (PreviewImporter) -> (artifact id: '6dffac563a62ce2438861c36894ced2d') in 0.1035774 seconds
Number of updated asset objects reloaded before import = 0Number of asset objects unloaded after import = 6

========================================================================
Received Import Request.
  Time since last request: 0.000042 seconds.
  path: Assets/Modern GDR - Free icons pack/01_Demo/Font/IbarraRealNova-SemiBold SDF.asset
  artifactKey: Guid(e719f61ab042ac94baf4b2e494f26531) Importer(815301076,1909f56bfc062723c751e8b465ee728b)
Start importing Assets/Modern GDR - Free icons pack/01_Demo/Font/IbarraRealNova-SemiBold SDF.asset using Guid(e719f61ab042ac94baf4b2e494f26531) Importer(815301076,1909f56bfc062723c751e8b465ee728b) (PreviewImporter) -> (artifact id: '07acf60567310562c69539183981b0cc') in 0.0830928 seconds
Number of updated asset objects reloaded before import = 0Number of asset objects unloaded after import = 6

========================================================================
Received Import Request.
  Time since last request: 0.000055 seconds.
  path: Packages/com.unity.render-pipelines.universal/Editor/SceneTemplates/Standard/Materials/Ground.mat
  artifactKey: Guid(761d8e1f988ed2345a28312145c79c6e) Importer(815301076,1909f56bfc062723c751e8b465ee728b)
Start importing Packages/com.unity.render-pipelines.universal/Editor/SceneTemplates/Standard/Materials/Ground.mat using Guid(761d8e1f988ed2345a28312145c79c6e) Importer(815301076,1909f56bfc062723c751e8b465ee728b) (PreviewImporter) -> (artifact id: '03feddb1400217c74ed39212f1d89cdd') in 0.051298 seconds
Number of updated asset objects reloaded before import = 0Number of asset objects unloaded after import = 1

========================================================================
Received Import Request.
  Time since last request: 0.000050 seconds.
  path: Assets/Fantasy Skybox FREE/Panoramics/FS017/FS017_Snowy.mat
  artifactKey: Guid(24d76106ebc1bd947a3fed862f899b82) Importer(815301076,1909f56bfc062723c751e8b465ee728b)
Start importing Assets/Fantasy Skybox FREE/Panoramics/FS017/FS017_Snowy.mat using Guid(24d76106ebc1bd947a3fed862f899b82) Importer(815301076,1909f56bfc062723c751e8b465ee728b) (PreviewImporter) -> (artifact id: '7aefb237df57bbaea50df45372b14f35') in 0.2196648 seconds
Number of updated asset objects reloaded before import = 0Number of asset objects unloaded after import = 2

========================================================================
Received Import Request.
  Time since last request: 0.000047 seconds.
  path: Packages/com.unity.2d.psdimporter/Editor/Assets/root-green.mat
  artifactKey: Guid(bc6da4580f5514e458fe5def87e138be) Importer(815301076,1909f56bfc062723c751e8b465ee728b)
Start importing Packages/com.unity.2d.psdimporter/Editor/Assets/root-green.mat using Guid(bc6da4580f5514e458fe5def87e138be) Importer(815301076,1909f56bfc062723c751e8b465ee728b) (PreviewImporter) -> (artifact id: '01ffc009e8bb58d04f7941078beba25a') in 0.0256384 seconds
Number of updated asset objects reloaded before import = 0Number of asset objects unloaded after import = 1

========================================================================
Received Import Request.
  Time since last request: 0.000059 seconds.
  path: Assets/TextMesh Pro/Resources/Fonts & Materials/LiberationSans SDF - Drop Shadow.mat
  artifactKey: Guid(e73a58f6e2794ae7b1b7e50b7fb811b0) Importer(815301076,1909f56bfc062723c751e8b465ee728b)
Start importing Assets/TextMesh Pro/Resources/Fonts & Materials/LiberationSans SDF - Drop Shadow.mat using Guid(e73a58f6e2794ae7b1b7e50b7fb811b0) Importer(815301076,1909f56bfc062723c751e8b465ee728b) (PreviewImporter) -> (artifact id: 'ebdca4cd73d167ada9f0f27965e44a29') in 0.1436843 seconds
Number of updated asset objects reloaded before import = 0Number of asset objects unloaded after import = 2

========================================================================
Received Import Request.
  Time since last request: 0.000055 seconds.
  path: Assets/TextMesh Pro/Resources/Fonts & Materials/LiberationSans SDF.asset
  artifactKey: Guid(8f586378b4e144a9851e7b34d9b748ee) Importer(815301076,1909f56bfc062723c751e8b465ee728b)
Start importing Assets/TextMesh Pro/Resources/Fonts & Materials/LiberationSans SDF.asset using Guid(8f586378b4e144a9851e7b34d9b748ee) Importer(815301076,1909f56bfc062723c751e8b465ee728b) (PreviewImporter) -> (artifact id: '2934ef025a164459eb34d9d36ebbff99') in 0.0699571 seconds
Number of updated asset objects reloaded before import = 0Number of asset objects unloaded after import = 9

========================================================================
Received Import Request.
  Time since last request: 0.000047 seconds.
  path: Assets/Modern GDR - Free icons pack/01_Demo/Font/Jost-Regular SDF.asset
  artifactKey: Guid(7889dfadaf64a074d957dcce878fa38d) Importer(815301076,1909f56bfc062723c751e8b465ee728b)
Start importing Assets/Modern GDR - Free icons pack/01_Demo/Font/Jost-Regular SDF.asset using Guid(7889dfadaf64a074d957dcce878fa38d) Importer(815301076,1909f56bfc062723c751e8b465ee728b) (PreviewImporter) -> (artifact id: '18f42a5d8e8ec1e199dca52a18d24a65') in 0.0818621 seconds
Number of updated asset objects reloaded before import = 0Number of asset objects unloaded after import = 6

========================================================================
Received Import Request.
  Time since last request: 0.000029 seconds.
  path: Assets/TextMesh Pro/Shaders/TMP_SDF-URP Lit.shadergraph
  artifactKey: Guid(a3d800b099a06e0478fb790c5e79057a) Importer(815301076,1909f56bfc062723c751e8b465ee728b)
Start importing Assets/TextMesh Pro/Shaders/TMP_SDF-URP Lit.shadergraph using Guid(a3d800b099a06e0478fb790c5e79057a) Importer(815301076,1909f56bfc062723c751e8b465ee728b) (PreviewImporter) -> (artifact id: '6aec03f67e0879e7ee6bf731443425fb') in 1.0134651 seconds
Number of updated asset objects reloaded before import = 0Number of asset objects unloaded after import = 3

========================================================================
Received Import Request.
  Time since last request: 0.000103 seconds.
  path: Packages/com.unity.render-pipelines.universal/Shaders/Nature/SpeedTree8_PBRLit.shadergraph
  artifactKey: Guid(9920c1f1781549a46ba081a2a15a16ec) Importer(815301076,1909f56bfc062723c751e8b465ee728b)
Start importing Packages/com.unity.render-pipelines.universal/Shaders/Nature/SpeedTree8_PBRLit.shadergraph using Guid(9920c1f1781549a46ba081a2a15a16ec) Importer(815301076,1909f56bfc062723c751e8b465ee728b) (PreviewImporter) -> (artifact id: 'b89038944a372d9ed7ac5c64b5750d26') in 1.6662061 seconds
Number of updated asset objects reloaded before import = 0Number of asset objects unloaded after import = 0

========================================================================
Received Import Request.
  Time since last request: 0.000042 seconds.
  path: Packages/com.unity.render-pipelines.universal/Runtime/Materials/SpatialMappingWireframe.mat
  artifactKey: Guid(9875a245ac49007498213638a307faa1) Importer(815301076,1909f56bfc062723c751e8b465ee728b)
Start importing Packages/com.unity.render-pipelines.universal/Runtime/Materials/SpatialMappingWireframe.mat using Guid(9875a245ac49007498213638a307faa1) Importer(815301076,1909f56bfc062723c751e8b465ee728b) (PreviewImporter) -> (artifact id: '16f31bbe36aece2dd5b0fbe42a876974') in 0.0347059 seconds
Number of updated asset objects reloaded before import = 0Number of asset objects unloaded after import = 1

========================================================================
Received Import Request.
  Time since last request: 0.000059 seconds.
  path: Assets/TextMesh Pro/Shaders/TMP_SDF-HDRP UNLIT.shadergraph
  artifactKey: Guid(f63d574838ccfb44f84acc05fed0af48) Importer(815301076,1909f56bfc062723c751e8b465ee728b)
Start importing Assets/TextMesh Pro/Shaders/TMP_SDF-HDRP UNLIT.shadergraph using Guid(f63d574838ccfb44f84acc05fed0af48) Importer(815301076,1909f56bfc062723c751e8b465ee728b) (PreviewImporter) -> (artifact id: '5afe5b860980c56c0c0d116658443a51') in 0.0275042 seconds
Number of updated asset objects reloaded before import = 0Number of asset objects unloaded after import = 2

========================================================================
Received Import Request.
  Time since last request: 37.945513 seconds.
  path: Assets/GameInputControllerIconsFree/keyboard/keyboard-outlined/m.png
  artifactKey: Guid(65cf642839799114eb6bcbbca9b8f793) Importer(815301076,1909f56bfc062723c751e8b465ee728b)
Start importing Assets/GameInputControllerIconsFree/keyboard/keyboard-outlined/m.png using Guid(65cf642839799114eb6bcbbca9b8f793) Importer(815301076,1909f56bfc062723c751e8b465ee728b) (PreviewImporter) -> (artifact id: 'ae423d6e2aab3163b2c15d7337e424a0') in 0.0473615 seconds
Number of updated asset objects reloaded before import = 1Number of asset objects unloaded after import = 3

========================================================================
Received Import Request.
  Time since last request: 0.000151 seconds.
  path: Assets/GameInputControllerIconsFree/keyboard/keyboard-solid/mac.png
  artifactKey: Guid(8058c6688488249498875b3d1e19e124) Importer(815301076,1909f56bfc062723c751e8b465ee728b)
Start importing Assets/GameInputControllerIconsFree/keyboard/keyboard-solid/mac.png using Guid(8058c6688488249498875b3d1e19e124) Importer(815301076,1909f56bfc062723c751e8b465ee728b) (PreviewImporter) -> (artifact id: '5d4b1c8a20b9391cb5b7c6625a65bfe5') in 0.0385113 seconds
Number of updated asset objects reloaded before import = 0Number of asset objects unloaded after import = 3

========================================================================
Received Import Request.
  Time since last request: 63.375361 seconds.
  path: Assets/GameInputControllerIconsFree/keyboard
  artifactKey: Guid(0f4f9055f6b29c34bb66b798b9bc385d) Importer(815301076,1909f56bfc062723c751e8b465ee728b)
Start importing Assets/GameInputControllerIconsFree/keyboard using Guid(0f4f9055f6b29c34bb66b798b9bc385d) Importer(815301076,1909f56bfc062723c751e8b465ee728b) (PreviewImporter) -> (artifact id: '98bc291e7e7671048dfa2160c9c032c0') in 0.0008246 seconds
Number of updated asset objects reloaded before import = 0Number of asset objects unloaded after import = 0

========================================================================
Received Import Request.
  Time since last request: 0.712262 seconds.
  path: Assets/GameInputControllerIconsFree/keyboard/keyboard-outlined
  artifactKey: Guid(34fcfd1981a6a3a42bb13474455b4177) Importer(815301076,1909f56bfc062723c751e8b465ee728b)
Start importing Assets/GameInputControllerIconsFree/keyboard/keyboard-outlined using Guid(34fcfd1981a6a3a42bb13474455b4177) Importer(815301076,1909f56bfc062723c751e8b465ee728b) (PreviewImporter) -> (artifact id: '3be40837e2152131e09b37923501e7bb') in 0.0007795 seconds
Number of updated asset objects reloaded before import = 0Number of asset objects unloaded after import = 0

========================================================================
Received Import Request.
  Time since last request: 0.056044 seconds.
  path: Assets/GameInputControllerIconsFree/keyboard/keyboard-outlined/0.png
  artifactKey: Guid(ad7c4131e1bbc5a42965337c577605b5) Importer(815301076,1909f56bfc062723c751e8b465ee728b)
Start importing Assets/GameInputControllerIconsFree/keyboard/keyboard-outlined/0.png using Guid(ad7c4131e1bbc5a42965337c577605b5) Importer(815301076,1909f56bfc062723c751e8b465ee728b) (PreviewImporter) -> (artifact id: 'cbd51a9c22ed5918e27543ffdcf050a1') in 0.0240602 seconds
Number of updated asset objects reloaded before import = 0Number of asset objects unloaded after import = 3

========================================================================
Received Import Request.
  Time since last request: 0.000028 seconds.
  path: Assets/GameInputControllerIconsFree/keyboard/keyboard-outlined/2.png
  artifactKey: Guid(a39b165706d3e694e80f13338cdd537f) Importer(815301076,1909f56bfc062723c751e8b465ee728b)
Start importing Assets/GameInputControllerIconsFree/keyboard/keyboard-outlined/2.png using Guid(a39b165706d3e694e80f13338cdd537f) Importer(815301076,1909f56bfc062723c751e8b465ee728b) (PreviewImporter) -> (artifact id: '76b37778a6134cd8ac47807519c4e9d2') in 0.0266988 seconds
Number of updated asset objects reloaded before import = 0Number of asset objects unloaded after import = 3

========================================================================
Received Import Request.
  Time since last request: 0.000030 seconds.
  path: Assets/GameInputControllerIconsFree/keyboard/keyboard-outlined/4.png
  artifactKey: Guid(b0409c7d7f0dce44a80dbbf354691d67) Importer(815301076,1909f56bfc062723c751e8b465ee728b)
Start importing Assets/GameInputControllerIconsFree/keyboard/keyboard-outlined/4.png using Guid(b0409c7d7f0dce44a80dbbf354691d67) Importer(815301076,1909f56bfc062723c751e8b465ee728b) (PreviewImporter) -> (artifact id: '9bd821857dbbd29ffc94797911211f52') in 0.0292019 seconds
Number of updated asset objects reloaded before import = 0Number of asset objects unloaded after import = 3

========================================================================
Received Import Request.
  Time since last request: 0.000046 seconds.
  path: Assets/GameInputControllerIconsFree/keyboard/keyboard-outlined/6.png
  artifactKey: Guid(8d35b7198bd51e44381eb267c7bc1579) Importer(815301076,1909f56bfc062723c751e8b465ee728b)
Start importing Assets/GameInputControllerIconsFree/keyboard/keyboard-outlined/6.png using Guid(8d35b7198bd51e44381eb267c7bc1579) Importer(815301076,1909f56bfc062723c751e8b465ee728b) (PreviewImporter) -> (artifact id: 'f3206c3121c53def575223e659b07678') in 0.0298872 seconds
Number of updated asset objects reloaded before import = 0Number of asset objects unloaded after import = 3

========================================================================
Received Import Request.
  Time since last request: 0.032349 seconds.
  path: Assets/GameInputControllerIconsFree/keyboard/keyboard-outlined/8.png
  artifactKey: Guid(53afce4c5f5e5ab43b5e59bb7f58554f) Importer(815301076,1909f56bfc062723c751e8b465ee728b)
Start importing Assets/GameInputControllerIconsFree/keyboard/keyboard-outlined/8.png using Guid(53afce4c5f5e5ab43b5e59bb7f58554f) Importer(815301076,1909f56bfc062723c751e8b465ee728b) (PreviewImporter) -> (artifact id: '8b331bdea2e2bc0163eed3d43360d48a') in 0.0430954 seconds
Number of updated asset objects reloaded before import = 0Number of asset objects unloaded after import = 3

========================================================================
Received Import Request.
  Time since last request: 0.000044 seconds.
  path: Assets/GameInputControllerIconsFree/keyboard/keyboard-outlined/a.png
  artifactKey: Guid(f1dbccfd651b49a438d4645df3ba4062) Importer(815301076,1909f56bfc062723c751e8b465ee728b)
Start importing Assets/GameInputControllerIconsFree/keyboard/keyboard-outlined/a.png using Guid(f1dbccfd651b49a438d4645df3ba4062) Importer(815301076,1909f56bfc062723c751e8b465ee728b) (PreviewImporter) -> (artifact id: '25298d746159f14ac4d59f765b700eee') in 0.0440514 seconds
Number of updated asset objects reloaded before import = 0Number of asset objects unloaded after import = 3

========================================================================
Received Import Request.
  Time since last request: 0.042043 seconds.
  path: Assets/GameInputControllerIconsFree/keyboard/keyboard-outlined/arrow-down.png
  artifactKey: Guid(e75ac8c35380caa44ab7ecbadcfaeb45) Importer(815301076,1909f56bfc062723c751e8b465ee728b)
Start importing Assets/GameInputControllerIconsFree/keyboard/keyboard-outlined/arrow-down.png using Guid(e75ac8c35380caa44ab7ecbadcfaeb45) Importer(815301076,1909f56bfc062723c751e8b465ee728b) (PreviewImporter) -> (artifact id: 'eaced4db58a0e36d8575f7a2f97e466b') in 0.0490675 seconds
Number of updated asset objects reloaded before import = 0Number of asset objects unloaded after import = 3

========================================================================
Received Import Request.
  Time since last request: 0.000038 seconds.
  path: Assets/GameInputControllerIconsFree/keyboard/keyboard-outlined/arrow-right.png
  artifactKey: Guid(fc7cc6af66ebe0840921aa4ea7253660) Importer(815301076,1909f56bfc062723c751e8b465ee728b)
Start importing Assets/GameInputControllerIconsFree/keyboard/keyboard-outlined/arrow-right.png using Guid(fc7cc6af66ebe0840921aa4ea7253660) Importer(815301076,1909f56bfc062723c751e8b465ee728b) (PreviewImporter) -> (artifact id: '686d45a613e199719f882dc0ad03b0b0') in 0.0374944 seconds
Number of updated asset objects reloaded before import = 0Number of asset objects unloaded after import = 3

========================================================================
Received Import Request.
  Time since last request: 0.675362 seconds.
  path: Assets/GameInputControllerIconsFree/keyboard/keyboard-outlined/arrow-up.png
  artifactKey: Guid(764669c5ed0537147b335cdb4ee888e3) Importer(815301076,1909f56bfc062723c751e8b465ee728b)
Start importing Assets/GameInputControllerIconsFree/keyboard/keyboard-outlined/arrow-up.png using Guid(764669c5ed0537147b335cdb4ee888e3) Importer(815301076,1909f56bfc062723c751e8b465ee728b) (PreviewImporter) -> (artifact id: 'c2d1d4f105ca1d4ecb72d39d139e0a07') in 0.021013 seconds
Number of updated asset objects reloaded before import = 0Number of asset objects unloaded after import = 3

========================================================================
Received Import Request.
  Time since last request: 0.079348 seconds.
  path: Assets/GameInputControllerIconsFree/keyboard/keyboard-outlined/backspace.png
  artifactKey: Guid(d9f0f483301152f40ae5ec626728cbf1) Importer(815301076,1909f56bfc062723c751e8b465ee728b)
Start importing Assets/GameInputControllerIconsFree/keyboard/keyboard-outlined/backspace.png using Guid(d9f0f483301152f40ae5ec626728cbf1) Importer(815301076,1909f56bfc062723c751e8b465ee728b) (PreviewImporter) -> (artifact id: '2f5480a14529f3ba26648033e34b28ab') in 0.0630256 seconds
Number of updated asset objects reloaded before import = 0Number of asset objects unloaded after import = 3

========================================================================
Received Import Request.
  Time since last request: 0.001930 seconds.
  path: Assets/GameInputControllerIconsFree/keyboard/keyboard-outlined/backward-slash.png
  artifactKey: Guid(9a78e608c946c5748a0aa2573ca5c92c) Importer(815301076,1909f56bfc062723c751e8b465ee728b)
Start importing Assets/GameInputControllerIconsFree/keyboard/keyboard-outlined/backward-slash.png using Guid(9a78e608c946c5748a0aa2573ca5c92c) Importer(815301076,1909f56bfc062723c751e8b465ee728b) (PreviewImporter) -> (artifact id: 'd65ad361e6a191c367b0dc2c28bca719') in 0.0759599 seconds
Number of updated asset objects reloaded before import = 0Number of asset objects unloaded after import = 3

========================================================================
Received Import Request.
  Time since last request: 0.014595 seconds.
  path: Assets/GameInputControllerIconsFree/keyboard/keyboard-outlined/bracket-open.png
  artifactKey: Guid(17fd2ec0d5c6c5146ab3b7044c96c1ba) Importer(815301076,1909f56bfc062723c751e8b465ee728b)
Start importing Assets/GameInputControllerIconsFree/keyboard/keyboard-outlined/bracket-open.png using Guid(17fd2ec0d5c6c5146ab3b7044c96c1ba) Importer(815301076,1909f56bfc062723c751e8b465ee728b) (PreviewImporter) -> (artifact id: '441a7721b2ccaf5c5d6154325418d023') in 0.0512623 seconds
Number of updated asset objects reloaded before import = 0Number of asset objects unloaded after import = 3

========================================================================
Received Import Request.
  Time since last request: 0.000046 seconds.
  path: Assets/GameInputControllerIconsFree/keyboard/keyboard-outlined/caps.png
  artifactKey: Guid(970682f19fa162540b26246d19dab2af) Importer(815301076,1909f56bfc062723c751e8b465ee728b)
Start importing Assets/GameInputControllerIconsFree/keyboard/keyboard-outlined/caps.png using Guid(970682f19fa162540b26246d19dab2af) Importer(815301076,1909f56bfc062723c751e8b465ee728b) (PreviewImporter) -> (artifact id: 'bf81f59b0f7a1a0fa2bc6bce5053eec0') in 0.0264167 seconds
Number of updated asset objects reloaded before import = 0Number of asset objects unloaded after import = 3

========================================================================
Received Import Request.
  Time since last request: 0.002445 seconds.
  path: Assets/GameInputControllerIconsFree/keyboard/keyboard-outlined/context.png
  artifactKey: Guid(b7e153ea9b434934998df216d89b111d) Importer(815301076,1909f56bfc062723c751e8b465ee728b)
Start importing Assets/GameInputControllerIconsFree/keyboard/keyboard-outlined/context.png using Guid(b7e153ea9b434934998df216d89b111d) Importer(815301076,1909f56bfc062723c751e8b465ee728b) (PreviewImporter) -> (artifact id: '232a1c73dc9c11d90491d9ff03168b6d') in 0.0258436 seconds
Number of updated asset objects reloaded before import = 0Number of asset objects unloaded after import = 3

========================================================================
Received Import Request.
  Time since last request: 0.001698 seconds.
  path: Assets/GameInputControllerIconsFree/keyboard/keyboard-outlined/d.png
  artifactKey: Guid(56f1002c9c66c894cb96ca4fb7172c97) Importer(815301076,1909f56bfc062723c751e8b465ee728b)
Start importing Assets/GameInputControllerIconsFree/keyboard/keyboard-outlined/d.png using Guid(56f1002c9c66c894cb96ca4fb7172c97) Importer(815301076,1909f56bfc062723c751e8b465ee728b) (PreviewImporter) -> (artifact id: 'a91c0ec33fd25f039520c02624dc1792') in 0.0247212 seconds
Number of updated asset objects reloaded before import = 0Number of asset objects unloaded after import = 3

========================================================================
Received Import Request.
  Time since last request: 0.000053 seconds.
  path: Assets/GameInputControllerIconsFree/keyboard/keyboard-outlined/dot.png
  artifactKey: Guid(150758e60f5cbbb45a99141d87d835d7) Importer(815301076,1909f56bfc062723c751e8b465ee728b)
Start importing Assets/GameInputControllerIconsFree/keyboard/keyboard-outlined/dot.png using Guid(150758e60f5cbbb45a99141d87d835d7) Importer(815301076,1909f56bfc062723c751e8b465ee728b) (PreviewImporter) -> (artifact id: '2ce84e003fdb0fbbc3d08bcaf51d6187') in 0.0279505 seconds
Number of updated asset objects reloaded before import = 0Number of asset objects unloaded after import = 3

========================================================================
Received Import Request.
  Time since last request: 0.000060 seconds.
  path: Assets/GameInputControllerIconsFree/keyboard/keyboard-outlined/end.png
  artifactKey: Guid(baea5e6dba4d34440859ef5d7e150cc9) Importer(815301076,1909f56bfc062723c751e8b465ee728b)
Start importing Assets/GameInputControllerIconsFree/keyboard/keyboard-outlined/end.png using Guid(baea5e6dba4d34440859ef5d7e150cc9) Importer(815301076,1909f56bfc062723c751e8b465ee728b) (PreviewImporter) -> (artifact id: '48e85f2c54939df71a4423f4eeaad28c') in 0.0555912 seconds
Number of updated asset objects reloaded before import = 0Number of asset objects unloaded after import = 3

========================================================================
Received Import Request.
  Time since last request: 0.000055 seconds.
  path: Assets/GameInputControllerIconsFree/keyboard/keyboard-outlined/equals.png
  artifactKey: Guid(240d55482c4e2714f8af1e77fb4a4a02) Importer(815301076,1909f56bfc062723c751e8b465ee728b)
Start importing Assets/GameInputControllerIconsFree/keyboard/keyboard-outlined/equals.png using Guid(240d55482c4e2714f8af1e77fb4a4a02) Importer(815301076,1909f56bfc062723c751e8b465ee728b) (PreviewImporter) -> (artifact id: 'a8bc02fac7bc44260f1194017f871037') in 0.0442904 seconds
Number of updated asset objects reloaded before import = 0Number of asset objects unloaded after import = 3

========================================================================
Received Import Request.
  Time since last request: 0.000038 seconds.
  path: Assets/GameInputControllerIconsFree/keyboard/keyboard-outlined/esc.png
  artifactKey: Guid(7234c366470cb9c4fb697c1050f78628) Importer(815301076,1909f56bfc062723c751e8b465ee728b)
Start importing Assets/GameInputControllerIconsFree/keyboard/keyboard-outlined/esc.png using Guid(7234c366470cb9c4fb697c1050f78628) Importer(815301076,1909f56bfc062723c751e8b465ee728b) (PreviewImporter) -> (artifact id: 'a05fb80f2f562bca1a2c0cc0fb325211') in 0.0497866 seconds
Number of updated asset objects reloaded before import = 0Number of asset objects unloaded after import = 3

========================================================================
Received Import Request.
  Time since last request: 2.233325 seconds.
  path: Assets/GameInputControllerIconsFree/keyboard/keyboard-outlined/f1.png
  artifactKey: Guid(b473289baf3c3cd4388982762a643b3b) Importer(815301076,1909f56bfc062723c751e8b465ee728b)
Start importing Assets/GameInputControllerIconsFree/keyboard/keyboard-outlined/f1.png using Guid(b473289baf3c3cd4388982762a643b3b) Importer(815301076,1909f56bfc062723c751e8b465ee728b) (PreviewImporter) -> (artifact id: '21d263c13efa9686238155c61a9d5bcc') in 0.0248143 seconds
Number of updated asset objects reloaded before import = 0Number of asset objects unloaded after import = 3

========================================================================
Received Prepare
Refreshing native plugins compatible for Editor in 4.07 ms, found 4 plugins.
Preloading 0 native plugins for Editor in 0.00 ms.
Unloading 16 Unused Serialized files (Serialized files now loaded: 0)
Unloading 6578 unused Assets / (4.7 MB). Loaded Objects now: 7504.
Memory consumption went from 156.3 MB to 151.6 MB.
Total: 24.792100 ms (FindLiveObjects: 2.193500 ms CreateObjectMapping: 1.816800 ms MarkObjects: 15.773100 ms  DeleteObjects: 5.006500 ms)

Prepare: number of updated asset objects reloaded= 0
========================================================================
Received Import Request.
  Time since last request: 308.516053 seconds.
  path: Assets/Script/Player/PlayerInventory.cs
  artifactKey: Guid(cafc89fc229d5434e98620d3e9eab533) Importer(815301076,1909f56bfc062723c751e8b465ee728b)
Start importing Assets/Script/Player/PlayerInventory.cs using Guid(cafc89fc229d5434e98620d3e9eab533) Importer(815301076,1909f56bfc062723c751e8b465ee728b) (PreviewImporter) -> (artifact id: '5277d48f36c23c4717ab576f98296bb7') in 0.0099341 seconds
Number of updated asset objects reloaded before import = 0Number of asset objects unloaded after import = 0

========================================================================
Received Prepare
Begin MonoManager ReloadAssembly
- Loaded All Assemblies, in  1.656 seconds
Refreshing native plugins compatible for Editor in 5.10 ms, found 4 plugins.
Native extension for Android target not found
Native extension for WindowsStandalone target not found
Mono: successfully reloaded assembly
- Finished resetting the current domain, in  3.274 seconds
Domain Reload Profiling: 4932ms
	BeginReloadAssembly (534ms)
		ExecutionOrderSort (0ms)
		DisableScriptedObjects (42ms)
		BackupInstance (0ms)
		ReleaseScriptingObjects (0ms)
		CreateAndSetChildDomain (121ms)
	RebuildCommonClasses (76ms)
	RebuildNativeTypeToScriptingClass (23ms)
	initialDomainReloadingComplete (58ms)
	LoadAllAssembliesAndSetupDomain (964ms)
		LoadAssemblies (831ms)
		RebuildTransferFunctionScriptingTraits (0ms)
		AnalyzeDomain (424ms)
			TypeCache.Refresh (18ms)
				TypeCache.ScanAssembly (0ms)
			BuildScriptInfoCaches (377ms)
			ResolveRequiredComponents (21ms)
	FinalizeReload (3275ms)
		ReleaseScriptCaches (0ms)
		RebuildScriptCaches (0ms)
		SetupLoadedEditorAssemblies (2722ms)
			LogAssemblyErrors (0ms)
			InitializePlatformSupportModulesInManaged (53ms)
			SetLoadedEditorAssemblies (15ms)
			BeforeProcessingInitializeOnLoad (361ms)
			ProcessInitializeOnLoadAttributes (1996ms)
			ProcessInitializeOnLoadMethodAttributes (271ms)
			AfterProcessingInitializeOnLoad (26ms)
			EditorAssembliesLoaded (1ms)
		ExecutionOrderSort2 (0ms)
		AwakeInstancesAfterBackupRestoration (73ms)
Refreshing native plugins compatible for Editor in 9.46 ms, found 4 plugins.
Preloading 0 native plugins for Editor in 0.00 ms.
Unloading 13 Unused Serialized files (Serialized files now loaded: 0)
Unloading 6578 unused Assets / (4.1 MB). Loaded Objects now: 7405.
Memory consumption went from 154.8 MB to 150.7 MB.
Total: 31.233200 ms (FindLiveObjects: 1.496500 ms CreateObjectMapping: 2.851700 ms MarkObjects: 20.862000 ms  DeleteObjects: 6.021000 ms)

Prepare: number of updated asset objects reloaded= 0
========================================================================
Received Import Request.
  Time since last request: 47.288041 seconds.
  path: Assets/Script/Player/PlayerInventory.cs
  artifactKey: Guid(cafc89fc229d5434e98620d3e9eab533) Importer(815301076,1909f56bfc062723c751e8b465ee728b)
Start importing Assets/Script/Player/PlayerInventory.cs using Guid(cafc89fc229d5434e98620d3e9eab533) Importer(815301076,1909f56bfc062723c751e8b465ee728b) (PreviewImporter) -> (artifact id: 'cb591d202dec9e3594f6cdfa592c1907') in 0.0212188 seconds
Number of updated asset objects reloaded before import = 0Number of asset objects unloaded after import = 0

========================================================================
Received Prepare
Refreshing native plugins compatible for Editor in 5.36 ms, found 4 plugins.
Preloading 0 native plugins for Editor in 0.00 ms.
Unloading 13 Unused Serialized files (Serialized files now loaded: 0)
Unloading 6568 unused Assets / (4.4 MB). Loaded Objects now: 7406.
Memory consumption went from 154.8 MB to 150.4 MB.
Total: 32.125100 ms (FindLiveObjects: 3.800800 ms CreateObjectMapping: 4.342300 ms MarkObjects: 18.816600 ms  DeleteObjects: 5.163400 ms)

Prepare: number of updated asset objects reloaded= 0
========================================================================
Received Prepare
Begin MonoManager ReloadAssembly
- Loaded All Assemblies, in  7.689 seconds
Refreshing native plugins compatible for Editor in 10.04 ms, found 4 plugins.
Native extension for Android target not found
Native extension for WindowsStandalone target not found
Mono: successfully reloaded assembly
- Finished resetting the current domain, in 16.494 seconds
Domain Reload Profiling: 24182ms
	BeginReloadAssembly (605ms)
		ExecutionOrderSort (0ms)
		DisableScriptedObjects (29ms)
		BackupInstance (0ms)
		ReleaseScriptingObjects (0ms)
		CreateAndSetChildDomain (122ms)
	RebuildCommonClasses (166ms)
	RebuildNativeTypeToScriptingClass (39ms)
	initialDomainReloadingComplete (100ms)
	LoadAllAssembliesAndSetupDomain (6778ms)
		LoadAssemblies (6362ms)
		RebuildTransferFunctionScriptingTraits (0ms)
		AnalyzeDomain (793ms)
			TypeCache.Refresh (30ms)
				TypeCache.ScanAssembly (1ms)
			BuildScriptInfoCaches (716ms)
			ResolveRequiredComponents (38ms)
	FinalizeReload (16495ms)
		ReleaseScriptCaches (0ms)
		RebuildScriptCaches (0ms)
		SetupLoadedEditorAssemblies (4327ms)
			LogAssemblyErrors (0ms)
			InitializePlatformSupportModulesInManaged (99ms)
			SetLoadedEditorAssemblies (24ms)
			BeforeProcessingInitializeOnLoad (1107ms)
			ProcessInitializeOnLoadAttributes (2657ms)
			ProcessInitializeOnLoadMethodAttributes (420ms)
			AfterProcessingInitializeOnLoad (19ms)
			EditorAssembliesLoaded (1ms)
		ExecutionOrderSort2 (0ms)
		AwakeInstancesAfterBackupRestoration (528ms)
Refreshing native plugins compatible for Editor in 7.26 ms, found 4 plugins.
Preloading 0 native plugins for Editor in 0.00 ms.
Unloading 13 Unused Serialized files (Serialized files now loaded: 0)
Unloading 6580 unused Assets / (5.8 MB). Loaded Objects now: 7409.
Memory consumption went from 154.7 MB to 148.9 MB.
Total: 32.381700 ms (FindLiveObjects: 1.299400 ms CreateObjectMapping: 2.256200 ms MarkObjects: 18.470600 ms  DeleteObjects: 10.353400 ms)

Prepare: number of updated asset objects reloaded= 0
========================================================================
Received Prepare
Refreshing native plugins compatible for Editor in 6.26 ms, found 4 plugins.
Preloading 0 native plugins for Editor in 0.00 ms.
Unloading 13 Unused Serialized files (Serialized files now loaded: 0)
Unloading 6569 unused Assets / (4.6 MB). Loaded Objects now: 7409.
Memory consumption went from 154.8 MB to 150.3 MB.
Total: 29.529800 ms (FindLiveObjects: 1.777600 ms CreateObjectMapping: 3.018700 ms MarkObjects: 16.560600 ms  DeleteObjects: 8.170500 ms)

Prepare: number of updated asset objects reloaded= 0
========================================================================
Received Prepare
Begin MonoManager ReloadAssembly
- Loaded All Assemblies, in  1.776 seconds
Refreshing native plugins compatible for Editor in 3.87 ms, found 4 plugins.
Native extension for Android target not found
Native extension for WindowsStandalone target not found
Mono: successfully reloaded assembly
- Finished resetting the current domain, in  3.810 seconds
Domain Reload Profiling: 5586ms
	BeginReloadAssembly (519ms)
		ExecutionOrderSort (0ms)
		DisableScriptedObjects (28ms)
		BackupInstance (0ms)
		ReleaseScriptingObjects (1ms)
		CreateAndSetChildDomain (97ms)
	RebuildCommonClasses (89ms)
	RebuildNativeTypeToScriptingClass (27ms)
	initialDomainReloadingComplete (73ms)
	LoadAllAssembliesAndSetupDomain (1066ms)
		LoadAssemblies (931ms)
		RebuildTransferFunctionScriptingTraits (0ms)
		AnalyzeDomain (444ms)
			TypeCache.Refresh (18ms)
				TypeCache.ScanAssembly (0ms)
			BuildScriptInfoCaches (396ms)
			ResolveRequiredComponents (24ms)
	FinalizeReload (3812ms)
		ReleaseScriptCaches (0ms)
		RebuildScriptCaches (0ms)
		SetupLoadedEditorAssemblies (3269ms)
			LogAssemblyErrors (0ms)
			InitializePlatformSupportModulesInManaged (45ms)
			SetLoadedEditorAssemblies (9ms)
			BeforeProcessingInitializeOnLoad (391ms)
			ProcessInitializeOnLoadAttributes (2576ms)
			ProcessInitializeOnLoadMethodAttributes (227ms)
			AfterProcessingInitializeOnLoad (22ms)
			EditorAssembliesLoaded (1ms)
		ExecutionOrderSort2 (0ms)
		AwakeInstancesAfterBackupRestoration (58ms)
Refreshing native plugins compatible for Editor in 6.39 ms, found 4 plugins.
Preloading 0 native plugins for Editor in 0.00 ms.
Unloading 13 Unused Serialized files (Serialized files now loaded: 0)
Unloading 6580 unused Assets / (5.1 MB). Loaded Objects now: 7411.
Memory consumption went from 154.7 MB to 149.6 MB.
Total: 36.344200 ms (FindLiveObjects: 4.780400 ms CreateObjectMapping: 2.946700 ms MarkObjects: 17.489300 ms  DeleteObjects: 11.126300 ms)

Prepare: number of updated asset objects reloaded= 0
========================================================================
Received Import Request.
  Time since last request: 237.319327 seconds.
  path: Assets/Script/Object/DoorUnlock.cs
  artifactKey: Guid(0d09db3dd657d5a43825426471f5129f) Importer(815301076,1909f56bfc062723c751e8b465ee728b)
Start importing Assets/Script/Object/DoorUnlock.cs using Guid(0d09db3dd657d5a43825426471f5129f) Importer(815301076,1909f56bfc062723c751e8b465ee728b) (PreviewImporter) -> (artifact id: '5ce500ddf8544c1f5430aee5bfdc49cc') in 0.11075 seconds
Number of updated asset objects reloaded before import = 0Number of asset objects unloaded after import = 0

========================================================================
Received Prepare
Refreshing native plugins compatible for Editor in 3.96 ms, found 4 plugins.
Preloading 0 native plugins for Editor in 0.00 ms.
Unloading 13 Unused Serialized files (Serialized files now loaded: 0)
Unloading 6569 unused Assets / (4.2 MB). Loaded Objects now: 7411.
Memory consumption went from 154.9 MB to 150.6 MB.
Total: 20.478600 ms (FindLiveObjects: 0.971900 ms CreateObjectMapping: 1.674900 ms MarkObjects: 11.874000 ms  DeleteObjects: 5.955800 ms)

Prepare: number of updated asset objects reloaded= 0
========================================================================
Received Prepare
Begin MonoManager ReloadAssembly
- Loaded All Assemblies, in 11.753 seconds
Refreshing native plugins compatible for Editor in 159.67 ms, found 4 plugins.
Native extension for Android target not found
Native extension for WindowsStandalone target not found
Mono: successfully reloaded assembly
- Finished resetting the current domain, in  2.459 seconds
Domain Reload Profiling: 14211ms
	BeginReloadAssembly (2798ms)
		ExecutionOrderSort (0ms)
		DisableScriptedObjects (127ms)
		BackupInstance (0ms)
		ReleaseScriptingObjects (1ms)
		CreateAndSetChildDomain (801ms)
	RebuildCommonClasses (116ms)
	RebuildNativeTypeToScriptingClass (44ms)
	initialDomainReloadingComplete (108ms)
	LoadAllAssembliesAndSetupDomain (8684ms)
		LoadAssemblies (9930ms)
		RebuildTransferFunctionScriptingTraits (0ms)
		AnalyzeDomain (461ms)
			TypeCache.Refresh (19ms)
				TypeCache.ScanAssembly (1ms)
			BuildScriptInfoCaches (413ms)
			ResolveRequiredComponents (22ms)
	FinalizeReload (2461ms)
		ReleaseScriptCaches (0ms)
		RebuildScriptCaches (0ms)
		SetupLoadedEditorAssemblies (1987ms)
			LogAssemblyErrors (0ms)
			InitializePlatformSupportModulesInManaged (48ms)
			SetLoadedEditorAssemblies (14ms)
			BeforeProcessingInitializeOnLoad (294ms)
			ProcessInitializeOnLoadAttributes (1431ms)
			ProcessInitializeOnLoadMethodAttributes (181ms)
			AfterProcessingInitializeOnLoad (18ms)
			EditorAssembliesLoaded (0ms)
		ExecutionOrderSort2 (0ms)
		AwakeInstancesAfterBackupRestoration (47ms)
Refreshing native plugins compatible for Editor in 5.01 ms, found 4 plugins.
Preloading 0 native plugins for Editor in 0.00 ms.
Unloading 13 Unused Serialized files (Serialized files now loaded: 0)
Unloading 6580 unused Assets / (2.2 MB). Loaded Objects now: 7413.
Memory consumption went from 154.7 MB to 152.5 MB.
Total: 30.377100 ms (FindLiveObjects: 1.385600 ms CreateObjectMapping: 2.409500 ms MarkObjects: 19.021900 ms  DeleteObjects: 7.556800 ms)

Prepare: number of updated asset objects reloaded= 0
========================================================================
Received Prepare
Refreshing native plugins compatible for Editor in 3.78 ms, found 4 plugins.
Preloading 0 native plugins for Editor in 0.00 ms.
Unloading 13 Unused Serialized files (Serialized files now loaded: 0)
Unloading 6569 unused Assets / (4.3 MB). Loaded Objects now: 7413.
Memory consumption went from 154.9 MB to 150.5 MB.
Total: 17.016000 ms (FindLiveObjects: 1.045800 ms CreateObjectMapping: 1.887200 ms MarkObjects: 10.338400 ms  DeleteObjects: 3.743400 ms)

Prepare: number of updated asset objects reloaded= 0
========================================================================
Received Prepare
Begin MonoManager ReloadAssembly
- Loaded All Assemblies, in  3.825 seconds
Refreshing native plugins compatible for Editor in 3.91 ms, found 4 plugins.
Native extension for Android target not found
Native extension for WindowsStandalone target not found
Mono: successfully reloaded assembly
- Finished resetting the current domain, in  3.936 seconds
Domain Reload Profiling: 7752ms
	BeginReloadAssembly (998ms)
		ExecutionOrderSort (0ms)
		DisableScriptedObjects (32ms)
		BackupInstance (0ms)
		ReleaseScriptingObjects (0ms)
		CreateAndSetChildDomain (169ms)
	RebuildCommonClasses (181ms)
	RebuildNativeTypeToScriptingClass (65ms)
	initialDomainReloadingComplete (163ms)
	LoadAllAssembliesAndSetupDomain (2408ms)
		LoadAssemblies (2578ms)
		RebuildTransferFunctionScriptingTraits (0ms)
		AnalyzeDomain (519ms)
			TypeCache.Refresh (18ms)
				TypeCache.ScanAssembly (1ms)
			BuildScriptInfoCaches (470ms)
			ResolveRequiredComponents (22ms)
	FinalizeReload (3937ms)
		ReleaseScriptCaches (0ms)
		RebuildScriptCaches (0ms)
		SetupLoadedEditorAssemblies (3131ms)
			LogAssemblyErrors (0ms)
			InitializePlatformSupportModulesInManaged (100ms)
			SetLoadedEditorAssemblies (49ms)
			BeforeProcessingInitializeOnLoad (812ms)
			ProcessInitializeOnLoadAttributes (1954ms)
			ProcessInitializeOnLoadMethodAttributes (197ms)
			AfterProcessingInitializeOnLoad (20ms)
			EditorAssembliesLoaded (0ms)
		ExecutionOrderSort2 (0ms)
		AwakeInstancesAfterBackupRestoration (50ms)
Refreshing native plugins compatible for Editor in 7.13 ms, found 4 plugins.
Preloading 0 native plugins for Editor in 0.00 ms.
Unloading 13 Unused Serialized files (Serialized files now loaded: 0)
Unloading 6580 unused Assets / (3.5 MB). Loaded Objects now: 7415.
Memory consumption went from 154.6 MB to 151.1 MB.
Total: 39.243800 ms (FindLiveObjects: 2.942100 ms CreateObjectMapping: 3.235700 ms MarkObjects: 27.317300 ms  DeleteObjects: 5.747000 ms)

Prepare: number of updated asset objects reloaded= 0
========================================================================
Received Prepare
Refreshing native plugins compatible for Editor in 4.90 ms, found 4 plugins.
Preloading 0 native plugins for Editor in 0.00 ms.
Unloading 13 Unused Serialized files (Serialized files now loaded: 0)
Unloading 6569 unused Assets / (3.9 MB). Loaded Objects now: 7415.
Memory consumption went from 154.8 MB to 150.9 MB.
Total: 34.681500 ms (FindLiveObjects: 2.799300 ms CreateObjectMapping: 2.649700 ms MarkObjects: 18.603800 ms  DeleteObjects: 10.627200 ms)

Prepare: number of updated asset objects reloaded= 0
========================================================================
Received Import Request.
  Time since last request: 342.273364 seconds.
  path: Assets/Script/Object/DoorUnlock.cs
  artifactKey: Guid(0d09db3dd657d5a43825426471f5129f) Importer(815301076,1909f56bfc062723c751e8b465ee728b)
Start importing Assets/Script/Object/DoorUnlock.cs using Guid(0d09db3dd657d5a43825426471f5129f) Importer(815301076,1909f56bfc062723c751e8b465ee728b) (PreviewImporter) -> (artifact id: 'd562ffc1a50016f417eb191efc9f09da') in 0.0692754 seconds
Number of updated asset objects reloaded before import = 0Number of asset objects unloaded after import = 0

========================================================================
Received Prepare
Begin MonoManager ReloadAssembly
- Loaded All Assemblies, in  6.493 seconds
Refreshing native plugins compatible for Editor in 7.08 ms, found 4 plugins.
Native extension for Android target not found
Native extension for WindowsStandalone target not found
Mono: successfully reloaded assembly
- Finished resetting the current domain, in  2.371 seconds
Domain Reload Profiling: 8862ms
	BeginReloadAssembly (2906ms)
		ExecutionOrderSort (0ms)
		DisableScriptedObjects (60ms)
		BackupInstance (0ms)
		ReleaseScriptingObjects (0ms)
		CreateAndSetChildDomain (389ms)
	RebuildCommonClasses (343ms)
	RebuildNativeTypeToScriptingClass (102ms)
	initialDomainReloadingComplete (191ms)
	LoadAllAssembliesAndSetupDomain (2949ms)
		LoadAssemblies (4084ms)
		RebuildTransferFunctionScriptingTraits (0ms)
		AnalyzeDomain (1162ms)
			TypeCache.Refresh (53ms)
				TypeCache.ScanAssembly (2ms)
			BuildScriptInfoCaches (1059ms)
			ResolveRequiredComponents (39ms)
	FinalizeReload (2372ms)
		ReleaseScriptCaches (0ms)
		RebuildScriptCaches (0ms)
		SetupLoadedEditorAssemblies (1689ms)
			LogAssemblyErrors (0ms)
			InitializePlatformSupportModulesInManaged (64ms)
			SetLoadedEditorAssemblies (13ms)
			BeforeProcessingInitializeOnLoad (344ms)
			ProcessInitializeOnLoadAttributes (1122ms)
			ProcessInitializeOnLoadMethodAttributes (133ms)
			AfterProcessingInitializeOnLoad (13ms)
			EditorAssembliesLoaded (0ms)
		ExecutionOrderSort2 (0ms)
		AwakeInstancesAfterBackupRestoration (39ms)
Refreshing native plugins compatible for Editor in 4.08 ms, found 4 plugins.
Preloading 0 native plugins for Editor in 0.00 ms.
Unloading 13 Unused Serialized files (Serialized files now loaded: 0)
Unloading 6580 unused Assets / (4.6 MB). Loaded Objects now: 7417.
Memory consumption went from 154.7 MB to 150.1 MB.
Total: 22.545800 ms (FindLiveObjects: 1.278200 ms CreateObjectMapping: 2.111300 ms MarkObjects: 13.148700 ms  DeleteObjects: 6.006100 ms)

Prepare: number of updated asset objects reloaded= 0
========================================================================
Received Import Request.
  Time since last request: 136.581952 seconds.
  path: Assets/Scenes/Stage1.unity
  artifactKey: Guid(7c4e7ce6d181268408bba9af0eb588d5) Importer(815301076,1909f56bfc062723c751e8b465ee728b)
Start importing Assets/Scenes/Stage1.unity using Guid(7c4e7ce6d181268408bba9af0eb588d5) Importer(815301076,1909f56bfc062723c751e8b465ee728b) (PreviewImporter) -> (artifact id: 'ab0153cd430a930dc73d570eb0389221') in 0.0730213 seconds
Number of updated asset objects reloaded before import = 0Number of asset objects unloaded after import = 0

========================================================================
Received Import Request.
  Time since last request: 5.194613 seconds.
  path: Packages/com.unity.2d.animation/Editor/Assets/EditorIcons/Light/Sprite_Mode@4x.png
  artifactKey: Guid(554a30a45860f494ca38586c54b7e5d9) Importer(815301076,1909f56bfc062723c751e8b465ee728b)
Start importing Packages/com.unity.2d.animation/Editor/Assets/EditorIcons/Light/Sprite_Mode@4x.png using Guid(554a30a45860f494ca38586c54b7e5d9) Importer(815301076,1909f56bfc062723c751e8b465ee728b) (PreviewImporter) -> (artifact id: 'a1033429e2fa13482ba0d389eb8ae9ef') in 0.2772831 seconds
Number of updated asset objects reloaded before import = 0Number of asset objects unloaded after import = 3

========================================================================
Received Import Request.
  Time since last request: 0.000023 seconds.
  path: Packages/com.unity.2d.spriteshape/Editor/Handles/ss_playhead.png
  artifactKey: Guid(9ea72647c24be493ba6f15a9cd2a24ae) Importer(815301076,1909f56bfc062723c751e8b465ee728b)
Start importing Packages/com.unity.2d.spriteshape/Editor/Handles/ss_playhead.png using Guid(9ea72647c24be493ba6f15a9cd2a24ae) Importer(815301076,1909f56bfc062723c751e8b465ee728b) (PreviewImporter) -> (artifact id: 'ab2dffccda71255251d1edc98d7bb522') in 0.0895368 seconds
Number of updated asset objects reloaded before import = 0Number of asset objects unloaded after import = 3

========================================================================
Received Import Request.
  Time since last request: 0.000030 seconds.
  path: Packages/com.unity.2d.spriteshape/Editor/Handles/ss_rightrange.png
  artifactKey: Guid(ee5df01235032491c8b180741ea820fe) Importer(815301076,1909f56bfc062723c751e8b465ee728b)
Start importing Packages/com.unity.2d.spriteshape/Editor/Handles/ss_rightrange.png using Guid(ee5df01235032491c8b180741ea820fe) Importer(815301076,1909f56bfc062723c751e8b465ee728b) (PreviewImporter) -> (artifact id: '0f932203ab62189a319612d4aa74d605') in 0.025794 seconds
Number of updated asset objects reloaded before import = 0Number of asset objects unloaded after import = 3

========================================================================
Received Import Request.
  Time since last request: 0.000026 seconds.
  path: Packages/com.unity.2d.spriteshape/Editor/ObjectMenuCreation/DefaultAssets/Sprite Shapes/SpriteShapeEdge.png
  artifactKey: Guid(0ae2b74b1edd14bb18dd7b65ae916a54) Importer(815301076,1909f56bfc062723c751e8b465ee728b)
Start importing Packages/com.unity.2d.spriteshape/Editor/ObjectMenuCreation/DefaultAssets/Sprite Shapes/SpriteShapeEdge.png using Guid(0ae2b74b1edd14bb18dd7b65ae916a54) Importer(815301076,1909f56bfc062723c751e8b465ee728b) (PreviewImporter) -> (artifact id: '9b27f9c571c6af26812bb1f3f99809cc') in 0.1312987 seconds
Number of updated asset objects reloaded before import = 0Number of asset objects unloaded after import = 3

========================================================================
Received Import Request.
  Time since last request: 0.000022 seconds.
  path: Packages/com.unity.render-pipelines.core/Editor/LookDev/Icons/SunPosition.png
  artifactKey: Guid(aa1dfcb67e8bf664d8d8a1821c118281) Importer(815301076,1909f56bfc062723c751e8b465ee728b)
Start importing Packages/com.unity.render-pipelines.core/Editor/LookDev/Icons/SunPosition.png using Guid(aa1dfcb67e8bf664d8d8a1821c118281) Importer(815301076,1909f56bfc062723c751e8b465ee728b) (PreviewImporter) -> (artifact id: '7ffb3d40a6b96908bde60a251a693de5') in 0.1685397 seconds
Number of updated asset objects reloaded before import = 0Number of asset objects unloaded after import = 3

========================================================================
Received Import Request.
  Time since last request: 0.000043 seconds.
  path: Assets/GameInputControllerIconsFree/keyboard/keyboard-outlined/t.png
  artifactKey: Guid(01c5f388cb51db642bed9bc3e2ffa59e) Importer(815301076,1909f56bfc062723c751e8b465ee728b)
Start importing Assets/GameInputControllerIconsFree/keyboard/keyboard-outlined/t.png using Guid(01c5f388cb51db642bed9bc3e2ffa59e) Importer(815301076,1909f56bfc062723c751e8b465ee728b) (PreviewImporter) -> (artifact id: '04fd81b068526c767e1d01d3d889ac4c') in 0.031389 seconds
Number of updated asset objects reloaded before import = 0Number of asset objects unloaded after import = 3

========================================================================
Received Import Request.
  Time since last request: 0.000033 seconds.
  path: Packages/com.unity.2d.sprite/Editor/ObjectMenuCreation/DefaultAssets/Textures/SquareWithBorder.png
  artifactKey: Guid(db750325989564987a34393247d883b4) Importer(815301076,1909f56bfc062723c751e8b465ee728b)
Start importing Packages/com.unity.2d.sprite/Editor/ObjectMenuCreation/DefaultAssets/Textures/SquareWithBorder.png using Guid(db750325989564987a34393247d883b4) Importer(815301076,1909f56bfc062723c751e8b465ee728b) (PreviewImporter) -> (artifact id: '6c8d4f3dd4ebd576c16cfcc11a6a62e0') in 0.0790933 seconds
Number of updated asset objects reloaded before import = 0Number of asset objects unloaded after import = 3

========================================================================
Received Import Request.
  Time since last request: 2.479635 seconds.
  path: Packages/com.unity.render-pipelines.core/Editor/LookDev/Icons/Layout1.png
  artifactKey: Guid(9a3173335e5741d438e81064b518bd80) Importer(815301076,1909f56bfc062723c751e8b465ee728b)
Start importing Packages/com.unity.render-pipelines.core/Editor/LookDev/Icons/Layout1.png using Guid(9a3173335e5741d438e81064b518bd80) Importer(815301076,1909f56bfc062723c751e8b465ee728b) (PreviewImporter) -> (artifact id: 'a5670a47bd7b8c0fb2100525ad876e69') in 0.0781606 seconds
Number of updated asset objects reloaded before import = 0Number of asset objects unloaded after import = 3

========================================================================
Received Import Request.
  Time since last request: 0.000030 seconds.
  path: Packages/com.unity.render-pipelines.core/Editor/LookDev/Icons/Layout2@2x.png
  artifactKey: Guid(356caeb1305bf794e94ecd5161f8e6e3) Importer(815301076,1909f56bfc062723c751e8b465ee728b)
Start importing Packages/com.unity.render-pipelines.core/Editor/LookDev/Icons/Layout2@2x.png using Guid(356caeb1305bf794e94ecd5161f8e6e3) Importer(815301076,1909f56bfc062723c751e8b465ee728b) (PreviewImporter) -> (artifact id: '28e3451a39dc944d55b79caf57e3d28d') in 0.0270431 seconds
Number of updated asset objects reloaded before import = 0Number of asset objects unloaded after import = 3

========================================================================
Received Import Request.
  Time since last request: 0.000031 seconds.
  path: Packages/com.unity.render-pipelines.core/Editor/LookDev/Icons/LayoutCustom.png
  artifactKey: Guid(1cc4a70085896c04bbfbf60669963fc8) Importer(815301076,1909f56bfc062723c751e8b465ee728b)
Start importing Packages/com.unity.render-pipelines.core/Editor/LookDev/Icons/LayoutCustom.png using Guid(1cc4a70085896c04bbfbf60669963fc8) Importer(815301076,1909f56bfc062723c751e8b465ee728b) (PreviewImporter) -> (artifact id: '5ddba9ba1fec4edc90221fa6833122f2') in 0.0581595 seconds
Number of updated asset objects reloaded before import = 0Number of asset objects unloaded after import = 3

========================================================================
Received Import Request.
  Time since last request: 0.000019 seconds.
  path: Packages/com.unity.render-pipelines.core/Editor/LookDev/Icons/LayoutHorizontal.png
  artifactKey: Guid(8ccec084228b3b74a898f38126eb142f) Importer(815301076,1909f56bfc062723c751e8b465ee728b)
Start importing Packages/com.unity.render-pipelines.core/Editor/LookDev/Icons/LayoutHorizontal.png using Guid(8ccec084228b3b74a898f38126eb142f) Importer(815301076,1909f56bfc062723c751e8b465ee728b) (PreviewImporter) -> (artifact id: '15adb360629eb1bdf5d09fd2af56e883') in 0.0225427 seconds
Number of updated asset objects reloaded before import = 0Number of asset objects unloaded after import = 3

========================================================================
Received Import Request.
  Time since last request: 0.000022 seconds.
  path: Packages/com.unity.render-pipelines.core/Editor/LookDev/Icons/LayoutVertical@2x.png
  artifactKey: Guid(6b8067336fda8f040bb1f6d336ac08c5) Importer(815301076,1909f56bfc062723c751e8b465ee728b)
Start importing Packages/com.unity.render-pipelines.core/Editor/LookDev/Icons/LayoutVertical@2x.png using Guid(6b8067336fda8f040bb1f6d336ac08c5) Importer(815301076,1909f56bfc062723c751e8b465ee728b) (PreviewImporter) -> (artifact id: '8fb4229df143514f2a940f7de1ab04b2') in 0.0672726 seconds
Number of updated asset objects reloaded before import = 0Number of asset objects unloaded after import = 3

========================================================================
Received Import Request.
  Time since last request: 0.000037 seconds.
  path: Packages/com.unity.2d.tilemap/Editor/Icons/Tilemap.ActiveTargetLayers@2x.png
  artifactKey: Guid(f708c0da8a2b5fc4381f7f8d4a322a0a) Importer(815301076,1909f56bfc062723c751e8b465ee728b)
Start importing Packages/com.unity.2d.tilemap/Editor/Icons/Tilemap.ActiveTargetLayers@2x.png using Guid(f708c0da8a2b5fc4381f7f8d4a322a0a) Importer(815301076,1909f56bfc062723c751e8b465ee728b) (PreviewImporter) -> (artifact id: '607fbcc9fc79ec8e97e6ca3bf98f6ccb') in 0.1342258 seconds
Number of updated asset objects reloaded before import = 0Number of asset objects unloaded after import = 3

========================================================================
Received Import Request.
  Time since last request: 0.000030 seconds.
  path: Packages/com.unity.2d.tilemap/Editor/Icons/Tilemap.ActiveTargetLayers@4x.png
  artifactKey: Guid(ce315ea6e6e86a740b10e02dda0d0e9c) Importer(815301076,1909f56bfc062723c751e8b465ee728b)
Start importing Packages/com.unity.2d.tilemap/Editor/Icons/Tilemap.ActiveTargetLayers@4x.png using Guid(ce315ea6e6e86a740b10e02dda0d0e9c) Importer(815301076,1909f56bfc062723c751e8b465ee728b) (PreviewImporter) -> (artifact id: 'ade573a6a6fd97e110cf078cc09c88d7') in 0.0230707 seconds
Number of updated asset objects reloaded before import = 0Number of asset objects unloaded after import = 3

========================================================================
Received Import Request.
  Time since last request: 0.066255 seconds.
  path: Packages/com.unity.2d.psdimporter/Editor/Assets/Icons/Dark/Layers Mixed@16x.png
  artifactKey: Guid(cce85e132a43842a09301fd497983f25) Importer(815301076,1909f56bfc062723c751e8b465ee728b)
Start importing Packages/com.unity.2d.psdimporter/Editor/Assets/Icons/Dark/Layers Mixed@16x.png using Guid(cce85e132a43842a09301fd497983f25) Importer(815301076,1909f56bfc062723c751e8b465ee728b) (PreviewImporter) -> (artifact id: '7df1d774853eb2bf3b7ae06bf9bfc95c') in 0.0944628 seconds
Number of updated asset objects reloaded before import = 0Number of asset objects unloaded after import = 3

========================================================================
Received Import Request.
  Time since last request: 0.000018 seconds.
  path: Packages/com.unity.2d.psdimporter/Editor/Assets/Icons/Selected/Layers Separated@1x.png
  artifactKey: Guid(346d40e23f03e4f48bdda501fffa178a) Importer(815301076,1909f56bfc062723c751e8b465ee728b)
Start importing Packages/com.unity.2d.psdimporter/Editor/Assets/Icons/Selected/Layers Separated@1x.png using Guid(346d40e23f03e4f48bdda501fffa178a) Importer(815301076,1909f56bfc062723c751e8b465ee728b) (PreviewImporter) -> (artifact id: '3b7fc83b9c6b7c367991f0cc2628b371') in 0.0731562 seconds
Number of updated asset objects reloaded before import = 0Number of asset objects unloaded after import = 3

========================================================================
Received Import Request.
  Time since last request: 0.000032 seconds.
  path: Packages/com.unity.2d.psdimporter/Editor/Assets/Icons/Light/Layers Separated@1x.png
  artifactKey: Guid(7d9554fa1b4bb4fe9a5b1248eaa02ad1) Importer(815301076,1909f56bfc062723c751e8b465ee728b)
Start importing Packages/com.unity.2d.psdimporter/Editor/Assets/Icons/Light/Layers Separated@1x.png using Guid(7d9554fa1b4bb4fe9a5b1248eaa02ad1) Importer(815301076,1909f56bfc062723c751e8b465ee728b) (PreviewImporter) -> (artifact id: '0902eff3ffe30a4821305aa9818e6f03') in 0.0598342 seconds
Number of updated asset objects reloaded before import = 0Number of asset objects unloaded after import = 3

========================================================================
Received Import Request.
  Time since last request: 0.000019 seconds.
  path: Packages/com.unity.2d.psdimporter/Editor/Assets/Icons/Light/Layers Separated@4x.png
  artifactKey: Guid(a4a8b6ebb023f4786b192a65f264a697) Importer(815301076,1909f56bfc062723c751e8b465ee728b)
Start importing Packages/com.unity.2d.psdimporter/Editor/Assets/Icons/Light/Layers Separated@4x.png using Guid(a4a8b6ebb023f4786b192a65f264a697) Importer(815301076,1909f56bfc062723c751e8b465ee728b) (PreviewImporter) -> (artifact id: '693526998daa1772e976104ade816657') in 0.0197748 seconds
Number of updated asset objects reloaded before import = 0Number of asset objects unloaded after import = 3

========================================================================
Received Import Request.
  Time since last request: 0.000037 seconds.
  path: Packages/com.unity.2d.psdimporter/Editor/Assets/Icons/Light/Layers Separated@8x.png
  artifactKey: Guid(2634b0c913a9a4431a8702825a79ca31) Importer(815301076,1909f56bfc062723c751e8b465ee728b)
Start importing Packages/com.unity.2d.psdimporter/Editor/Assets/Icons/Light/Layers Separated@8x.png using Guid(2634b0c913a9a4431a8702825a79ca31) Importer(815301076,1909f56bfc062723c751e8b465ee728b) (PreviewImporter) -> (artifact id: 'e1c76bfc197b2669111726219279b324') in 0.0299069 seconds
Number of updated asset objects reloaded before import = 0Number of asset objects unloaded after import = 3

========================================================================
Received Import Request.
  Time since last request: 0.000031 seconds.
  path: Packages/com.unity.2d.psdimporter/Editor/Assets/Icons/Dark/Layers Separated@4x.png
  artifactKey: Guid(03a0f27e9b08047889b3f5e7f0c23ff7) Importer(815301076,1909f56bfc062723c751e8b465ee728b)
Start importing Packages/com.unity.2d.psdimporter/Editor/Assets/Icons/Dark/Layers Separated@4x.png using Guid(03a0f27e9b08047889b3f5e7f0c23ff7) Importer(815301076,1909f56bfc062723c751e8b465ee728b) (PreviewImporter) -> (artifact id: '36df9a46e4e5915ae1d788ee745cb0f4') in 0.0268028 seconds
Number of updated asset objects reloaded before import = 0Number of asset objects unloaded after import = 3

========================================================================
Received Import Request.
  Time since last request: 0.000021 seconds.
  path: Packages/com.unity.2d.psdimporter/Editor/Assets/Icons/Dark/Layers Separated@16x.png
  artifactKey: Guid(1f3420e9f7420411a8aac27743b35e29) Importer(815301076,1909f56bfc062723c751e8b465ee728b)
Start importing Packages/com.unity.2d.psdimporter/Editor/Assets/Icons/Dark/Layers Separated@16x.png using Guid(1f3420e9f7420411a8aac27743b35e29) Importer(815301076,1909f56bfc062723c751e8b465ee728b) (PreviewImporter) -> (artifact id: '1c36952e9c8815c7ab997709522f81b0') in 0.0674754 seconds
Number of updated asset objects reloaded before import = 0Number of asset objects unloaded after import = 3

========================================================================
Received Import Request.
  Time since last request: 0.000036 seconds.
  path: Packages/com.unity.2d.psdimporter/Editor/Assets/Icons/Light/Layers Separated@16x.png
  artifactKey: Guid(0c6027d31d0b44acbb45af1bcf05e0db) Importer(815301076,1909f56bfc062723c751e8b465ee728b)
Start importing Packages/com.unity.2d.psdimporter/Editor/Assets/Icons/Light/Layers Separated@16x.png using Guid(0c6027d31d0b44acbb45af1bcf05e0db) Importer(815301076,1909f56bfc062723c751e8b465ee728b) (PreviewImporter) -> (artifact id: 'cf09a237fba4421c0cb034905cad0def') in 0.0307862 seconds
Number of updated asset objects reloaded before import = 0Number of asset objects unloaded after import = 3

========================================================================
Received Import Request.
  Time since last request: 0.000034 seconds.
  path: Packages/com.unity.2d.psdimporter/Editor/Assets/Icons/Dark/Layers Separated@2x.png
  artifactKey: Guid(e269a78d88d514e4c9bde97d573d7e45) Importer(815301076,1909f56bfc062723c751e8b465ee728b)
Start importing Packages/com.unity.2d.psdimporter/Editor/Assets/Icons/Dark/Layers Separated@2x.png using Guid(e269a78d88d514e4c9bde97d573d7e45) Importer(815301076,1909f56bfc062723c751e8b465ee728b) (PreviewImporter) -> (artifact id: '69fd8e754802bc6c7fc925d78b7d6cd7') in 0.0444826 seconds
Number of updated asset objects reloaded before import = 0Number of asset objects unloaded after import = 3

========================================================================
Received Import Request.
  Time since last request: 1.295392 seconds.
  path: Packages/com.unity.2d.psdimporter/Editor/Assets/Icons/Light/Layers Mixed@8x.png
  artifactKey: Guid(0e6407347fc834e6a8b46f9528bcf7b3) Importer(815301076,1909f56bfc062723c751e8b465ee728b)
Start importing Packages/com.unity.2d.psdimporter/Editor/Assets/Icons/Light/Layers Mixed@8x.png using Guid(0e6407347fc834e6a8b46f9528bcf7b3) Importer(815301076,1909f56bfc062723c751e8b465ee728b) (PreviewImporter) -> (artifact id: '9d0657361b15b8705ff2940df3ea43ba') in 0.0549906 seconds
Number of updated asset objects reloaded before import = 0Number of asset objects unloaded after import = 3

========================================================================
Received Import Request.
  Time since last request: 0.000037 seconds.
  path: Packages/com.unity.2d.psdimporter/Editor/Assets/Icons/Dark/Layers Mixed@8x.png
  artifactKey: Guid(1088bf24503634e7dbadf455fdcf78b6) Importer(815301076,1909f56bfc062723c751e8b465ee728b)
Start importing Packages/com.unity.2d.psdimporter/Editor/Assets/Icons/Dark/Layers Mixed@8x.png using Guid(1088bf24503634e7dbadf455fdcf78b6) Importer(815301076,1909f56bfc062723c751e8b465ee728b) (PreviewImporter) -> (artifact id: '5da3976b23d11b8a0f60dd2563693cea') in 0.0671313 seconds
Number of updated asset objects reloaded before import = 0Number of asset objects unloaded after import = 3

========================================================================
Received Import Request.
  Time since last request: 0.000034 seconds.
  path: Packages/com.unity.2d.psdimporter/Editor/Assets/Icons/Light/Layers Mixed@1x.png
  artifactKey: Guid(92ca921ade6e944868364b1813c7568f) Importer(815301076,1909f56bfc062723c751e8b465ee728b)
Start importing Packages/com.unity.2d.psdimporter/Editor/Assets/Icons/Light/Layers Mixed@1x.png using Guid(92ca921ade6e944868364b1813c7568f) Importer(815301076,1909f56bfc062723c751e8b465ee728b) (PreviewImporter) -> (artifact id: 'd8c87f30bef9573b6a473ffa28423e79') in 0.056792 seconds
Number of updated asset objects reloaded before import = 0Number of asset objects unloaded after import = 3

========================================================================
Received Import Request.
  Time since last request: 0.000028 seconds.
  path: Packages/com.unity.2d.psdimporter/Editor/Assets/Icons/Selected/Layers Mixed@2x.png
  artifactKey: Guid(d7b52ee143e0c4bf09d482ec22428db2) Importer(815301076,1909f56bfc062723c751e8b465ee728b)
Start importing Packages/com.unity.2d.psdimporter/Editor/Assets/Icons/Selected/Layers Mixed@2x.png using Guid(d7b52ee143e0c4bf09d482ec22428db2) Importer(815301076,1909f56bfc062723c751e8b465ee728b) (PreviewImporter) -> (artifact id: '2d6e0a6bab4d5a50d0978cf3beae3111') in 0.0208811 seconds
Number of updated asset objects reloaded before import = 0Number of asset objects unloaded after import = 3

========================================================================
Received Import Request.
  Time since last request: 0.000027 seconds.
  path: Packages/com.unity.2d.psdimporter/Editor/Assets/Icons/Dark/Layers Mixed@2x.png
  artifactKey: Guid(f12ec30f9a76d4738bacb26b0c22165d) Importer(815301076,1909f56bfc062723c751e8b465ee728b)
Start importing Packages/com.unity.2d.psdimporter/Editor/Assets/Icons/Dark/Layers Mixed@2x.png using Guid(f12ec30f9a76d4738bacb26b0c22165d) Importer(815301076,1909f56bfc062723c751e8b465ee728b) (PreviewImporter) -> (artifact id: 'eb9ae3b00e70884de94a8373a3a3366d') in 0.0185519 seconds
Number of updated asset objects reloaded before import = 0Number of asset objects unloaded after import = 3

========================================================================
Received Import Request.
  Time since last request: 0.000078 seconds.
  path: Packages/com.unity.2d.psdimporter/Editor/Assets/Icons/Light/Layers Mixed@4x.png
  artifactKey: Guid(4b3e1d5f95a1a455c917ca9403d9283d) Importer(815301076,1909f56bfc062723c751e8b465ee728b)
Start importing Packages/com.unity.2d.psdimporter/Editor/Assets/Icons/Light/Layers Mixed@4x.png using Guid(4b3e1d5f95a1a455c917ca9403d9283d) Importer(815301076,1909f56bfc062723c751e8b465ee728b) (PreviewImporter) -> (artifact id: '8db2937077dbc1ddda3f235a847ee6c0') in 0.0488555 seconds
Number of updated asset objects reloaded before import = 0Number of asset objects unloaded after import = 3

========================================================================
Received Import Request.
  Time since last request: 0.000028 seconds.
  path: Packages/com.unity.2d.psdimporter/Editor/Assets/Icons/Dark/Layers Mixed@4x.png
  artifactKey: Guid(68f1f3aed86c64050b0c1e343c604868) Importer(815301076,1909f56bfc062723c751e8b465ee728b)
Start importing Packages/com.unity.2d.psdimporter/Editor/Assets/Icons/Dark/Layers Mixed@4x.png using Guid(68f1f3aed86c64050b0c1e343c604868) Importer(815301076,1909f56bfc062723c751e8b465ee728b) (PreviewImporter) -> (artifact id: 'ac9e739cea53170384a871632272f42e') in 0.1063774 seconds
Number of updated asset objects reloaded before import = 0Number of asset objects unloaded after import = 3

========================================================================
Received Import Request.
  Time since last request: 0.000019 seconds.
  path: Packages/com.unity.2d.psdimporter/Editor/Assets/Icons/Selected/Layers Collapsed@1x.png
  artifactKey: Guid(2870bda067c0e4d58911767e41709dd2) Importer(815301076,1909f56bfc062723c751e8b465ee728b)
Start importing Packages/com.unity.2d.psdimporter/Editor/Assets/Icons/Selected/Layers Collapsed@1x.png using Guid(2870bda067c0e4d58911767e41709dd2) Importer(815301076,1909f56bfc062723c751e8b465ee728b) (PreviewImporter) -> (artifact id: 'b3bb41af706e2be67fd3773b0a47cfd6') in 0.0270231 seconds
Number of updated asset objects reloaded before import = 0Number of asset objects unloaded after import = 3

========================================================================
Received Import Request.
  Time since last request: 0.000034 seconds.
  path: Packages/com.unity.2d.psdimporter/Editor/Assets/Icons/Dark/Layers Collapsed@1x.png
  artifactKey: Guid(dd04679f252ec40a8b931fbb52bd3f8b) Importer(815301076,1909f56bfc062723c751e8b465ee728b)
Start importing Packages/com.unity.2d.psdimporter/Editor/Assets/Icons/Dark/Layers Collapsed@1x.png using Guid(dd04679f252ec40a8b931fbb52bd3f8b) Importer(815301076,1909f56bfc062723c751e8b465ee728b) (PreviewImporter) -> (artifact id: '8ba1c8a315609a546f1ffda77f707dc8') in 0.0186241 seconds
Number of updated asset objects reloaded before import = 0Number of asset objects unloaded after import = 3

========================================================================
Received Import Request.
  Time since last request: 0.000039 seconds.
  path: Packages/com.unity.2d.psdimporter/Editor/Assets/Icons/Light/Layers Collapsed@2x.png
  artifactKey: Guid(dc4d4d6503a044f85bf2b8b356dfb738) Importer(815301076,1909f56bfc062723c751e8b465ee728b)
Start importing Packages/com.unity.2d.psdimporter/Editor/Assets/Icons/Light/Layers Collapsed@2x.png using Guid(dc4d4d6503a044f85bf2b8b356dfb738) Importer(815301076,1909f56bfc062723c751e8b465ee728b) (PreviewImporter) -> (artifact id: '58b4043fd30436d0b9a19c2b9d67d9b3') in 0.0517578 seconds
Number of updated asset objects reloaded before import = 0Number of asset objects unloaded after import = 3

========================================================================
Received Import Request.
  Time since last request: 0.000029 seconds.
  path: Packages/com.unity.2d.psdimporter/Editor/Assets/Icons/Dark/Layers Collapsed@2x.png
  artifactKey: Guid(360cfd7debcd44adfbb69d1911de502d) Importer(815301076,1909f56bfc062723c751e8b465ee728b)
Start importing Packages/com.unity.2d.psdimporter/Editor/Assets/Icons/Dark/Layers Collapsed@2x.png using Guid(360cfd7debcd44adfbb69d1911de502d) Importer(815301076,1909f56bfc062723c751e8b465ee728b) (PreviewImporter) -> (artifact id: 'f4cbd5e30a8f4c762f739492a1220f9c') in 0.0295474 seconds
Number of updated asset objects reloaded before import = 0Number of asset objects unloaded after import = 3

========================================================================
Received Import Request.
  Time since last request: 0.000033 seconds.
  path: Packages/com.unity.2d.psdimporter/Editor/Assets/Icons/Selected/Layers Collapsed@4x.png
  artifactKey: Guid(88a01be2082444885aa54d39afb85dd8) Importer(815301076,1909f56bfc062723c751e8b465ee728b)
Start importing Packages/com.unity.2d.psdimporter/Editor/Assets/Icons/Selected/Layers Collapsed@4x.png using Guid(88a01be2082444885aa54d39afb85dd8) Importer(815301076,1909f56bfc062723c751e8b465ee728b) (PreviewImporter) -> (artifact id: '20272b790ae9fddfbb467069715e0106') in 0.0450523 seconds
Number of updated asset objects reloaded before import = 0Number of asset objects unloaded after import = 3

========================================================================
Received Import Request.
  Time since last request: 0.000030 seconds.
  path: Packages/com.unity.2d.psdimporter/Editor/Assets/Icons/Selected/Layers Collapsed@8x.png
  artifactKey: Guid(f47213af7e996497b96c4b5df3e6b613) Importer(815301076,1909f56bfc062723c751e8b465ee728b)
Start importing Packages/com.unity.2d.psdimporter/Editor/Assets/Icons/Selected/Layers Collapsed@8x.png using Guid(f47213af7e996497b96c4b5df3e6b613) Importer(815301076,1909f56bfc062723c751e8b465ee728b) (PreviewImporter) -> (artifact id: '1165cb0ab1a04d1e26f30e6d4e55114e') in 0.0258871 seconds
Number of updated asset objects reloaded before import = 0Number of asset objects unloaded after import = 3

========================================================================
Received Import Request.
  Time since last request: 0.000020 seconds.
  path: Packages/com.unity.2d.psdimporter/Editor/Assets/Icons/Dark/Layers Collapsed@8x.png
  artifactKey: Guid(8649c1c76eb014a4d9e24547717f1619) Importer(815301076,1909f56bfc062723c751e8b465ee728b)
Start importing Packages/com.unity.2d.psdimporter/Editor/Assets/Icons/Dark/Layers Collapsed@8x.png using Guid(8649c1c76eb014a4d9e24547717f1619) Importer(815301076,1909f56bfc062723c751e8b465ee728b) (PreviewImporter) -> (artifact id: '98e0628c0521e7935a6f5c6fa3d83a70') in 0.0441366 seconds
Number of updated asset objects reloaded before import = 0Number of asset objects unloaded after import = 3

========================================================================
Received Import Request.
  Time since last request: 0.002731 seconds.
  path: Packages/com.unity.2d.psdimporter/Editor/Assets/Icons/Selected/Layers Collapsed@16x.png
  artifactKey: Guid(7ffc8f310c89c47679285e29d8583529) Importer(815301076,1909f56bfc062723c751e8b465ee728b)
Start importing Packages/com.unity.2d.psdimporter/Editor/Assets/Icons/Selected/Layers Collapsed@16x.png using Guid(7ffc8f310c89c47679285e29d8583529) Importer(815301076,1909f56bfc062723c751e8b465ee728b) (PreviewImporter) -> (artifact id: '83df802244df30cdde3c7e1db6cf7a19') in 0.0246454 seconds
Number of updated asset objects reloaded before import = 0Number of asset objects unloaded after import = 3

========================================================================
Received Import Request.
  Time since last request: 0.000027 seconds.
  path: Packages/com.unity.2d.psdimporter/Editor/Assets/Icons/Selected/Layers Mixed@1x.png
  artifactKey: Guid(332959a914fc9470abaa066b876b0dcc) Importer(815301076,1909f56bfc062723c751e8b465ee728b)
Start importing Packages/com.unity.2d.psdimporter/Editor/Assets/Icons/Selected/Layers Mixed@1x.png using Guid(332959a914fc9470abaa066b876b0dcc) Importer(815301076,1909f56bfc062723c751e8b465ee728b) (PreviewImporter) -> (artifact id: 'bf37b1fbbed81cef5ba08d580d6b15d1') in 0.0554348 seconds
Number of updated asset objects reloaded before import = 0Number of asset objects unloaded after import = 3

========================================================================
Received Import Request.
  Time since last request: 0.000029 seconds.
  path: Packages/com.unity.2d.tilemap/Editor/Icons/d_Tilemap.ActiveTargetLayers@2x.png
  artifactKey: Guid(d3b2641fbdbb1f340ad9732102db591e) Importer(815301076,1909f56bfc062723c751e8b465ee728b)
Start importing Packages/com.unity.2d.tilemap/Editor/Icons/d_Tilemap.ActiveTargetLayers@2x.png using Guid(d3b2641fbdbb1f340ad9732102db591e) Importer(815301076,1909f56bfc062723c751e8b465ee728b) (PreviewImporter) -> (artifact id: '604356b48de2da9907721a860c79165d') in 0.0224526 seconds
Number of updated asset objects reloaded before import = 0Number of asset objects unloaded after import = 3

========================================================================
Received Import Request.
  Time since last request: 15.769630 seconds.
  path: Assets/Scenes/Main.unity
  artifactKey: Guid(855b6635e48278340a8833ba9f7b57b7) Importer(815301076,1909f56bfc062723c751e8b465ee728b)
Start importing Assets/Scenes/Main.unity using Guid(855b6635e48278340a8833ba9f7b57b7) Importer(815301076,1909f56bfc062723c751e8b465ee728b) (PreviewImporter) -> (artifact id: 'bf5d32d3374c7a6f50fb70f526c75d9e') in 0.0012484 seconds
Number of updated asset objects reloaded before import = 0Number of asset objects unloaded after import = 0

========================================================================
Received Import Request.
  Time since last request: 78.607809 seconds.
  path: Assets/Scenes/Stage1.unity
  artifactKey: Guid(7c4e7ce6d181268408bba9af0eb588d5) Importer(815301076,1909f56bfc062723c751e8b465ee728b)
Start importing Assets/Scenes/Stage1.unity using Guid(7c4e7ce6d181268408bba9af0eb588d5) Importer(815301076,1909f56bfc062723c751e8b465ee728b) (PreviewImporter) -> (artifact id: '2da2bca9bed889ac578e8cf6041af77a') in 0.0009717 seconds
Number of updated asset objects reloaded before import = 0Number of asset objects unloaded after import = 0

========================================================================
Received Import Request.
  Time since last request: 35.319946 seconds.
  path: Assets/Scenes/Stage1.unity
  artifactKey: Guid(7c4e7ce6d181268408bba9af0eb588d5) Importer(815301076,1909f56bfc062723c751e8b465ee728b)
Start importing Assets/Scenes/Stage1.unity using Guid(7c4e7ce6d181268408bba9af0eb588d5) Importer(815301076,1909f56bfc062723c751e8b465ee728b) (PreviewImporter) -> (artifact id: '46897d1911f5d0d347f092d493cec7d4') in 0.0009351 seconds
Number of updated asset objects reloaded before import = 0Number of asset objects unloaded after import = 0

========================================================================
Received Prepare
Begin MonoManager ReloadAssembly
- Loaded All Assemblies, in  8.393 seconds
Refreshing native plugins compatible for Editor in 7.39 ms, found 4 plugins.
Native extension for Android target not found
Native extension for WindowsStandalone target not found
Mono: successfully reloaded assembly
- Finished resetting the current domain, in  2.600 seconds
Domain Reload Profiling: 10991ms
	BeginReloadAssembly (1122ms)
		ExecutionOrderSort (0ms)
		DisableScriptedObjects (47ms)
		BackupInstance (0ms)
		ReleaseScriptingObjects (0ms)
		CreateAndSetChildDomain (152ms)
	RebuildCommonClasses (223ms)
	RebuildNativeTypeToScriptingClass (79ms)
	initialDomainReloadingComplete (115ms)
	LoadAllAssembliesAndSetupDomain (6851ms)
		LoadAssemblies (6931ms)
		RebuildTransferFunctionScriptingTraits (0ms)
		AnalyzeDomain (518ms)
			TypeCache.Refresh (23ms)
				TypeCache.ScanAssembly (0ms)
			BuildScriptInfoCaches (467ms)
			ResolveRequiredComponents (23ms)
	FinalizeReload (2601ms)
		ReleaseScriptCaches (0ms)
		RebuildScriptCaches (0ms)
		SetupLoadedEditorAssemblies (2069ms)
			LogAssemblyErrors (0ms)
			InitializePlatformSupportModulesInManaged (61ms)
			SetLoadedEditorAssemblies (18ms)
			BeforeProcessingInitializeOnLoad (371ms)
			ProcessInitializeOnLoadAttributes (1428ms)
			ProcessInitializeOnLoadMethodAttributes (174ms)
			AfterProcessingInitializeOnLoad (17ms)
			EditorAssembliesLoaded (1ms)
		ExecutionOrderSort2 (0ms)
		AwakeInstancesAfterBackupRestoration (60ms)
Refreshing native plugins compatible for Editor in 5.58 ms, found 4 plugins.
Preloading 0 native plugins for Editor in 0.00 ms.
Unloading 13 Unused Serialized files (Serialized files now loaded: 0)
Unloading 6580 unused Assets / (4.1 MB). Loaded Objects now: 7429.
Memory consumption went from 154.7 MB to 150.6 MB.
Total: 34.347000 ms (FindLiveObjects: 2.631600 ms CreateObjectMapping: 3.517300 ms MarkObjects: 21.049100 ms  DeleteObjects: 7.147100 ms)

Prepare: number of updated asset objects reloaded= 0
========================================================================
Received Import Request.
  Time since last request: 503.337843 seconds.
  path: Assets/Prefab/Goal.prefab
  artifactKey: Guid(9d3fb12386febe847bab2ab777622295) Importer(815301076,1909f56bfc062723c751e8b465ee728b)
Start importing Assets/Prefab/Goal.prefab using Guid(9d3fb12386febe847bab2ab777622295) Importer(815301076,1909f56bfc062723c751e8b465ee728b) (PreviewImporter) -> (artifact id: 'c32d58620f6ac3c7b15b8b86d4624c8b') in 1.0061063 seconds
Number of updated asset objects reloaded before import = 0Number of asset objects unloaded after import = 9

========================================================================
Received Import Request.
  Time since last request: 0.374091 seconds.
  path: Assets/GameInputControllerIconsFree/keyboard/keyboard-outlined/tab.png
  artifactKey: Guid(bb09968fff837f048afa19a51c0045a5) Importer(815301076,1909f56bfc062723c751e8b465ee728b)
Start importing Assets/GameInputControllerIconsFree/keyboard/keyboard-outlined/tab.png using Guid(bb09968fff837f048afa19a51c0045a5) Importer(815301076,1909f56bfc062723c751e8b465ee728b) (PreviewImporter) -> (artifact id: '4191052325a9a56a3813d1984f7a33df') in 0.0758523 seconds
Number of updated asset objects reloaded before import = 0Number of asset objects unloaded after import = 3

========================================================================
Received Import Request.
  Time since last request: 0.000095 seconds.
  path: Packages/com.unity.2d.common/Path/Editor/Handles/TangentBroken.png
  artifactKey: Guid(fe95aee6edcd44a18bb5f5ff8269e300) Importer(815301076,1909f56bfc062723c751e8b465ee728b)
Start importing Packages/com.unity.2d.common/Path/Editor/Handles/TangentBroken.png using Guid(fe95aee6edcd44a18bb5f5ff8269e300) Importer(815301076,1909f56bfc062723c751e8b465ee728b) (PreviewImporter) -> (artifact id: '576066678372d670a06c36102ef4e1ff') in 0.0968142 seconds
Number of updated asset objects reloaded before import = 0Number of asset objects unloaded after import = 3

========================================================================
Received Import Request.
  Time since last request: 0.000041 seconds.
  path: Packages/com.unity.2d.common/Path/Editor/Handles/TangentContinuousPro.png
  artifactKey: Guid(25c4e987877a046bd994284ffeabc78b) Importer(815301076,1909f56bfc062723c751e8b465ee728b)
Start importing Packages/com.unity.2d.common/Path/Editor/Handles/TangentContinuousPro.png using Guid(25c4e987877a046bd994284ffeabc78b) Importer(815301076,1909f56bfc062723c751e8b465ee728b) (PreviewImporter) -> (artifact id: '5c757a9b5113c46c53a4db10238aa9ea') in 0.0518742 seconds
Number of updated asset objects reloaded before import = 0Number of asset objects unloaded after import = 3

========================================================================
Received Import Request.
  Time since last request: 0.000030 seconds.
  path: Packages/com.unity.2d.common/Path/Editor/Handles/TangentLinear.png
  artifactKey: Guid(70769958773904c02bc91efe3db06047) Importer(815301076,1909f56bfc062723c751e8b465ee728b)
Start importing Packages/com.unity.2d.common/Path/Editor/Handles/TangentLinear.png using Guid(70769958773904c02bc91efe3db06047) Importer(815301076,1909f56bfc062723c751e8b465ee728b) (PreviewImporter) -> (artifact id: '3cb2c29cc30fcbf0088b44eaa4b1df86') in 0.050717 seconds
Number of updated asset objects reloaded before import = 0Number of asset objects unloaded after import = 3

========================================================================
Received Import Request.
  Time since last request: 0.000038 seconds.
  path: Packages/com.unity.2d.common/Path/Editor/Handles/TangentLinearPro.png
  artifactKey: Guid(5315c047999aa4d869298f6988dfeb30) Importer(815301076,1909f56bfc062723c751e8b465ee728b)
Start importing Packages/com.unity.2d.common/Path/Editor/Handles/TangentLinearPro.png using Guid(5315c047999aa4d869298f6988dfeb30) Importer(815301076,1909f56bfc062723c751e8b465ee728b) (PreviewImporter) -> (artifact id: '3815131e31994eea331926b0eec2025a') in 0.0270644 seconds
Number of updated asset objects reloaded before import = 0Number of asset objects unloaded after import = 3

========================================================================
Received Import Request.
  Time since last request: 2.019044 seconds.
  path: Assets/Prefab/Goal.prefab
  artifactKey: Guid(9d3fb12386febe847bab2ab777622295) Importer(815301076,1909f56bfc062723c751e8b465ee728b)
Start importing Assets/Prefab/Goal.prefab using Guid(9d3fb12386febe847bab2ab777622295) Importer(815301076,1909f56bfc062723c751e8b465ee728b) (PreviewImporter) -> (artifact id: '9125a675f9d27ed69f9bfeb8bd4cbd99') in 0.0260932 seconds
Number of updated asset objects reloaded before import = 0Number of asset objects unloaded after import = 9

========================================================================
Received Import Request.
  Time since last request: 1.317311 seconds.
  path: Assets/GameInputControllerIconsFree/keyboard/keyboard-outlined/tilde.png
  artifactKey: Guid(9a1ab6b49edae7c4d94e4cf18df696b0) Importer(815301076,1909f56bfc062723c751e8b465ee728b)
Start importing Assets/GameInputControllerIconsFree/keyboard/keyboard-outlined/tilde.png using Guid(9a1ab6b49edae7c4d94e4cf18df696b0) Importer(815301076,1909f56bfc062723c751e8b465ee728b) (PreviewImporter) -> (artifact id: '0bd2122cc62af9af7159022a0acec0f9') in 0.0279361 seconds
Number of updated asset objects reloaded before import = 0Number of asset objects unloaded after import = 3

========================================================================
Received Import Request.
  Time since last request: 0.608189 seconds.
  path: Packages/com.unity.2d.tilemap/Editor/Icons/Tilemap.BrushPicks.png
  artifactKey: Guid(d5e72ab52355f594fb3b3ba0deba9b4a) Importer(815301076,1909f56bfc062723c751e8b465ee728b)
Start importing Packages/com.unity.2d.tilemap/Editor/Icons/Tilemap.BrushPicks.png using Guid(d5e72ab52355f594fb3b3ba0deba9b4a) Importer(815301076,1909f56bfc062723c751e8b465ee728b) (PreviewImporter) -> (artifact id: '82422c57ba5a01984468f6fea5a46d15') in 0.0571007 seconds
Number of updated asset objects reloaded before import = 0Number of asset objects unloaded after import = 3

========================================================================
Received Import Request.
  Time since last request: 0.000032 seconds.
  path: Packages/com.unity.2d.tilemap/Editor/Icons/Tilemap.BrushSettings.png
  artifactKey: Guid(7a17912541de348408b722a40b972ea3) Importer(815301076,1909f56bfc062723c751e8b465ee728b)
Start importing Packages/com.unity.2d.tilemap/Editor/Icons/Tilemap.BrushSettings.png using Guid(7a17912541de348408b722a40b972ea3) Importer(815301076,1909f56bfc062723c751e8b465ee728b) (PreviewImporter) -> (artifact id: 'c6c1b39ab00d6c55a5deb8bf802de69e') in 0.0651778 seconds
Number of updated asset objects reloaded before import = 0Number of asset objects unloaded after import = 3

========================================================================
Received Import Request.
  Time since last request: 0.000129 seconds.
  path: Packages/com.unity.2d.tilemap/Editor/Icons/Tilemap.BrushSettings@2x.png
  artifactKey: Guid(47500a6fba22d6849a3f9335aa198ba5) Importer(815301076,1909f56bfc062723c751e8b465ee728b)
Start importing Packages/com.unity.2d.tilemap/Editor/Icons/Tilemap.BrushSettings@2x.png using Guid(47500a6fba22d6849a3f9335aa198ba5) Importer(815301076,1909f56bfc062723c751e8b465ee728b) (PreviewImporter) -> (artifact id: 'c1762f1757666c68fa2086cf976967de') in 0.1016375 seconds
Number of updated asset objects reloaded before import = 0Number of asset objects unloaded after import = 3

========================================================================
Received Import Request.
  Time since last request: 0.074441 seconds.
  path: Packages/com.unity.2d.tilemap/Editor/Icons/Tilemap.DefaultBrush@2x.png
  artifactKey: Guid(9182e08d6d8be424a98050562de5b053) Importer(815301076,1909f56bfc062723c751e8b465ee728b)
Start importing Packages/com.unity.2d.tilemap/Editor/Icons/Tilemap.DefaultBrush@2x.png using Guid(9182e08d6d8be424a98050562de5b053) Importer(815301076,1909f56bfc062723c751e8b465ee728b) (PreviewImporter) -> (artifact id: '30bcfe621a211cd28db4928378741fc5') in 0.0246639 seconds
Number of updated asset objects reloaded before import = 0Number of asset objects unloaded after import = 3

========================================================================
Received Import Request.
  Time since last request: 0.000027 seconds.
  path: Packages/com.unity.2d.tilemap/Editor/Icons/Tilemap.DefaultBrush@4x.png
  artifactKey: Guid(6ccf4234805f2d049a6869c33213ff65) Importer(815301076,1909f56bfc062723c751e8b465ee728b)
Start importing Packages/com.unity.2d.tilemap/Editor/Icons/Tilemap.DefaultBrush@4x.png using Guid(6ccf4234805f2d049a6869c33213ff65) Importer(815301076,1909f56bfc062723c751e8b465ee728b) (PreviewImporter) -> (artifact id: '5dc9d064231913b792fdfdf1a1d9f96a') in 0.0221674 seconds
Number of updated asset objects reloaded before import = 0Number of asset objects unloaded after import = 3

========================================================================
Received Import Request.
  Time since last request: 0.030829 seconds.
  path: Packages/com.unity.2d.tilemap/Editor/Icons/Tilemap.EditPalette@2x.png
  artifactKey: Guid(13c8bd32c985e204eafd19f6360119db) Importer(815301076,1909f56bfc062723c751e8b465ee728b)
Start importing Packages/com.unity.2d.tilemap/Editor/Icons/Tilemap.EditPalette@2x.png using Guid(13c8bd32c985e204eafd19f6360119db) Importer(815301076,1909f56bfc062723c751e8b465ee728b) (PreviewImporter) -> (artifact id: 'c4bb6e358a6de3f75abbc7404b074986') in 0.047859 seconds
Number of updated asset objects reloaded before import = 0Number of asset objects unloaded after import = 3

========================================================================
Received Import Request.
  Time since last request: 0.283608 seconds.
  path: Packages/com.unity.2d.tilemap/Editor/Icons/Tilemap.EditPalette@4x.png
  artifactKey: Guid(72a3c6132d5e2ae48a1df56cfebbc7c2) Importer(815301076,1909f56bfc062723c751e8b465ee728b)
Start importing Packages/com.unity.2d.tilemap/Editor/Icons/Tilemap.EditPalette@4x.png using Guid(72a3c6132d5e2ae48a1df56cfebbc7c2) Importer(815301076,1909f56bfc062723c751e8b465ee728b) (PreviewImporter) -> (artifact id: 'f5587ee8a01db51e5f63ddb4d2b203ed') in 0.0500651 seconds
Number of updated asset objects reloaded before import = 0Number of asset objects unloaded after import = 3

========================================================================
Received Import Request.
  Time since last request: 0.000034 seconds.
  path: Packages/com.unity.2d.tilemap/Editor/Icons/Tilemap.FocusGrid@2x.png
  artifactKey: Guid(929e44994130ee644ac47965b289aec4) Importer(815301076,1909f56bfc062723c751e8b465ee728b)
Start importing Packages/com.unity.2d.tilemap/Editor/Icons/Tilemap.FocusGrid@2x.png using Guid(929e44994130ee644ac47965b289aec4) Importer(815301076,1909f56bfc062723c751e8b465ee728b) (PreviewImporter) -> (artifact id: '58c5854ce389af0ccd85c8d45b376284') in 0.0642753 seconds
Number of updated asset objects reloaded before import = 0Number of asset objects unloaded after import = 3

========================================================================
Received Import Request.
  Time since last request: 0.295456 seconds.
  path: Packages/com.unity.2d.tilemap/Editor/Icons/Tilemap.FocusNone.png
  artifactKey: Guid(592cc37b962a5604599e514ecc35f4b2) Importer(815301076,1909f56bfc062723c751e8b465ee728b)
Start importing Packages/com.unity.2d.tilemap/Editor/Icons/Tilemap.FocusNone.png using Guid(592cc37b962a5604599e514ecc35f4b2) Importer(815301076,1909f56bfc062723c751e8b465ee728b) (PreviewImporter) -> (artifact id: 'ce2dc935fe44f1573c98ff9f40da08a6') in 0.0272448 seconds
Number of updated asset objects reloaded before import = 0Number of asset objects unloaded after import = 3

========================================================================
Received Import Request.
  Time since last request: 0.000030 seconds.
  path: Packages/com.unity.2d.tilemap/Editor/Icons/Tilemap.FocusNone@4x.png
  artifactKey: Guid(070c631c5a8d05e41baf0a64b742067d) Importer(815301076,1909f56bfc062723c751e8b465ee728b)
Start importing Packages/com.unity.2d.tilemap/Editor/Icons/Tilemap.FocusNone@4x.png using Guid(070c631c5a8d05e41baf0a64b742067d) Importer(815301076,1909f56bfc062723c751e8b465ee728b) (PreviewImporter) -> (artifact id: 'd57045bd9bf4d40953f1469ea601e2b9') in 0.0450762 seconds
Number of updated asset objects reloaded before import = 0Number of asset objects unloaded after import = 3

========================================================================
Received Import Request.
  Time since last request: 0.000042 seconds.
  path: Packages/com.unity.2d.tilemap/Editor/Icons/Tilemap.FocusTilemap.png
  artifactKey: Guid(534112f711642464e8a5b9b5ea20e941) Importer(815301076,1909f56bfc062723c751e8b465ee728b)
Start importing Packages/com.unity.2d.tilemap/Editor/Icons/Tilemap.FocusTilemap.png using Guid(534112f711642464e8a5b9b5ea20e941) Importer(815301076,1909f56bfc062723c751e8b465ee728b) (PreviewImporter) -> (artifact id: 'e3b674f3af3468326bafbc3b64f06532') in 0.0247706 seconds
Number of updated asset objects reloaded before import = 0Number of asset objects unloaded after import = 3

========================================================================
Received Import Request.
  Time since last request: 0.000053 seconds.
  path: Packages/com.unity.2d.tilemap/Editor/Icons/Tilemap.FocusTilemap@2x.png
  artifactKey: Guid(6b80cdd1d5ce20c4189553f129f4d175) Importer(815301076,1909f56bfc062723c751e8b465ee728b)
Start importing Packages/com.unity.2d.tilemap/Editor/Icons/Tilemap.FocusTilemap@2x.png using Guid(6b80cdd1d5ce20c4189553f129f4d175) Importer(815301076,1909f56bfc062723c751e8b465ee728b) (PreviewImporter) -> (artifact id: 'e4d6853cf21aca4ce68f0d52b641bca6') in 0.0552751 seconds
Number of updated asset objects reloaded before import = 0Number of asset objects unloaded after import = 3

========================================================================
Received Import Request.
  Time since last request: 0.000046 seconds.
  path: Packages/com.unity.2d.tilemap/Editor/Icons/Tilemap.GridPaint.png
  artifactKey: Guid(1915f55bbb9484044b7829d1df0b4abf) Importer(815301076,1909f56bfc062723c751e8b465ee728b)
Start importing Packages/com.unity.2d.tilemap/Editor/Icons/Tilemap.GridPaint.png using Guid(1915f55bbb9484044b7829d1df0b4abf) Importer(815301076,1909f56bfc062723c751e8b465ee728b) (PreviewImporter) -> (artifact id: '0737f48af8238f02b33866c55d77234e') in 0.0339519 seconds
Number of updated asset objects reloaded before import = 0Number of asset objects unloaded after import = 3

========================================================================
Received Import Request.
  Time since last request: 0.146989 seconds.
  path: Packages/com.unity.2d.tilemap/Editor/Icons/Tilemap.GridPaint@4x.png
  artifactKey: Guid(c54623997d885f6499655af6031a3bf9) Importer(815301076,1909f56bfc062723c751e8b465ee728b)
Start importing Packages/com.unity.2d.tilemap/Editor/Icons/Tilemap.GridPaint@4x.png using Guid(c54623997d885f6499655af6031a3bf9) Importer(815301076,1909f56bfc062723c751e8b465ee728b) (PreviewImporter) -> (artifact id: '3f9d91ce98d906f775865bc9a1f76229') in 0.0289738 seconds
Number of updated asset objects reloaded before import = 0Number of asset objects unloaded after import = 3

========================================================================
Received Import Request.
  Time since last request: 0.000046 seconds.
  path: Packages/com.unity.2d.tilemap/Editor/Icons/Tilemap.ShowGrid@2x.png
  artifactKey: Guid(db1e8fc8f15be484bb9f866640b84c04) Importer(815301076,1909f56bfc062723c751e8b465ee728b)
Start importing Packages/com.unity.2d.tilemap/Editor/Icons/Tilemap.ShowGrid@2x.png using Guid(db1e8fc8f15be484bb9f866640b84c04) Importer(815301076,1909f56bfc062723c751e8b465ee728b) (PreviewImporter) -> (artifact id: 'e2d0d0170129ffab816668d426a1f4ab') in 0.0410423 seconds
Number of updated asset objects reloaded before import = 0Number of asset objects unloaded after import = 3

========================================================================
Received Import Request.
  Time since last request: 0.000099 seconds.
  path: Packages/com.unity.2d.tilemap/Editor/Icons/Tilemap.ShowTilePalette.png
  artifactKey: Guid(4b6b0d10629b2ea40846b0eed5b74f43) Importer(815301076,1909f56bfc062723c751e8b465ee728b)
Start importing Packages/com.unity.2d.tilemap/Editor/Icons/Tilemap.ShowTilePalette.png using Guid(4b6b0d10629b2ea40846b0eed5b74f43) Importer(815301076,1909f56bfc062723c751e8b465ee728b) (PreviewImporter) -> (artifact id: '2903ff8e59974d2875c301ac3dd525b7') in 0.0242734 seconds
Number of updated asset objects reloaded before import = 0Number of asset objects unloaded after import = 3

========================================================================
Received Import Request.
  Time since last request: 0.000024 seconds.
  path: Packages/com.unity.2d.tilemap/Editor/Icons/Tilemap.ShowTilePalette@2x.png
  artifactKey: Guid(d88e25b75a7927f4683afb6c74b05a08) Importer(815301076,1909f56bfc062723c751e8b465ee728b)
Start importing Packages/com.unity.2d.tilemap/Editor/Icons/Tilemap.ShowTilePalette@2x.png using Guid(d88e25b75a7927f4683afb6c74b05a08) Importer(815301076,1909f56bfc062723c751e8b465ee728b) (PreviewImporter) -> (artifact id: '16801fa1833f483782db84971de0bd3c') in 0.1364347 seconds
Number of updated asset objects reloaded before import = 0Number of asset objects unloaded after import = 3

========================================================================
Received Import Request.
  Time since last request: 0.000050 seconds.
  path: Packages/com.unity.2d.tilemap/Editor/Icons/Tilemap.TilePalette@2x.png
  artifactKey: Guid(5d83937eb3ca95047b4e0e43aac5e962) Importer(815301076,1909f56bfc062723c751e8b465ee728b)
Start importing Packages/com.unity.2d.tilemap/Editor/Icons/Tilemap.TilePalette@2x.png using Guid(5d83937eb3ca95047b4e0e43aac5e962) Importer(815301076,1909f56bfc062723c751e8b465ee728b) (PreviewImporter) -> (artifact id: '84325ea96690183058d3d452ff229d15') in 0.0507485 seconds
Number of updated asset objects reloaded before import = 0Number of asset objects unloaded after import = 3

========================================================================
Received Import Request.
  Time since last request: 7.469591 seconds.
  path: Assets/GameInputControllerIconsFree/keyboard/keyboard-outlined/u.png
  artifactKey: Guid(edbc05a287c228d439ad6156de7be89c) Importer(815301076,1909f56bfc062723c751e8b465ee728b)
Start importing Assets/GameInputControllerIconsFree/keyboard/keyboard-outlined/u.png using Guid(edbc05a287c228d439ad6156de7be89c) Importer(815301076,1909f56bfc062723c751e8b465ee728b) (PreviewImporter) -> (artifact id: '70e44410d8e8150e68ae58ff41d6da63') in 0.0303417 seconds
Number of updated asset objects reloaded before import = 0Number of asset objects unloaded after import = 3

========================================================================
Received Import Request.
  Time since last request: 0.025576 seconds.
  path: Assets/GameInputControllerIconsFree/keyboard/keyboard-solid/u.png
  artifactKey: Guid(bd4e675c1a069194daeb7a212665b44e) Importer(815301076,1909f56bfc062723c751e8b465ee728b)
Start importing Assets/GameInputControllerIconsFree/keyboard/keyboard-solid/u.png using Guid(bd4e675c1a069194daeb7a212665b44e) Importer(815301076,1909f56bfc062723c751e8b465ee728b) (PreviewImporter) -> (artifact id: '4e40355cc767f4f00e48c3e6b961d3e6') in 0.0264569 seconds
Number of updated asset objects reloaded before import = 0Number of asset objects unloaded after import = 3

========================================================================
Received Import Request.
  Time since last request: 0.000028 seconds.
  path: Packages/com.unity.render-pipelines.core/Runtime/Debugging/Prefabs/Textures/UICheckMark.png
  artifactKey: Guid(b346b2a2df1d290438be3287b6419408) Importer(815301076,1909f56bfc062723c751e8b465ee728b)
Start importing Packages/com.unity.render-pipelines.core/Runtime/Debugging/Prefabs/Textures/UICheckMark.png using Guid(b346b2a2df1d290438be3287b6419408) Importer(815301076,1909f56bfc062723c751e8b465ee728b) (PreviewImporter) -> (artifact id: 'bbf7a8e9d1c88d8c9baf0ab1059b860e') in 0.0820462 seconds
Number of updated asset objects reloaded before import = 0Number of asset objects unloaded after import = 3

========================================================================
Received Import Request.
  Time since last request: 0.000055 seconds.
  path: Packages/com.unity.render-pipelines.core/Runtime/Debugging/Prefabs/Textures/UIFoldoutClosed.png
  artifactKey: Guid(7a0568d5e3330b84687e307992be3030) Importer(815301076,1909f56bfc062723c751e8b465ee728b)
Start importing Packages/com.unity.render-pipelines.core/Runtime/Debugging/Prefabs/Textures/UIFoldoutClosed.png using Guid(7a0568d5e3330b84687e307992be3030) Importer(815301076,1909f56bfc062723c751e8b465ee728b) (PreviewImporter) -> (artifact id: '0bb014295bfc240c83a251f03f94163d') in 0.0601626 seconds
Number of updated asset objects reloaded before import = 0Number of asset objects unloaded after import = 3

========================================================================
Received Import Request.
  Time since last request: 0.000026 seconds.
  path: Assets/GameInputControllerIconsFree/keyboard/keyboard-solid/v.png
  artifactKey: Guid(c9fdd63a94fa0804a8b51a9557fecd33) Importer(815301076,1909f56bfc062723c751e8b465ee728b)
Start importing Assets/GameInputControllerIconsFree/keyboard/keyboard-solid/v.png using Guid(c9fdd63a94fa0804a8b51a9557fecd33) Importer(815301076,1909f56bfc062723c751e8b465ee728b) (PreviewImporter) -> (artifact id: 'bcb59559843d6cf2829926f9e0dc44a6') in 0.0648557 seconds
Number of updated asset objects reloaded before import = 0Number of asset objects unloaded after import = 3

========================================================================
Received Import Request.
  Time since last request: 0.000037 seconds.
  path: Packages/com.unity.2d.animation/Editor/Assets/EditorIcons/Light/Visibility_Hidded.png
  artifactKey: Guid(a20f7223e2252fc4d813fc92d0f3a614) Importer(815301076,1909f56bfc062723c751e8b465ee728b)
Start importing Packages/com.unity.2d.animation/Editor/Assets/EditorIcons/Light/Visibility_Hidded.png using Guid(a20f7223e2252fc4d813fc92d0f3a614) Importer(815301076,1909f56bfc062723c751e8b465ee728b) (PreviewImporter) -> (artifact id: 'e9d2da95bcffe375ac76a7f49aff0537') in 0.0720855 seconds
Number of updated asset objects reloaded before import = 0Number of asset objects unloaded after import = 3

========================================================================
Received Import Request.
  Time since last request: 0.000064 seconds.
  path: Packages/com.unity.2d.animation/Editor/Assets/EditorIcons/Light/Visibility_Hidded@3x.png
  artifactKey: Guid(89930da27dfbbc64ba1f3baf0ae416bb) Importer(815301076,1909f56bfc062723c751e8b465ee728b)
Start importing Packages/com.unity.2d.animation/Editor/Assets/EditorIcons/Light/Visibility_Hidded@3x.png using Guid(89930da27dfbbc64ba1f3baf0ae416bb) Importer(815301076,1909f56bfc062723c751e8b465ee728b) (PreviewImporter) -> (artifact id: 'b656a93b520263bc7396b6f31404575f') in 0.0738511 seconds
Number of updated asset objects reloaded before import = 0Number of asset objects unloaded after import = 3

========================================================================
Received Import Request.
  Time since last request: 0.000027 seconds.
  path: Packages/com.unity.2d.animation/Editor/Assets/EditorIcons/Light/Visibility_Tool.png
  artifactKey: Guid(1e7c59239d2a59140b34f39ea6d4d44c) Importer(815301076,1909f56bfc062723c751e8b465ee728b)
Start importing Packages/com.unity.2d.animation/Editor/Assets/EditorIcons/Light/Visibility_Tool.png using Guid(1e7c59239d2a59140b34f39ea6d4d44c) Importer(815301076,1909f56bfc062723c751e8b465ee728b) (PreviewImporter) -> (artifact id: '8ee93f61ea145e9524696f309d8e9a4d') in 0.653713 seconds
Number of updated asset objects reloaded before import = 0Number of asset objects unloaded after import = 3

========================================================================
Received Import Request.
  Time since last request: 0.000044 seconds.
  path: Packages/com.unity.2d.animation/Editor/Assets/EditorIcons/Light/Visibility_Tool@2x.png
  artifactKey: Guid(45c995b76b893fd4b9e8d3e0f9f6463b) Importer(815301076,1909f56bfc062723c751e8b465ee728b)
Start importing Packages/com.unity.2d.animation/Editor/Assets/EditorIcons/Light/Visibility_Tool@2x.png using Guid(45c995b76b893fd4b9e8d3e0f9f6463b) Importer(815301076,1909f56bfc062723c751e8b465ee728b) (PreviewImporter) -> (artifact id: '58ef16325d2392050f69e2fe5c77f533') in 0.1459106 seconds
Number of updated asset objects reloaded before import = 0Number of asset objects unloaded after import = 3

========================================================================
Received Import Request.
  Time since last request: 0.000054 seconds.
  path: Packages/com.unity.2d.animation/Editor/Assets/EditorIcons/Selected/Visibility_Tool@3x.png
  artifactKey: Guid(8004118ba4145a74e823fedaa37acf3a) Importer(815301076,1909f56bfc062723c751e8b465ee728b)
Start importing Packages/com.unity.2d.animation/Editor/Assets/EditorIcons/Selected/Visibility_Tool@3x.png using Guid(8004118ba4145a74e823fedaa37acf3a) Importer(815301076,1909f56bfc062723c751e8b465ee728b) (PreviewImporter) -> (artifact id: '079bffee50127e7bb546e8ee4943921c') in 0.0350117 seconds
Number of updated asset objects reloaded before import = 0Number of asset objects unloaded after import = 3

========================================================================
Received Import Request.
  Time since last request: 0.317862 seconds.
  path: Packages/com.unity.2d.animation/Editor/Assets/EditorIcons/Light/Visibility_Tool@4x.png
  artifactKey: Guid(216c53aef79eaaf40a1800cc5e542dc3) Importer(815301076,1909f56bfc062723c751e8b465ee728b)
Start importing Packages/com.unity.2d.animation/Editor/Assets/EditorIcons/Light/Visibility_Tool@4x.png using Guid(216c53aef79eaaf40a1800cc5e542dc3) Importer(815301076,1909f56bfc062723c751e8b465ee728b) (PreviewImporter) -> (artifact id: 'bace885e5058da9e0b50feb48eb6ab06') in 0.0459475 seconds
Number of updated asset objects reloaded before import = 0Number of asset objects unloaded after import = 3

========================================================================
Received Import Request.
  Time since last request: 0.066457 seconds.
  path: Assets/GameInputControllerIconsFree/keyboard/keyboard-outlined/w.png
  artifactKey: Guid(080e9c0f37c820a4ba5f661d8c493a4d) Importer(815301076,1909f56bfc062723c751e8b465ee728b)
Start importing Assets/GameInputControllerIconsFree/keyboard/keyboard-outlined/w.png using Guid(080e9c0f37c820a4ba5f661d8c493a4d) Importer(815301076,1909f56bfc062723c751e8b465ee728b) (PreviewImporter) -> (artifact id: '5d896d73172ac4937a253d5acbfc6d9f') in 0.0295753 seconds
Number of updated asset objects reloaded before import = 0Number of asset objects unloaded after import = 3

========================================================================
Received Import Request.
  Time since last request: 0.000036 seconds.
  path: Packages/com.unity.2d.animation/Editor/Assets/EditorIcons/Light/WarningIcon_Small.png
  artifactKey: Guid(04d9cdfc54a6a485d83a3d78a3139505) Importer(815301076,1909f56bfc062723c751e8b465ee728b)
Start importing Packages/com.unity.2d.animation/Editor/Assets/EditorIcons/Light/WarningIcon_Small.png using Guid(04d9cdfc54a6a485d83a3d78a3139505) Importer(815301076,1909f56bfc062723c751e8b465ee728b) (PreviewImporter) -> (artifact id: '66b9efb8c0f0eda6c036004c5bbd8dd0') in 0.0921843 seconds
Number of updated asset objects reloaded before import = 0Number of asset objects unloaded after import = 3

========================================================================
Received Import Request.
  Time since last request: 0.057703 seconds.
  path: Packages/com.unity.2d.animation/Editor/Assets/EditorIcons/Selected/Weight_Brush.png
  artifactKey: Guid(bf734b7184825b040837040cb93a8dc7) Importer(815301076,1909f56bfc062723c751e8b465ee728b)
Start importing Packages/com.unity.2d.animation/Editor/Assets/EditorIcons/Selected/Weight_Brush.png using Guid(bf734b7184825b040837040cb93a8dc7) Importer(815301076,1909f56bfc062723c751e8b465ee728b) (PreviewImporter) -> (artifact id: '6cfaeec4c53c9e2394591a6c851ca599') in 0.0665404 seconds
Number of updated asset objects reloaded before import = 0Number of asset objects unloaded after import = 3

========================================================================
Received Import Request.
  Time since last request: 0.209770 seconds.
  path: Packages/com.unity.2d.animation/Editor/Assets/EditorIcons/Selected/Weight_Brush@2x.png
  artifactKey: Guid(bb668641abe10a64891e26613cf530ee) Importer(815301076,1909f56bfc062723c751e8b465ee728b)
Start importing Packages/com.unity.2d.animation/Editor/Assets/EditorIcons/Selected/Weight_Brush@2x.png using Guid(bb668641abe10a64891e26613cf530ee) Importer(815301076,1909f56bfc062723c751e8b465ee728b) (PreviewImporter) -> (artifact id: 'd6915ec3718b7f98325a994957ef3ea7') in 0.0799988 seconds
Number of updated asset objects reloaded before import = 0Number of asset objects unloaded after import = 3

========================================================================
Received Import Request.
  Time since last request: 0.000046 seconds.
  path: Packages/com.unity.2d.animation/Editor/Assets/EditorIcons/Light/Weight_Brush@3x.png
  artifactKey: Guid(3279d541bf75c624cbdd7179eb5559a8) Importer(815301076,1909f56bfc062723c751e8b465ee728b)
Start importing Packages/com.unity.2d.animation/Editor/Assets/EditorIcons/Light/Weight_Brush@3x.png using Guid(3279d541bf75c624cbdd7179eb5559a8) Importer(815301076,1909f56bfc062723c751e8b465ee728b) (PreviewImporter) -> (artifact id: '0c99f9c1ba90486cc8eee03897c9fe59') in 0.0511266 seconds
Number of updated asset objects reloaded before import = 0Number of asset objects unloaded after import = 3

========================================================================
Received Import Request.
  Time since last request: 0.000048 seconds.
  path: Packages/com.unity.2d.animation/Editor/Assets/EditorIcons/Light/Weight_Brush@4x.png
  artifactKey: Guid(3dd5e5c693a816e4f96b869f6465955b) Importer(815301076,1909f56bfc062723c751e8b465ee728b)
Start importing Packages/com.unity.2d.animation/Editor/Assets/EditorIcons/Light/Weight_Brush@4x.png using Guid(3dd5e5c693a816e4f96b869f6465955b) Importer(815301076,1909f56bfc062723c751e8b465ee728b) (PreviewImporter) -> (artifact id: 'ed126edeec7477cb555499b60b81d33d') in 0.1310231 seconds
Number of updated asset objects reloaded before import = 0Number of asset objects unloaded after import = 3

========================================================================
Received Import Request.
  Time since last request: 0.043922 seconds.
  path: Packages/com.unity.2d.animation/Editor/Assets/EditorIcons/Selected/Weight_Slider.png
  artifactKey: Guid(96b029a4248c85a4e8de2aa81fc0b60a) Importer(815301076,1909f56bfc062723c751e8b465ee728b)
Start importing Packages/com.unity.2d.animation/Editor/Assets/EditorIcons/Selected/Weight_Slider.png using Guid(96b029a4248c85a4e8de2aa81fc0b60a) Importer(815301076,1909f56bfc062723c751e8b465ee728b) (PreviewImporter) -> (artifact id: 'd486475bc58e059cd2744f15d8fb059b') in 0.0289457 seconds
Number of updated asset objects reloaded before import = 0Number of asset objects unloaded after import = 3

========================================================================
Received Import Request.
  Time since last request: 0.021926 seconds.
  path: Packages/com.unity.2d.animation/Editor/Assets/EditorIcons/Selected/Weight_Slider@2x.png
  artifactKey: Guid(7f64a6e091143c0458506b559165cf72) Importer(815301076,1909f56bfc062723c751e8b465ee728b)
Start importing Packages/com.unity.2d.animation/Editor/Assets/EditorIcons/Selected/Weight_Slider@2x.png using Guid(7f64a6e091143c0458506b559165cf72) Importer(815301076,1909f56bfc062723c751e8b465ee728b) (PreviewImporter) -> (artifact id: '5fb983bdab1e0fd030230e48549d64f6') in 0.0229719 seconds
Number of updated asset objects reloaded before import = 0Number of asset objects unloaded after import = 3

========================================================================
Received Import Request.
  Time since last request: 0.000027 seconds.
  path: Packages/com.unity.2d.animation/Editor/Assets/EditorIcons/Selected/Weight_Slider@3x.png
  artifactKey: Guid(af73899d5803d99448134360f184f348) Importer(815301076,1909f56bfc062723c751e8b465ee728b)
Start importing Packages/com.unity.2d.animation/Editor/Assets/EditorIcons/Selected/Weight_Slider@3x.png using Guid(af73899d5803d99448134360f184f348) Importer(815301076,1909f56bfc062723c751e8b465ee728b) (PreviewImporter) -> (artifact id: '36d39c114a0ac633d49971071064b63f') in 0.4699097 seconds
Number of updated asset objects reloaded before import = 0Number of asset objects unloaded after import = 3

========================================================================
Received Import Request.
  Time since last request: 0.000029 seconds.
  path: Packages/com.unity.2d.animation/Editor/Assets/EditorIcons/Light/Weight_Slider@4x.png
  artifactKey: Guid(4e494ad3b858ecf4fab63aae9075d43d) Importer(815301076,1909f56bfc062723c751e8b465ee728b)
Start importing Packages/com.unity.2d.animation/Editor/Assets/EditorIcons/Light/Weight_Slider@4x.png using Guid(4e494ad3b858ecf4fab63aae9075d43d) Importer(815301076,1909f56bfc062723c751e8b465ee728b) (PreviewImporter) -> (artifact id: 'e5d80241be39e5cebccfe7d13b45c12f') in 0.0839326 seconds
Number of updated asset objects reloaded before import = 0Number of asset objects unloaded after import = 3

========================================================================
Received Import Request.
  Time since last request: 0.000040 seconds.
  path: Packages/com.unity.render-pipelines.core/Runtime/Debugging/Prefabs/Textures/White1px.png
  artifactKey: Guid(127279d577f25ac4ea17dae3782e5074) Importer(815301076,1909f56bfc062723c751e8b465ee728b)
Start importing Packages/com.unity.render-pipelines.core/Runtime/Debugging/Prefabs/Textures/White1px.png using Guid(127279d577f25ac4ea17dae3782e5074) Importer(815301076,1909f56bfc062723c751e8b465ee728b) (PreviewImporter) -> (artifact id: '84716618172751238afb5c64159f36a2') in 0.0517491 seconds
Number of updated asset objects reloaded before import = 0Number of asset objects unloaded after import = 3

========================================================================
Received Import Request.
  Time since last request: 0.010002 seconds.
  path: Assets/GameInputControllerIconsFree/keyboard/keyboard-outlined/windows.png
  artifactKey: Guid(680e6679a7cf67f429134aaf9493e2ff) Importer(815301076,1909f56bfc062723c751e8b465ee728b)
Start importing Assets/GameInputControllerIconsFree/keyboard/keyboard-outlined/windows.png using Guid(680e6679a7cf67f429134aaf9493e2ff) Importer(815301076,1909f56bfc062723c751e8b465ee728b) (PreviewImporter) -> (artifact id: 'a80a814ee424d531a17c1fca03f0a176') in 0.145459 seconds
Number of updated asset objects reloaded before import = 0Number of asset objects unloaded after import = 3

========================================================================
Received Import Request.
  Time since last request: 0.007746 seconds.
  path: Assets/GameInputControllerIconsFree/keyboard/keyboard-solid/x.png
  artifactKey: Guid(9d7cf1d7019dac540ba1630b9f701dc4) Importer(815301076,1909f56bfc062723c751e8b465ee728b)
Start importing Assets/GameInputControllerIconsFree/keyboard/keyboard-solid/x.png using Guid(9d7cf1d7019dac540ba1630b9f701dc4) Importer(815301076,1909f56bfc062723c751e8b465ee728b) (PreviewImporter) -> (artifact id: '3a1624698e97120b23d1cad5c6d076f4') in 0.0663742 seconds
Number of updated asset objects reloaded before import = 0Number of asset objects unloaded after import = 3

========================================================================
Received Import Request.
  Time since last request: 0.015632 seconds.
  path: Assets/GameInputControllerIconsFree/keyboard/keyboard-solid/y.png
  artifactKey: Guid(df05019a90b93de49b95ae1eefd15329) Importer(815301076,1909f56bfc062723c751e8b465ee728b)
Start importing Assets/GameInputControllerIconsFree/keyboard/keyboard-solid/y.png using Guid(df05019a90b93de49b95ae1eefd15329) Importer(815301076,1909f56bfc062723c751e8b465ee728b) (PreviewImporter) -> (artifact id: 'f3786ab8f7fad70a58156f86e6df6199') in 0.0743906 seconds
Number of updated asset objects reloaded before import = 0Number of asset objects unloaded after import = 3

========================================================================
Received Import Request.
  Time since last request: 0.038896 seconds.
  path: Assets/GameInputControllerIconsFree/keyboard/keyboard-solid/z.png
  artifactKey: Guid(56814b4309a3e77458d0e2fe3c633abc) Importer(815301076,1909f56bfc062723c751e8b465ee728b)
Start importing Assets/GameInputControllerIconsFree/keyboard/keyboard-solid/z.png using Guid(56814b4309a3e77458d0e2fe3c633abc) Importer(815301076,1909f56bfc062723c751e8b465ee728b) (PreviewImporter) -> (artifact id: 'b3407489272b84824bc61bc02da4c35a') in 0.02585 seconds
Number of updated asset objects reloaded before import = 0Number of asset objects unloaded after import = 3

========================================================================
Received Import Request.
  Time since last request: 7.448528 seconds.
  path: Assets/Prefab/Goal.prefab
  artifactKey: Guid(9d3fb12386febe847bab2ab777622295) Importer(815301076,1909f56bfc062723c751e8b465ee728b)
Start importing Assets/Prefab/Goal.prefab using Guid(9d3fb12386febe847bab2ab777622295) Importer(815301076,1909f56bfc062723c751e8b465ee728b) (PreviewImporter) -> (artifact id: 'a7a53f56d6b64297c6340149b1d83539') in 0.3049994 seconds
Number of updated asset objects reloaded before import = 0Number of asset objects unloaded after import = 9

========================================================================
Received Import Request.
  Time since last request: 7.290041 seconds.
  path: Assets/Prefab/Goal.prefab
  artifactKey: Guid(9d3fb12386febe847bab2ab777622295) Importer(815301076,1909f56bfc062723c751e8b465ee728b)
Start importing Assets/Prefab/Goal.prefab using Guid(9d3fb12386febe847bab2ab777622295) Importer(815301076,1909f56bfc062723c751e8b465ee728b) (PreviewImporter) -> (artifact id: '1b57f2633c2e34dbb267929e900715c6') in 0.0279498 seconds
Number of updated asset objects reloaded before import = 0Number of asset objects unloaded after import = 9

========================================================================
Received Import Request.
  Time since last request: 25.434658 seconds.
  path: Packages/com.unity.2d.animation/Editor/Assets/EditorIcons/Light/Sprite_Mode@2x.png
  artifactKey: Guid(cfe99a1afb609b4488d6fc9224a62f74) Importer(815301076,1909f56bfc062723c751e8b465ee728b)
Start importing Packages/com.unity.2d.animation/Editor/Assets/EditorIcons/Light/Sprite_Mode@2x.png using Guid(cfe99a1afb609b4488d6fc9224a62f74) Importer(815301076,1909f56bfc062723c751e8b465ee728b) (PreviewImporter) -> (artifact id: '417427d21f679e89bb8cdd6718ea7376') in 0.0606457 seconds
Number of updated asset objects reloaded before import = 0Number of asset objects unloaded after import = 3

========================================================================
Received Import Request.
  Time since last request: 0.000143 seconds.
  path: Packages/com.unity.2d.animation/Editor/Assets/EditorIcons/Light/Sprite_Mode@3x.png
  artifactKey: Guid(71d8b2e508f1d9947ba51013600a5eac) Importer(815301076,1909f56bfc062723c751e8b465ee728b)
Start importing Packages/com.unity.2d.animation/Editor/Assets/EditorIcons/Light/Sprite_Mode@3x.png using Guid(71d8b2e508f1d9947ba51013600a5eac) Importer(815301076,1909f56bfc062723c751e8b465ee728b) (PreviewImporter) -> (artifact id: 'ac82fa6c014a79935c34a80c925fd30d') in 0.0411876 seconds
Number of updated asset objects reloaded before import = 0Number of asset objects unloaded after import = 3

========================================================================
Received Import Request.
  Time since last request: 0.908307 seconds.
  path: Packages/com.unity.2d.animation/Editor/Assets/EditorIcons/Light/Sprite_Influence@4x.png
  artifactKey: Guid(0e0d5e38f19194a978d2f42b0b806775) Importer(815301076,1909f56bfc062723c751e8b465ee728b)
Start importing Packages/com.unity.2d.animation/Editor/Assets/EditorIcons/Light/Sprite_Influence@4x.png using Guid(0e0d5e38f19194a978d2f42b0b806775) Importer(815301076,1909f56bfc062723c751e8b465ee728b) (PreviewImporter) -> (artifact id: '80ab26eca6f1e222bb057984075d30a8') in 0.0511618 seconds
Number of updated asset objects reloaded before import = 0Number of asset objects unloaded after import = 3

========================================================================
Received Import Request.
  Time since last request: 0.000037 seconds.
  path: Packages/com.unity.2d.animation/Editor/Assets/EditorIcons/Light/Sprite_Mode.png
  artifactKey: Guid(2ad84ec7182471b4d8c44de568e22df4) Importer(815301076,1909f56bfc062723c751e8b465ee728b)
Start importing Packages/com.unity.2d.animation/Editor/Assets/EditorIcons/Light/Sprite_Mode.png using Guid(2ad84ec7182471b4d8c44de568e22df4) Importer(815301076,1909f56bfc062723c751e8b465ee728b) (PreviewImporter) -> (artifact id: '8f1e9ad4b4ed1792f9e03ce71132279b') in 0.0318896 seconds
Number of updated asset objects reloaded before import = 0Number of asset objects unloaded after import = 3

========================================================================
Received Import Request.
  Time since last request: 0.021409 seconds.
  path: Packages/com.unity.2d.animation/Editor/Assets/EditorIcons/Light/Sprite_Influence@2x.png
  artifactKey: Guid(8169b95b76b504e3b8dc9ccf0bdbe226) Importer(815301076,1909f56bfc062723c751e8b465ee728b)
Start importing Packages/com.unity.2d.animation/Editor/Assets/EditorIcons/Light/Sprite_Influence@2x.png using Guid(8169b95b76b504e3b8dc9ccf0bdbe226) Importer(815301076,1909f56bfc062723c751e8b465ee728b) (PreviewImporter) -> (artifact id: '9498b32eab642b9b960bb4f6d5c4a536') in 0.0544445 seconds
Number of updated asset objects reloaded before import = 0Number of asset objects unloaded after import = 3

========================================================================
Received Import Request.
  Time since last request: 0.000057 seconds.
  path: Packages/com.unity.2d.animation/Editor/Assets/EditorIcons/Light/Sprite_Influence@3x.png
  artifactKey: Guid(563e4d2d28c2241fbbb33e85f9b27efb) Importer(815301076,1909f56bfc062723c751e8b465ee728b)
Start importing Packages/com.unity.2d.animation/Editor/Assets/EditorIcons/Light/Sprite_Influence@3x.png using Guid(563e4d2d28c2241fbbb33e85f9b27efb) Importer(815301076,1909f56bfc062723c751e8b465ee728b) (PreviewImporter) -> (artifact id: '0a8c8e6f781939b3da4603527d94a70f') in 0.0399638 seconds
Number of updated asset objects reloaded before import = 0Number of asset objects unloaded after import = 3

========================================================================
Received Import Request.
  Time since last request: 0.000046 seconds.
  path: Packages/com.unity.2d.animation/Editor/Assets/EditorIcons/Selected/Sprite_Influence@3x.png
  artifactKey: Guid(7ce16c63ba627427cab935593c090e34) Importer(815301076,1909f56bfc062723c751e8b465ee728b)
Start importing Packages/com.unity.2d.animation/Editor/Assets/EditorIcons/Selected/Sprite_Influence@3x.png using Guid(7ce16c63ba627427cab935593c090e34) Importer(815301076,1909f56bfc062723c751e8b465ee728b) (PreviewImporter) -> (artifact id: 'a1386cf3626fd559793636076a6f6bd7') in 0.0599856 seconds
Number of updated asset objects reloaded before import = 0Number of asset objects unloaded after import = 3

========================================================================
Received Import Request.
  Time since last request: 1.735272 seconds.
  path: Packages/com.unity.2d.spriteshape/Editor/ObjectMenuCreation/DefaultAssets/Textures/Sprite Shape Corner.png
  artifactKey: Guid(608e61deb05c54660bebf5a4dd2ee02d) Importer(815301076,1909f56bfc062723c751e8b465ee728b)
Start importing Packages/com.unity.2d.spriteshape/Editor/ObjectMenuCreation/DefaultAssets/Textures/Sprite Shape Corner.png using Guid(608e61deb05c54660bebf5a4dd2ee02d) Importer(815301076,1909f56bfc062723c751e8b465ee728b) (PreviewImporter) -> (artifact id: 'c67adf90e2ebb578f803cd65b67e451b') in 0.0319717 seconds
Number of updated asset objects reloaded before import = 0Number of asset objects unloaded after import = 3

========================================================================
Received Import Request.
  Time since last request: 0.000066 seconds.
  path: Packages/com.unity.2d.animation/Editor/Assets/EditorIcons/Selected/Sprite_Influence.png
  artifactKey: Guid(a2db0b51e2c0e418b8d5f85cee0d4876) Importer(815301076,1909f56bfc062723c751e8b465ee728b)
Start importing Packages/com.unity.2d.animation/Editor/Assets/EditorIcons/Selected/Sprite_Influence.png using Guid(a2db0b51e2c0e418b8d5f85cee0d4876) Importer(815301076,1909f56bfc062723c751e8b465ee728b) (PreviewImporter) -> (artifact id: '3aa4ea6a610bea30cef4954a0a35a771') in 0.0475511 seconds
Number of updated asset objects reloaded before import = 0Number of asset objects unloaded after import = 3

========================================================================
Received Import Request.
  Time since last request: 0.000145 seconds.
  path: Packages/com.unity.2d.animation/Editor/Assets/EditorIcons/Selected/Split_Edge@3x.png
  artifactKey: Guid(7764b2bf79a49894e8ea10f3d661a4ed) Importer(815301076,1909f56bfc062723c751e8b465ee728b)
Start importing Packages/com.unity.2d.animation/Editor/Assets/EditorIcons/Selected/Split_Edge@3x.png using Guid(7764b2bf79a49894e8ea10f3d661a4ed) Importer(815301076,1909f56bfc062723c751e8b465ee728b) (PreviewImporter) -> (artifact id: '6572cf133a445a94d4f33361ff14a4e2') in 0.0529217 seconds
Number of updated asset objects reloaded before import = 0Number of asset objects unloaded after import = 3

========================================================================
Received Import Request.
  Time since last request: 0.000068 seconds.
  path: Packages/com.unity.2d.animation/Editor/Assets/EditorIcons/Light/Split_Edge@4x.png
  artifactKey: Guid(21d43e7114c758c49886cb9fc604dd66) Importer(815301076,1909f56bfc062723c751e8b465ee728b)
Start importing Packages/com.unity.2d.animation/Editor/Assets/EditorIcons/Light/Split_Edge@4x.png using Guid(21d43e7114c758c49886cb9fc604dd66) Importer(815301076,1909f56bfc062723c751e8b465ee728b) (PreviewImporter) -> (artifact id: 'b8f52f19d7bbf5a5fa3ec35098b55fea') in 0.054858 seconds
Number of updated asset objects reloaded before import = 0Number of asset objects unloaded after import = 3

========================================================================
Received Import Request.
  Time since last request: 0.000044 seconds.
  path: Packages/com.unity.2d.animation/Editor/Assets/EditorIcons/Selected/Split_Edge.png
  artifactKey: Guid(8800032f7e7cdd544b74849c80ce05d4) Importer(815301076,1909f56bfc062723c751e8b465ee728b)
Start importing Packages/com.unity.2d.animation/Editor/Assets/EditorIcons/Selected/Split_Edge.png using Guid(8800032f7e7cdd544b74849c80ce05d4) Importer(815301076,1909f56bfc062723c751e8b465ee728b) (PreviewImporter) -> (artifact id: '8c771e20b274471ab4330b80b61c905d') in 0.0937154 seconds
Number of updated asset objects reloaded before import = 0Number of asset objects unloaded after import = 3

========================================================================
Received Import Request.
  Time since last request: 0.000076 seconds.
  path: Packages/com.unity.2d.animation/Editor/Assets/EditorIcons/Light/Split_Edge@2x.png
  artifactKey: Guid(3c84cd9c7ddd51c4b959d02c41aced07) Importer(815301076,1909f56bfc062723c751e8b465ee728b)
Start importing Packages/com.unity.2d.animation/Editor/Assets/EditorIcons/Light/Split_Edge@2x.png using Guid(3c84cd9c7ddd51c4b959d02c41aced07) Importer(815301076,1909f56bfc062723c751e8b465ee728b) (PreviewImporter) -> (artifact id: 'da44486a7af174a335b3d209957526f1') in 0.0406072 seconds
Number of updated asset objects reloaded before import = 0Number of asset objects unloaded after import = 3

========================================================================
Received Import Request.
  Time since last request: 0.321901 seconds.
  path: Packages/com.unity.2d.animation/Editor/Assets/EditorIcons/Selected/Split Bones@3x.png
  artifactKey: Guid(29f90cd6202745c448e74a1398b1c731) Importer(815301076,1909f56bfc062723c751e8b465ee728b)
Start importing Packages/com.unity.2d.animation/Editor/Assets/EditorIcons/Selected/Split Bones@3x.png using Guid(29f90cd6202745c448e74a1398b1c731) Importer(815301076,1909f56bfc062723c751e8b465ee728b) (PreviewImporter) -> (artifact id: '0035b9910f35b9ab5b4bd4b007916bb0') in 0.0338061 seconds
Number of updated asset objects reloaded before import = 0Number of asset objects unloaded after import = 3

========================================================================
Received Import Request.
  Time since last request: 0.000067 seconds.
  path: Packages/com.unity.2d.animation/Editor/Assets/EditorIcons/Selected/Split Bones@4x.png
  artifactKey: Guid(518ded92e5dbf494e8f76a74d752272e) Importer(815301076,1909f56bfc062723c751e8b465ee728b)
Start importing Packages/com.unity.2d.animation/Editor/Assets/EditorIcons/Selected/Split Bones@4x.png using Guid(518ded92e5dbf494e8f76a74d752272e) Importer(815301076,1909f56bfc062723c751e8b465ee728b) (PreviewImporter) -> (artifact id: '0e024bf3fb63a1d6dc7bf0dfe0db9634') in 0.0635331 seconds
Number of updated asset objects reloaded before import = 0Number of asset objects unloaded after import = 3

========================================================================
Received Import Request.
  Time since last request: 0.122786 seconds.
  path: Packages/com.unity.2d.animation/Editor/Assets/EditorIcons/Selected/Split Bones.png
  artifactKey: Guid(f723a6284838af1429bbb544ecf4015d) Importer(815301076,1909f56bfc062723c751e8b465ee728b)
Start importing Packages/com.unity.2d.animation/Editor/Assets/EditorIcons/Selected/Split Bones.png using Guid(f723a6284838af1429bbb544ecf4015d) Importer(815301076,1909f56bfc062723c751e8b465ee728b) (PreviewImporter) -> (artifact id: 'c994bd2ce52beed8ce7a9caea9d67f39') in 0.0348756 seconds
Number of updated asset objects reloaded before import = 0Number of asset objects unloaded after import = 3

========================================================================
Received Import Request.
  Time since last request: 0.000040 seconds.
  path: Packages/com.unity.2d.animation/Editor/Assets/EditorIcons/Selected/Split Bones@2x.png
  artifactKey: Guid(652f381007a2d2247a40aa63c91c2565) Importer(815301076,1909f56bfc062723c751e8b465ee728b)
Start importing Packages/com.unity.2d.animation/Editor/Assets/EditorIcons/Selected/Split Bones@2x.png using Guid(652f381007a2d2247a40aa63c91c2565) Importer(815301076,1909f56bfc062723c751e8b465ee728b) (PreviewImporter) -> (artifact id: '440e3dbd1fe8c3f496ecdf8e80b11aaa') in 0.0355519 seconds
Number of updated asset objects reloaded before import = 0Number of asset objects unloaded after import = 3

========================================================================
Received Import Request.
  Time since last request: 0.056348 seconds.
  path: Assets/GameInputControllerIconsFree/keyboard/keyboard-outlined/space.png
  artifactKey: Guid(b2a784b6d9a009048b62e01f373ec4e9) Importer(815301076,1909f56bfc062723c751e8b465ee728b)
Start importing Assets/GameInputControllerIconsFree/keyboard/keyboard-outlined/space.png using Guid(b2a784b6d9a009048b62e01f373ec4e9) Importer(815301076,1909f56bfc062723c751e8b465ee728b) (PreviewImporter) -> (artifact id: 'eda13340009dc7d9d59233541ef961e6') in 0.0355095 seconds
Number of updated asset objects reloaded before import = 0Number of asset objects unloaded after import = 3

========================================================================
Received Import Request.
  Time since last request: 0.000186 seconds.
  path: Packages/com.unity.render-pipelines.universal/Textures/2D/Sparkle.png
  artifactKey: Guid(119f93d0bcbf1e743bf5fcf237507d39) Importer(815301076,1909f56bfc062723c751e8b465ee728b)
Start importing Packages/com.unity.render-pipelines.universal/Textures/2D/Sparkle.png using Guid(119f93d0bcbf1e743bf5fcf237507d39) Importer(815301076,1909f56bfc062723c751e8b465ee728b) (PreviewImporter) -> (artifact id: '3051c9c77326f54fb07c1c8b5ba1c693') in 0.0614859 seconds
Number of updated asset objects reloaded before import = 0Number of asset objects unloaded after import = 3

========================================================================
Received Import Request.
  Time since last request: 0.337869 seconds.
  path: Assets/GameInputControllerIconsFree/keyboard/keyboard-solid/space.png
  artifactKey: Guid(0ed2882c805bc5441a0b4f0f5b3e2f6f) Importer(815301076,1909f56bfc062723c751e8b465ee728b)
Start importing Assets/GameInputControllerIconsFree/keyboard/keyboard-solid/space.png using Guid(0ed2882c805bc5441a0b4f0f5b3e2f6f) Importer(815301076,1909f56bfc062723c751e8b465ee728b) (PreviewImporter) -> (artifact id: '90a26622b32cfb54821b997999d19401') in 0.0611833 seconds
Number of updated asset objects reloaded before import = 0Number of asset objects unloaded after import = 3

========================================================================
Received Import Request.
  Time since last request: 1.614540 seconds.
  path: Assets/GameInputControllerIconsFree/keyboard/keyboard-solid/shift.png
  artifactKey: Guid(185cf49fca2ff1f4c8fd8e3b993f700e) Importer(815301076,1909f56bfc062723c751e8b465ee728b)
Start importing Assets/GameInputControllerIconsFree/keyboard/keyboard-solid/shift.png using Guid(185cf49fca2ff1f4c8fd8e3b993f700e) Importer(815301076,1909f56bfc062723c751e8b465ee728b) (PreviewImporter) -> (artifact id: '971e92bbaafe2582d30bcdb45297c734') in 0.0374418 seconds
Number of updated asset objects reloaded before import = 0Number of asset objects unloaded after import = 3

========================================================================
Received Import Request.
  Time since last request: 0.000051 seconds.
  path: Assets/GameInputControllerIconsFree/keyboard/keyboard-outlined/shift.png
  artifactKey: Guid(16c9cb53000d5ab4f817609c2b3227d6) Importer(815301076,1909f56bfc062723c751e8b465ee728b)
Start importing Assets/GameInputControllerIconsFree/keyboard/keyboard-outlined/shift.png using Guid(16c9cb53000d5ab4f817609c2b3227d6) Importer(815301076,1909f56bfc062723c751e8b465ee728b) (PreviewImporter) -> (artifact id: '2d645eed33ab9d3e555ca07d47d0f79c') in 0.0665034 seconds
Number of updated asset objects reloaded before import = 0Number of asset objects unloaded after import = 3

========================================================================
Received Import Request.
  Time since last request: 0.057999 seconds.
  path: Packages/com.unity.2d.animation/Editor/Assets/EditorIcons/Light/SetPivot256.png
  artifactKey: Guid(b51dea53643c34332b1c8cfc0865d0c4) Importer(815301076,1909f56bfc062723c751e8b465ee728b)
Start importing Packages/com.unity.2d.animation/Editor/Assets/EditorIcons/Light/SetPivot256.png using Guid(b51dea53643c34332b1c8cfc0865d0c4) Importer(815301076,1909f56bfc062723c751e8b465ee728b) (PreviewImporter) -> (artifact id: 'cd3d06a150e6c9e55ca84fbc784c8075') in 0.0740518 seconds
Number of updated asset objects reloaded before import = 0Number of asset objects unloaded after import = 3

========================================================================
Received Import Request.
  Time since last request: 0.000050 seconds.
  path: Packages/com.unity.2d.common/Path/Editor/Handles/ShapeToolPro.png
  artifactKey: Guid(766cfa1430bc448ed93c5817e7682f3b) Importer(815301076,1909f56bfc062723c751e8b465ee728b)
Start importing Packages/com.unity.2d.common/Path/Editor/Handles/ShapeToolPro.png using Guid(766cfa1430bc448ed93c5817e7682f3b) Importer(815301076,1909f56bfc062723c751e8b465ee728b) (PreviewImporter) -> (artifact id: '0c28d1271abddbb92a417bdd1fca8acc') in 0.0364142 seconds
Number of updated asset objects reloaded before import = 0Number of asset objects unloaded after import = 3

========================================================================
Received Import Request.
  Time since last request: 0.259835 seconds.
  path: Packages/com.unity.2d.animation/Editor/Assets/EditorIcons/Selected/SetPivot64.png
  artifactKey: Guid(fe3852467ea5e4b488f8c7e0006c970b) Importer(815301076,1909f56bfc062723c751e8b465ee728b)
Start importing Packages/com.unity.2d.animation/Editor/Assets/EditorIcons/Selected/SetPivot64.png using Guid(fe3852467ea5e4b488f8c7e0006c970b) Importer(815301076,1909f56bfc062723c751e8b465ee728b) (PreviewImporter) -> (artifact id: '56cec1a60741be328748aef7d6d14bbf') in 0.077337 seconds
Number of updated asset objects reloaded before import = 0Number of asset objects unloaded after import = 3

========================================================================
Received Import Request.
  Time since last request: 0.000034 seconds.
  path: Packages/com.unity.2d.animation/Editor/Assets/EditorIcons/Light/SetPivot128.png
  artifactKey: Guid(6e69868210a834182b29ea52c36a0a52) Importer(815301076,1909f56bfc062723c751e8b465ee728b)
Start importing Packages/com.unity.2d.animation/Editor/Assets/EditorIcons/Light/SetPivot128.png using Guid(6e69868210a834182b29ea52c36a0a52) Importer(815301076,1909f56bfc062723c751e8b465ee728b) (PreviewImporter) -> (artifact id: 'fbd68c2050ed20d7b0d069343de65f7e') in 0.0300912 seconds
Number of updated asset objects reloaded before import = 0Number of asset objects unloaded after import = 3

========================================================================
Received Import Request.
  Time since last request: 0.000041 seconds.
  path: Packages/com.unity.2d.animation/Editor/Assets/EditorIcons/Selected/SetPivot16.png
  artifactKey: Guid(a2e0c70949436438eb2f97e6849191b8) Importer(815301076,1909f56bfc062723c751e8b465ee728b)
Start importing Packages/com.unity.2d.animation/Editor/Assets/EditorIcons/Selected/SetPivot16.png using Guid(a2e0c70949436438eb2f97e6849191b8) Importer(815301076,1909f56bfc062723c751e8b465ee728b) (PreviewImporter) -> (artifact id: 'b01998a8ec28c76c71bc8e71fa0a3713') in 0.0386809 seconds
Number of updated asset objects reloaded before import = 0Number of asset objects unloaded after import = 3

========================================================================
Received Import Request.
  Time since last request: 0.000075 seconds.
  path: Packages/com.unity.2d.animation/Editor/Assets/EditorIcons/Light/SetPivot64.png
  artifactKey: Guid(36872ff13cf1043888addd7fc4279cf9) Importer(815301076,1909f56bfc062723c751e8b465ee728b)
Start importing Packages/com.unity.2d.animation/Editor/Assets/EditorIcons/Light/SetPivot64.png using Guid(36872ff13cf1043888addd7fc4279cf9) Importer(815301076,1909f56bfc062723c751e8b465ee728b) (PreviewImporter) -> (artifact id: '49cdd3906d003a386aa8c9f18d828781') in 0.0455318 seconds
Number of updated asset objects reloaded before import = 0Number of asset objects unloaded after import = 3

========================================================================
Received Import Request.
  Time since last request: 0.403873 seconds.
  path: Assets/GameInputControllerIconsFree/keyboard/keyboard-solid/scrlk.png
  artifactKey: Guid(6705c59b5979f7c4cb8a4c145d853fac) Importer(815301076,1909f56bfc062723c751e8b465ee728b)
Start importing Assets/GameInputControllerIconsFree/keyboard/keyboard-solid/scrlk.png using Guid(6705c59b5979f7c4cb8a4c145d853fac) Importer(815301076,1909f56bfc062723c751e8b465ee728b) (PreviewImporter) -> (artifact id: '0d0efed9b769d37e99b6e3b2742dec09') in 0.0518225 seconds
Number of updated asset objects reloaded before import = 0Number of asset objects unloaded after import = 3

========================================================================
Received Import Request.
  Time since last request: 0.000044 seconds.
  path: Assets/GameInputControllerIconsFree/keyboard/keyboard-solid/semi-colon.png
  artifactKey: Guid(559657048ecff414393a4080480dd4d7) Importer(815301076,1909f56bfc062723c751e8b465ee728b)
Start importing Assets/GameInputControllerIconsFree/keyboard/keyboard-solid/semi-colon.png using Guid(559657048ecff414393a4080480dd4d7) Importer(815301076,1909f56bfc062723c751e8b465ee728b) (PreviewImporter) -> (artifact id: 'b46eecd837ba41c45f91a8ccdab25bef') in 0.0353998 seconds
Number of updated asset objects reloaded before import = 0Number of asset objects unloaded after import = 3

========================================================================
Received Import Request.
  Time since last request: 0.124100 seconds.
  path: Packages/com.unity.render-pipelines.core/Editor/LookDev/Icons/Rotation@2x.png
  artifactKey: Guid(e9af78578671a3345b8cbf82f1f030b5) Importer(815301076,1909f56bfc062723c751e8b465ee728b)
Start importing Packages/com.unity.render-pipelines.core/Editor/LookDev/Icons/Rotation@2x.png using Guid(e9af78578671a3345b8cbf82f1f030b5) Importer(815301076,1909f56bfc062723c751e8b465ee728b) (PreviewImporter) -> (artifact id: '2d64ddb0a2efbcf446ce282ccc83657a') in 0.0699738 seconds
Number of updated asset objects reloaded before import = 0Number of asset objects unloaded after import = 3

========================================================================
Received Import Request.
  Time since last request: 0.000098 seconds.
  path: Assets/GameInputControllerIconsFree/keyboard/keyboard-outlined/s.png
  artifactKey: Guid(af856ace946144443ab99a512ce0590d) Importer(815301076,1909f56bfc062723c751e8b465ee728b)
Start importing Assets/GameInputControllerIconsFree/keyboard/keyboard-outlined/s.png using Guid(af856ace946144443ab99a512ce0590d) Importer(815301076,1909f56bfc062723c751e8b465ee728b) (PreviewImporter) -> (artifact id: '2f84ae7b1aaff1e67f4c1022ef859961') in 0.0380701 seconds
Number of updated asset objects reloaded before import = 0Number of asset objects unloaded after import = 3

========================================================================
Received Import Request.
  Time since last request: 0.443809 seconds.
  path: Packages/com.unity.render-pipelines.core/Editor/LookDev/Icons/RightArrow.png
  artifactKey: Guid(df4dc708bd8692446a6d5c3531ac377b) Importer(815301076,1909f56bfc062723c751e8b465ee728b)
Start importing Packages/com.unity.render-pipelines.core/Editor/LookDev/Icons/RightArrow.png using Guid(df4dc708bd8692446a6d5c3531ac377b) Importer(815301076,1909f56bfc062723c751e8b465ee728b) (PreviewImporter) -> (artifact id: '88b6d2e6c65145b5f8b2621ec1c26e85') in 0.072493 seconds
Number of updated asset objects reloaded before import = 0Number of asset objects unloaded after import = 3

========================================================================
Received Import Request.
  Time since last request: 0.000042 seconds.
  path: Packages/com.unity.render-pipelines.core/Editor/LookDev/Icons/Rotation.png
  artifactKey: Guid(2ee66e81975377745aaa59fe11ad374d) Importer(815301076,1909f56bfc062723c751e8b465ee728b)
Start importing Packages/com.unity.render-pipelines.core/Editor/LookDev/Icons/Rotation.png using Guid(2ee66e81975377745aaa59fe11ad374d) Importer(815301076,1909f56bfc062723c751e8b465ee728b) (PreviewImporter) -> (artifact id: 'c5da4291c8435f9095f4f527a9f307e5') in 0.0298494 seconds
Number of updated asset objects reloaded before import = 0Number of asset objects unloaded after import = 3

========================================================================
Received Import Request.
  Time since last request: 1.267099 seconds.
  path: Packages/com.unity.render-pipelines.core/Editor/LookDev/Icons/Remove.png
  artifactKey: Guid(a5c48bfebeb031a4b8d66da4be0e27b9) Importer(815301076,1909f56bfc062723c751e8b465ee728b)
Start importing Packages/com.unity.render-pipelines.core/Editor/LookDev/Icons/Remove.png using Guid(a5c48bfebeb031a4b8d66da4be0e27b9) Importer(815301076,1909f56bfc062723c751e8b465ee728b) (PreviewImporter) -> (artifact id: '24fcde302a87d1b756c870a61f3c6d74') in 0.0314875 seconds
Number of updated asset objects reloaded before import = 0Number of asset objects unloaded after import = 3

========================================================================
Received Import Request.
  Time since last request: 0.000047 seconds.
  path: Packages/com.unity.render-pipelines.core/Editor/LookDev/Icons/renderdoc.png
  artifactKey: Guid(cf13fb90f91d2a545a00591d75b43bd8) Importer(815301076,1909f56bfc062723c751e8b465ee728b)
Start importing Packages/com.unity.render-pipelines.core/Editor/LookDev/Icons/renderdoc.png using Guid(cf13fb90f91d2a545a00591d75b43bd8) Importer(815301076,1909f56bfc062723c751e8b465ee728b) (PreviewImporter) -> (artifact id: '0277e292e7ce109594ba2ef6aa5a99fe') in 0.0590649 seconds
Number of updated asset objects reloaded before import = 0Number of asset objects unloaded after import = 3

========================================================================
Received Import Request.
  Time since last request: 0.548453 seconds.
  path: Assets/GameInputControllerIconsFree/keyboard/keyboard-outlined/r.png
  artifactKey: Guid(44c2d0f09fa1bfd4da516e3c1dd20491) Importer(815301076,1909f56bfc062723c751e8b465ee728b)
Start importing Assets/GameInputControllerIconsFree/keyboard/keyboard-outlined/r.png using Guid(44c2d0f09fa1bfd4da516e3c1dd20491) Importer(815301076,1909f56bfc062723c751e8b465ee728b) (PreviewImporter) -> (artifact id: 'c98961a61da5eab9369c8847dc8dcce7') in 0.0357611 seconds
Number of updated asset objects reloaded before import = 0Number of asset objects unloaded after import = 3

========================================================================
Received Import Request.
  Time since last request: 0.000053 seconds.
  path: Packages/com.unity.2d.tilemap.extras/Editor/Brushes/RandomBrush/RandomBrush@2x.png
  artifactKey: Guid(b883af5d41f3340b8a4092436de35275) Importer(815301076,1909f56bfc062723c751e8b465ee728b)
Start importing Packages/com.unity.2d.tilemap.extras/Editor/Brushes/RandomBrush/RandomBrush@2x.png using Guid(b883af5d41f3340b8a4092436de35275) Importer(815301076,1909f56bfc062723c751e8b465ee728b) (PreviewImporter) -> (artifact id: '5f59a498e3988a0320459d91758b28e6') in 0.0364408 seconds
Number of updated asset objects reloaded before import = 0Number of asset objects unloaded after import = 3

========================================================================
Received Import Request.
  Time since last request: 0.114379 seconds.
  path: Assets/GameInputControllerIconsFree/keyboard/keyboard-outlined/quote.png
  artifactKey: Guid(b4d7386cdbdb45d45896db76dbadf3e0) Importer(815301076,1909f56bfc062723c751e8b465ee728b)
Start importing Assets/GameInputControllerIconsFree/keyboard/keyboard-outlined/quote.png using Guid(b4d7386cdbdb45d45896db76dbadf3e0) Importer(815301076,1909f56bfc062723c751e8b465ee728b) (PreviewImporter) -> (artifact id: '10457d0013b163830506bb5096dd4317') in 0.0273914 seconds
Number of updated asset objects reloaded before import = 0Number of asset objects unloaded after import = 3

========================================================================
Received Import Request.
  Time since last request: 0.004937 seconds.
  path: Assets/GameInputControllerIconsFree/keyboard/keyboard-solid/quote.png
  artifactKey: Guid(dea18fe5ebdf2b24dab2bc57690f33cf) Importer(815301076,1909f56bfc062723c751e8b465ee728b)
Start importing Assets/GameInputControllerIconsFree/keyboard/keyboard-solid/quote.png using Guid(dea18fe5ebdf2b24dab2bc57690f33cf) Importer(815301076,1909f56bfc062723c751e8b465ee728b) (PreviewImporter) -> (artifact id: '4d36f63ddcc2429d391d94f8ca02ff7f') in 0.0237057 seconds
Number of updated asset objects reloaded before import = 0Number of asset objects unloaded after import = 3

========================================================================
Received Import Request.
  Time since last request: 0.000036 seconds.
  path: Assets/GameInputControllerIconsFree/keyboard/keyboard-solid/r.png
  artifactKey: Guid(ef04bf5a69063ed459dee8c038b66107) Importer(815301076,1909f56bfc062723c751e8b465ee728b)
Start importing Assets/GameInputControllerIconsFree/keyboard/keyboard-solid/r.png using Guid(ef04bf5a69063ed459dee8c038b66107) Importer(815301076,1909f56bfc062723c751e8b465ee728b) (PreviewImporter) -> (artifact id: '9ff2333653b50f4f3b28b296af339d1a') in 0.0498055 seconds
Number of updated asset objects reloaded before import = 0Number of asset objects unloaded after import = 3

========================================================================
Received Import Request.
  Time since last request: 1.019024 seconds.
  path: Assets/GameInputControllerIconsFree/keyboard/keyboard-outlined/q.png
  artifactKey: Guid(704dc657e111f524e82a844d98ab5b38) Importer(815301076,1909f56bfc062723c751e8b465ee728b)
Start importing Assets/GameInputControllerIconsFree/keyboard/keyboard-outlined/q.png using Guid(704dc657e111f524e82a844d98ab5b38) Importer(815301076,1909f56bfc062723c751e8b465ee728b) (PreviewImporter) -> (artifact id: 'd5ee717a27095af13335d4cf5b719048') in 0.0598636 seconds
Number of updated asset objects reloaded before import = 0Number of asset objects unloaded after import = 3

========================================================================
Received Import Request.
  Time since last request: 0.000049 seconds.
  path: Assets/GameInputControllerIconsFree/keyboard/keyboard-solid/prtsc.png
  artifactKey: Guid(e9d74f51a733e03459452f7aae310121) Importer(815301076,1909f56bfc062723c751e8b465ee728b)
Start importing Assets/GameInputControllerIconsFree/keyboard/keyboard-solid/prtsc.png using Guid(e9d74f51a733e03459452f7aae310121) Importer(815301076,1909f56bfc062723c751e8b465ee728b) (PreviewImporter) -> (artifact id: '82ee0ac89ebed15419d6cb08dd6ebdc9') in 0.1043685 seconds
Number of updated asset objects reloaded before import = 0Number of asset objects unloaded after import = 3

========================================================================
Received Import Request.
  Time since last request: 0.000058 seconds.
  path: Assets/GameInputControllerIconsFree/keyboard/keyboard-solid/q.png
  artifactKey: Guid(35ecb234d30b9cb42b07f10511a850cb) Importer(815301076,1909f56bfc062723c751e8b465ee728b)
Start importing Assets/GameInputControllerIconsFree/keyboard/keyboard-solid/q.png using Guid(35ecb234d30b9cb42b07f10511a850cb) Importer(815301076,1909f56bfc062723c751e8b465ee728b) (PreviewImporter) -> (artifact id: '694b522f6950be99393978b131237109') in 0.0616806 seconds
Number of updated asset objects reloaded before import = 0Number of asset objects unloaded after import = 3

========================================================================
Received Import Request.
  Time since last request: 1.219282 seconds.
  path: Packages/com.unity.2d.common/Path/Editor/Handles/Path/pointNormal.png
  artifactKey: Guid(2792173d76a5f4d2ebe800b6b4b096cf) Importer(815301076,1909f56bfc062723c751e8b465ee728b)
Start importing Packages/com.unity.2d.common/Path/Editor/Handles/Path/pointNormal.png using Guid(2792173d76a5f4d2ebe800b6b4b096cf) Importer(815301076,1909f56bfc062723c751e8b465ee728b) (PreviewImporter) -> (artifact id: '9161a976f58154ed4bb2ae03e73ae6fc') in 0.0879288 seconds
Number of updated asset objects reloaded before import = 0Number of asset objects unloaded after import = 3

========================================================================
Received Import Request.
  Time since last request: 0.614262 seconds.
  path: Assets/GameInputControllerIconsFree/keyboard/keyboard-solid/plus.png
  artifactKey: Guid(44c4b07db471ec545a701b735ebb312a) Importer(815301076,1909f56bfc062723c751e8b465ee728b)
Start importing Assets/GameInputControllerIconsFree/keyboard/keyboard-solid/plus.png using Guid(44c4b07db471ec545a701b735ebb312a) Importer(815301076,1909f56bfc062723c751e8b465ee728b) (PreviewImporter) -> (artifact id: '14ee051251fbb27bd7bf45bfac29041d') in 0.0391609 seconds
Number of updated asset objects reloaded before import = 0Number of asset objects unloaded after import = 3

========================================================================
Received Import Request.
  Time since last request: 0.448965 seconds.
  path: Assets/GameInputControllerIconsFree/keyboard/keyboard-outlined/pgup.png
  artifactKey: Guid(aa179e38cd1aed64e9a078214697d43b) Importer(815301076,1909f56bfc062723c751e8b465ee728b)
Start importing Assets/GameInputControllerIconsFree/keyboard/keyboard-outlined/pgup.png using Guid(aa179e38cd1aed64e9a078214697d43b) Importer(815301076,1909f56bfc062723c751e8b465ee728b) (PreviewImporter) -> (artifact id: 'e0021efb4a239f6793763f32aea4480c') in 0.0379866 seconds
Number of updated asset objects reloaded before import = 0Number of asset objects unloaded after import = 3

========================================================================
Received Import Request.
  Time since last request: 0.625389 seconds.
  path: Assets/GameInputControllerIconsFree/keyboard/keyboard-outlined/pgdn.png
  artifactKey: Guid(41f5e2e60ea9cda4ba554f13e66fce99) Importer(815301076,1909f56bfc062723c751e8b465ee728b)
Start importing Assets/GameInputControllerIconsFree/keyboard/keyboard-outlined/pgdn.png using Guid(41f5e2e60ea9cda4ba554f13e66fce99) Importer(815301076,1909f56bfc062723c751e8b465ee728b) (PreviewImporter) -> (artifact id: 'ccdf9dc925d66b77b85f3ed143325f25') in 0.0247293 seconds
Number of updated asset objects reloaded before import = 0Number of asset objects unloaded after import = 3

========================================================================
Received Import Request.
  Time since last request: 0.414399 seconds.
  path: Assets/GameInputControllerIconsFree/keyboard/keyboard-outlined/pause.png
  artifactKey: Guid(9648187fe24d1374ba3ac58cd3c04069) Importer(815301076,1909f56bfc062723c751e8b465ee728b)
Start importing Assets/GameInputControllerIconsFree/keyboard/keyboard-outlined/pause.png using Guid(9648187fe24d1374ba3ac58cd3c04069) Importer(815301076,1909f56bfc062723c751e8b465ee728b) (PreviewImporter) -> (artifact id: '18eb9a29a946b6f8eefd15e488e38b32') in 0.0502743 seconds
Number of updated asset objects reloaded before import = 0Number of asset objects unloaded after import = 3

========================================================================
Received Import Request.
  Time since last request: 0.395414 seconds.
  path: Packages/com.unity.2d.animation/Editor/Assets/EditorIcons/Light/Paste@3x.png
  artifactKey: Guid(2b072f285a732f747b9be104aae155b2) Importer(815301076,1909f56bfc062723c751e8b465ee728b)
Start importing Packages/com.unity.2d.animation/Editor/Assets/EditorIcons/Light/Paste@3x.png using Guid(2b072f285a732f747b9be104aae155b2) Importer(815301076,1909f56bfc062723c751e8b465ee728b) (PreviewImporter) -> (artifact id: '19e35940233c9966b2640457d0de5967') in 0.0914821 seconds
Number of updated asset objects reloaded before import = 0Number of asset objects unloaded after import = 3

========================================================================
Received Import Request.
  Time since last request: 0.000045 seconds.
  path: Packages/com.unity.2d.animation/Editor/Assets/EditorIcons/Selected/Paste@4x.png
  artifactKey: Guid(5d4fa2fdecdadcb468baaedc792cc439) Importer(815301076,1909f56bfc062723c751e8b465ee728b)
Start importing Packages/com.unity.2d.animation/Editor/Assets/EditorIcons/Selected/Paste@4x.png using Guid(5d4fa2fdecdadcb468baaedc792cc439) Importer(815301076,1909f56bfc062723c751e8b465ee728b) (PreviewImporter) -> (artifact id: 'c098cd01d67ae1073b33d253d5d6fcf6') in 0.0829459 seconds
Number of updated asset objects reloaded before import = 0Number of asset objects unloaded after import = 3

========================================================================
Received Import Request.
  Time since last request: 0.000079 seconds.
  path: Packages/com.unity.2d.animation/Editor/Assets/EditorIcons/Light/Paste@2x.png
  artifactKey: Guid(54b8604d8a7085842917d5b83ca73854) Importer(815301076,1909f56bfc062723c751e8b465ee728b)
Start importing Packages/com.unity.2d.animation/Editor/Assets/EditorIcons/Light/Paste@2x.png using Guid(54b8604d8a7085842917d5b83ca73854) Importer(815301076,1909f56bfc062723c751e8b465ee728b) (PreviewImporter) -> (artifact id: 'fdd535cd509173a7c7cd4b5e4e370eae') in 0.057945 seconds
Number of updated asset objects reloaded before import = 0Number of asset objects unloaded after import = 3

========================================================================
Received Import Request.
  Time since last request: 0.000036 seconds.
  path: Packages/com.unity.2d.animation/Editor/Assets/EditorIcons/Light/Paste.png
  artifactKey: Guid(94cc0d3ec6363a94c8802f10ef239744) Importer(815301076,1909f56bfc062723c751e8b465ee728b)
Start importing Packages/com.unity.2d.animation/Editor/Assets/EditorIcons/Light/Paste.png using Guid(94cc0d3ec6363a94c8802f10ef239744) Importer(815301076,1909f56bfc062723c751e8b465ee728b) (PreviewImporter) -> (artifact id: 'c662adf7bda6a31faed6a41d615c622d') in 0.0329313 seconds
Number of updated asset objects reloaded before import = 0Number of asset objects unloaded after import = 3

========================================================================
Received Import Request.
  Time since last request: 0.707885 seconds.
  path: Packages/com.unity.2d.animation/Editor/Assets/EditorIcons/Light/Parent_Bone@3x.png
  artifactKey: Guid(a316f87205656c949a135f4c7ae8d5f2) Importer(815301076,1909f56bfc062723c751e8b465ee728b)
Start importing Packages/com.unity.2d.animation/Editor/Assets/EditorIcons/Light/Parent_Bone@3x.png using Guid(a316f87205656c949a135f4c7ae8d5f2) Importer(815301076,1909f56bfc062723c751e8b465ee728b) (PreviewImporter) -> (artifact id: '454999a67339668618bba23b2ca695cf') in 0.0252241 seconds
Number of updated asset objects reloaded before import = 0Number of asset objects unloaded after import = 3

========================================================================
Received Import Request.
  Time since last request: 0.000036 seconds.
  path: Packages/com.unity.2d.animation/Editor/Assets/EditorIcons/Selected/Parent_Bone@3x.png
  artifactKey: Guid(6f4409ce938bf9447a36e531f7755ca7) Importer(815301076,1909f56bfc062723c751e8b465ee728b)
Start importing Packages/com.unity.2d.animation/Editor/Assets/EditorIcons/Selected/Parent_Bone@3x.png using Guid(6f4409ce938bf9447a36e531f7755ca7) Importer(815301076,1909f56bfc062723c751e8b465ee728b) (PreviewImporter) -> (artifact id: 'b352314f3c96ff1ca77c3ead0268827a') in 0.0553 seconds
Number of updated asset objects reloaded before import = 0Number of asset objects unloaded after import = 3

========================================================================
Received Import Request.
  Time since last request: 1.386611 seconds.
  path: Packages/com.unity.2d.animation/Editor/Assets/EditorIcons/Light/Parent_Bone.png
  artifactKey: Guid(2972f301b2bf3dd46989677197b9a34d) Importer(815301076,1909f56bfc062723c751e8b465ee728b)
Start importing Packages/com.unity.2d.animation/Editor/Assets/EditorIcons/Light/Parent_Bone.png using Guid(2972f301b2bf3dd46989677197b9a34d) Importer(815301076,1909f56bfc062723c751e8b465ee728b) (PreviewImporter) -> (artifact id: '7ce056d12167a41e68e70338362a2a69') in 0.0505415 seconds
Number of updated asset objects reloaded before import = 0Number of asset objects unloaded after import = 3

========================================================================
Received Import Request.
  Time since last request: 0.000164 seconds.
  path: Packages/com.unity.2d.animation/Editor/Assets/EditorIcons/Selected/Parent_Bone@2x.png
  artifactKey: Guid(698621c9178225f4b8fbaffd383d579e) Importer(815301076,1909f56bfc062723c751e8b465ee728b)
Start importing Packages/com.unity.2d.animation/Editor/Assets/EditorIcons/Selected/Parent_Bone@2x.png using Guid(698621c9178225f4b8fbaffd383d579e) Importer(815301076,1909f56bfc062723c751e8b465ee728b) (PreviewImporter) -> (artifact id: '7fc00a24398fd27709ab5dd653de07be') in 0.1298699 seconds
Number of updated asset objects reloaded before import = 0Number of asset objects unloaded after import = 3

========================================================================
Received Import Request.
  Time since last request: 0.600667 seconds.
  path: Assets/GameInputControllerIconsFree/keyboard/keyboard-solid/p.png
  artifactKey: Guid(bee210a13ef25584a8f1b6f60614a60d) Importer(815301076,1909f56bfc062723c751e8b465ee728b)
Start importing Assets/GameInputControllerIconsFree/keyboard/keyboard-solid/p.png using Guid(bee210a13ef25584a8f1b6f60614a60d) Importer(815301076,1909f56bfc062723c751e8b465ee728b) (PreviewImporter) -> (artifact id: '476815708d4860f432f31a887554e98c') in 0.0334043 seconds
Number of updated asset objects reloaded before import = 0Number of asset objects unloaded after import = 3

========================================================================
Received Import Request.
  Time since last request: 0.179629 seconds.
  path: Assets/GameInputControllerIconsFree/keyboard/keyboard-solid/o.png
  artifactKey: Guid(067e5ba24f7ea3540b631c535b39d4be) Importer(815301076,1909f56bfc062723c751e8b465ee728b)
Start importing Assets/GameInputControllerIconsFree/keyboard/keyboard-solid/o.png using Guid(067e5ba24f7ea3540b631c535b39d4be) Importer(815301076,1909f56bfc062723c751e8b465ee728b) (PreviewImporter) -> (artifact id: '8a47ba3fbfeb4b23610d0773b05b6847') in 0.031839 seconds
Number of updated asset objects reloaded before import = 0Number of asset objects unloaded after import = 3

========================================================================
Received Import Request.
  Time since last request: 0.954184 seconds.
  path: Assets/GameInputControllerIconsFree/keyboard/keyboard-outlined/n.png
  artifactKey: Guid(1d0b99ae6fc86e7488eae96ca314bef7) Importer(815301076,1909f56bfc062723c751e8b465ee728b)
Start importing Assets/GameInputControllerIconsFree/keyboard/keyboard-outlined/n.png using Guid(1d0b99ae6fc86e7488eae96ca314bef7) Importer(815301076,1909f56bfc062723c751e8b465ee728b) (PreviewImporter) -> (artifact id: '3c814f5b8d5b426fffdcac989a1ac870') in 0.0404262 seconds
Number of updated asset objects reloaded before import = 0Number of asset objects unloaded after import = 3

========================================================================
Received Import Request.
  Time since last request: 0.649549 seconds.
  path: Assets/GameInputControllerIconsFree/keyboard/keyboard-solid/n.png
  artifactKey: Guid(0f1ed367c5bf11640b95c6d00a574339) Importer(815301076,1909f56bfc062723c751e8b465ee728b)
Start importing Assets/GameInputControllerIconsFree/keyboard/keyboard-solid/n.png using Guid(0f1ed367c5bf11640b95c6d00a574339) Importer(815301076,1909f56bfc062723c751e8b465ee728b) (PreviewImporter) -> (artifact id: '746aa6c2435f5d1530982af90b6f8920') in 0.0716734 seconds
Number of updated asset objects reloaded before import = 0Number of asset objects unloaded after import = 3

========================================================================
Received Import Request.
  Time since last request: 1.466295 seconds.
  path: Assets/karsiori/TileMap/Decorations/MUSHROOM 2-1.png
  artifactKey: Guid(bf1ec6d0f702cf64aa0dcef1dde074e1) Importer(815301076,1909f56bfc062723c751e8b465ee728b)
Start importing Assets/karsiori/TileMap/Decorations/MUSHROOM 2-1.png using Guid(bf1ec6d0f702cf64aa0dcef1dde074e1) Importer(815301076,1909f56bfc062723c751e8b465ee728b) (PreviewImporter) -> (artifact id: 'fd0d68b02374422f18d1769ef4061583') in 0.0348799 seconds
Number of updated asset objects reloaded before import = 0Number of asset objects unloaded after import = 3

========================================================================
Received Import Request.
  Time since last request: 0.460525 seconds.
  path: Assets/GameInputControllerIconsFree/mouse/mouse-solid/mouse-right.png
  artifactKey: Guid(3c477db1ce513e54c828b3ceeb5caf46) Importer(815301076,1909f56bfc062723c751e8b465ee728b)
Start importing Assets/GameInputControllerIconsFree/mouse/mouse-solid/mouse-right.png using Guid(3c477db1ce513e54c828b3ceeb5caf46) Importer(815301076,1909f56bfc062723c751e8b465ee728b) (PreviewImporter) -> (artifact id: '5d714928c14384a129cb818f0d692e10') in 0.0341923 seconds
Number of updated asset objects reloaded before import = 0Number of asset objects unloaded after import = 3

========================================================================
Received Import Request.
  Time since last request: 0.000053 seconds.
  path: Packages/com.unity.render-pipelines.core/Editor/Icons/RenderGraphViewer/MultipleUsage.png
  artifactKey: Guid(cd47f6d5edd2c7541a0baf3774a54fdd) Importer(815301076,1909f56bfc062723c751e8b465ee728b)
Start importing Packages/com.unity.render-pipelines.core/Editor/Icons/RenderGraphViewer/MultipleUsage.png using Guid(cd47f6d5edd2c7541a0baf3774a54fdd) Importer(815301076,1909f56bfc062723c751e8b465ee728b) (PreviewImporter) -> (artifact id: '85759f437ce5d86985e97f3107115405') in 0.1842575 seconds
Number of updated asset objects reloaded before import = 0Number of asset objects unloaded after import = 3

========================================================================
Received Import Request.
  Time since last request: 0.000032 seconds.
  path: Assets/GameInputControllerIconsFree/mouse/mouse-solid/mouse-move-hor.png
  artifactKey: Guid(143efcb8b14d41343990b168db6db89d) Importer(815301076,1909f56bfc062723c751e8b465ee728b)
Start importing Assets/GameInputControllerIconsFree/mouse/mouse-solid/mouse-move-hor.png using Guid(143efcb8b14d41343990b168db6db89d) Importer(815301076,1909f56bfc062723c751e8b465ee728b) (PreviewImporter) -> (artifact id: '668eb16afd64703de89068b7f40cf356') in 0.0272106 seconds
Number of updated asset objects reloaded before import = 0Number of asset objects unloaded after import = 3

========================================================================
Received Import Request.
  Time since last request: 0.000058 seconds.
  path: Assets/GameInputControllerIconsFree/mouse/mouse-solid/mouse-move-vert.png
  artifactKey: Guid(8ba1aafae4c71424a8ba484d5bac601a) Importer(815301076,1909f56bfc062723c751e8b465ee728b)
Start importing Assets/GameInputControllerIconsFree/mouse/mouse-solid/mouse-move-vert.png using Guid(8ba1aafae4c71424a8ba484d5bac601a) Importer(815301076,1909f56bfc062723c751e8b465ee728b) (PreviewImporter) -> (artifact id: '541c03ac0e057eb4919f4d89ff073035') in 0.0528901 seconds
Number of updated asset objects reloaded before import = 0Number of asset objects unloaded after import = 3

========================================================================
Received Import Request.
  Time since last request: 1.129868 seconds.
  path: Assets/GameInputControllerIconsFree/mouse/mouse-solid/mouse-left.png
  artifactKey: Guid(bffdf8cbd8232a14c9e2eb0ebe93c6c4) Importer(815301076,1909f56bfc062723c751e8b465ee728b)
Start importing Assets/GameInputControllerIconsFree/mouse/mouse-solid/mouse-left.png using Guid(bffdf8cbd8232a14c9e2eb0ebe93c6c4) Importer(815301076,1909f56bfc062723c751e8b465ee728b) (PreviewImporter) -> (artifact id: 'ccaa77eeb697c087358e2fac0deb50ce') in 0.0334854 seconds
Number of updated asset objects reloaded before import = 0Number of asset objects unloaded after import = 3

========================================================================
Received Import Request.
  Time since last request: 0.000034 seconds.
  path: Assets/GameInputControllerIconsFree/mouse/mouse-solid/mouse-middle.png
  artifactKey: Guid(75d38e34a5887f3439d5351f8493e77b) Importer(815301076,1909f56bfc062723c751e8b465ee728b)
Start importing Assets/GameInputControllerIconsFree/mouse/mouse-solid/mouse-middle.png using Guid(75d38e34a5887f3439d5351f8493e77b) Importer(815301076,1909f56bfc062723c751e8b465ee728b) (PreviewImporter) -> (artifact id: '8697641978c279735db658e263a771fb') in 0.0362769 seconds
Number of updated asset objects reloaded before import = 0Number of asset objects unloaded after import = 3

========================================================================
Received Import Request.
  Time since last request: 0.695730 seconds.
  path: Assets/GameInputControllerIconsFree/mouse/mouse-outlined/mouse-g1.png
  artifactKey: Guid(3108e9961a4944e42b944d6be1fa8ccc) Importer(815301076,1909f56bfc062723c751e8b465ee728b)
Start importing Assets/GameInputControllerIconsFree/mouse/mouse-outlined/mouse-g1.png using Guid(3108e9961a4944e42b944d6be1fa8ccc) Importer(815301076,1909f56bfc062723c751e8b465ee728b) (PreviewImporter) -> (artifact id: 'b84172a2b4276bef3b34b56dabd150a0') in 0.0295626 seconds
Number of updated asset objects reloaded before import = 0Number of asset objects unloaded after import = 3

========================================================================
Received Import Request.
  Time since last request: 0.000051 seconds.
  path: Assets/GameInputControllerIconsFree/mouse/mouse-outlined/mouse-g2.png
  artifactKey: Guid(7d2c328f57d620b4c9e1d05bbdbd7c0a) Importer(815301076,1909f56bfc062723c751e8b465ee728b)
Start importing Assets/GameInputControllerIconsFree/mouse/mouse-outlined/mouse-g2.png using Guid(7d2c328f57d620b4c9e1d05bbdbd7c0a) Importer(815301076,1909f56bfc062723c751e8b465ee728b) (PreviewImporter) -> (artifact id: 'dc914f01bfdaa3042195b49034b7eef5') in 0.0564358 seconds
Number of updated asset objects reloaded before import = 0Number of asset objects unloaded after import = 3

========================================================================
Received Import Request.
  Time since last request: 0.007910 seconds.
  path: Packages/com.unity.2d.animation/Editor/Assets/EditorIcons/Light/Mesh.png
  artifactKey: Guid(24f90d3fa2df5c84abbf1455cfda472e) Importer(815301076,1909f56bfc062723c751e8b465ee728b)
Start importing Packages/com.unity.2d.animation/Editor/Assets/EditorIcons/Light/Mesh.png using Guid(24f90d3fa2df5c84abbf1455cfda472e) Importer(815301076,1909f56bfc062723c751e8b465ee728b) (PreviewImporter) -> (artifact id: '617ec5c83f3943cf9e69de73451ae407') in 0.0975344 seconds
Number of updated asset objects reloaded before import = 0Number of asset objects unloaded after import = 3

========================================================================
Received Import Request.
  Time since last request: 0.000064 seconds.
  path: Packages/com.unity.2d.animation/Editor/Assets/EditorIcons/Light/Mesh@3x.png
  artifactKey: Guid(2d95cf258837ba44896030e25b9f2dd7) Importer(815301076,1909f56bfc062723c751e8b465ee728b)
Start importing Packages/com.unity.2d.animation/Editor/Assets/EditorIcons/Light/Mesh@3x.png using Guid(2d95cf258837ba44896030e25b9f2dd7) Importer(815301076,1909f56bfc062723c751e8b465ee728b) (PreviewImporter) -> (artifact id: '9e0c022d51b31028da145272878e3472') in 0.0468984 seconds
Number of updated asset objects reloaded before import = 0Number of asset objects unloaded after import = 3

========================================================================
Received Import Request.
  Time since last request: 5.691125 seconds.
  path: Packages/com.unity.render-pipelines.core/Editor/LookDev/Icons/LookDev.png
  artifactKey: Guid(85099cb723efe4444a23b08281d721c2) Importer(815301076,1909f56bfc062723c751e8b465ee728b)
Start importing Packages/com.unity.render-pipelines.core/Editor/LookDev/Icons/LookDev.png using Guid(85099cb723efe4444a23b08281d721c2) Importer(815301076,1909f56bfc062723c751e8b465ee728b) (PreviewImporter) -> (artifact id: '2c637f2eec656787a7ef20371a4cb16c') in 0.0576428 seconds
Number of updated asset objects reloaded before import = 0Number of asset objects unloaded after import = 3

========================================================================
Received Import Request.
  Time since last request: 0.000032 seconds.
  path: Packages/com.unity.2d.tilemap.extras/Editor/Brushes/LineBrush/LineBrush@2x.png
  artifactKey: Guid(47be7fc01b3b54a1885426fe8707b1d7) Importer(815301076,1909f56bfc062723c751e8b465ee728b)
Start importing Packages/com.unity.2d.tilemap.extras/Editor/Brushes/LineBrush/LineBrush@2x.png using Guid(47be7fc01b3b54a1885426fe8707b1d7) Importer(815301076,1909f56bfc062723c751e8b465ee728b) (PreviewImporter) -> (artifact id: '10bfb2e0a6f78e3f491270625dfe51c5') in 0.047374 seconds
Number of updated asset objects reloaded before import = 0Number of asset objects unloaded after import = 3

========================================================================
Received Import Request.
  Time since last request: 0.000064 seconds.
  path: Packages/com.unity.render-pipelines.core/Editor/LookDev/Icons/Link@2x.png
  artifactKey: Guid(9a235474413e1f349b010b461c76efac) Importer(815301076,1909f56bfc062723c751e8b465ee728b)
Start importing Packages/com.unity.render-pipelines.core/Editor/LookDev/Icons/Link@2x.png using Guid(9a235474413e1f349b010b461c76efac) Importer(815301076,1909f56bfc062723c751e8b465ee728b) (PreviewImporter) -> (artifact id: 'ced0aa6c52a3464a21105f3155311be7') in 0.0349798 seconds
Number of updated asset objects reloaded before import = 0Number of asset objects unloaded after import = 3

========================================================================
Received Import Request.
  Time since last request: 0.825385 seconds.
  path: Packages/com.unity.2d.tilemap.extras/Editor/Brushes/LineBrush/LineBrush.png
  artifactKey: Guid(51f8e00edbbd44f1c896a0da0d300315) Importer(815301076,1909f56bfc062723c751e8b465ee728b)
Start importing Packages/com.unity.2d.tilemap.extras/Editor/Brushes/LineBrush/LineBrush.png using Guid(51f8e00edbbd44f1c896a0da0d300315) Importer(815301076,1909f56bfc062723c751e8b465ee728b) (PreviewImporter) -> (artifact id: '49fbd69d08d4c9ad779cfc8cc4eb8752') in 0.0273853 seconds
Number of updated asset objects reloaded before import = 0Number of asset objects unloaded after import = 3

========================================================================
Received Import Request.
  Time since last request: 0.067869 seconds.
  path: Packages/com.unity.render-pipelines.core/Editor/LookDev/Icons/LeftArrow.png
  artifactKey: Guid(aba72f93e9005054dba8cb368c0bf724) Importer(815301076,1909f56bfc062723c751e8b465ee728b)
Start importing Packages/com.unity.render-pipelines.core/Editor/LookDev/Icons/LeftArrow.png using Guid(aba72f93e9005054dba8cb368c0bf724) Importer(815301076,1909f56bfc062723c751e8b465ee728b) (PreviewImporter) -> (artifact id: '15358d6e6eafd0efab2f9d79e8790d6c') in 0.0562871 seconds
Number of updated asset objects reloaded before import = 0Number of asset objects unloaded after import = 3

========================================================================
Received Import Request.
  Time since last request: 6.849236 seconds.
  path: Assets/GameInputControllerIconsFree/keyboard/keyboard-solid/l.png
  artifactKey: Guid(0157bc6414b67f74c9ec6b08f9cfe0ec) Importer(815301076,1909f56bfc062723c751e8b465ee728b)
Start importing Assets/GameInputControllerIconsFree/keyboard/keyboard-solid/l.png using Guid(0157bc6414b67f74c9ec6b08f9cfe0ec) Importer(815301076,1909f56bfc062723c751e8b465ee728b) (PreviewImporter) -> (artifact id: '3d54ee53667518b5722353274262b3bf') in 0.0729397 seconds
Number of updated asset objects reloaded before import = 0Number of asset objects unloaded after import = 3

========================================================================
Received Import Request.
  Time since last request: 0.000103 seconds.
  path: Assets/GameInputControllerIconsFree/keyboard/keyboard-solid/keyboard-arrows.png
  artifactKey: Guid(32dde195e59e1964c9e6f2d58504ff1d) Importer(815301076,1909f56bfc062723c751e8b465ee728b)
Start importing Assets/GameInputControllerIconsFree/keyboard/keyboard-solid/keyboard-arrows.png using Guid(32dde195e59e1964c9e6f2d58504ff1d) Importer(815301076,1909f56bfc062723c751e8b465ee728b) (PreviewImporter) -> (artifact id: '01e6856ca33d6cd07f38bfc67a3f47d3') in 0.0642649 seconds
Number of updated asset objects reloaded before import = 0Number of asset objects unloaded after import = 3

========================================================================
Received Import Request.
  Time since last request: 0.000058 seconds.
  path: Assets/GameInputControllerIconsFree/keyboard/keyboard-outlined/keyboard-wasd.png
  artifactKey: Guid(9a48552680495754082bc69605e2adc3) Importer(815301076,1909f56bfc062723c751e8b465ee728b)
Start importing Assets/GameInputControllerIconsFree/keyboard/keyboard-outlined/keyboard-wasd.png using Guid(9a48552680495754082bc69605e2adc3) Importer(815301076,1909f56bfc062723c751e8b465ee728b) (PreviewImporter) -> (artifact id: '34c2388966d1bf4af614b3c8acbccf7f') in 0.0384563 seconds
Number of updated asset objects reloaded before import = 0Number of asset objects unloaded after import = 3

========================================================================
Received Import Request.
  Time since last request: 0.211749 seconds.
  path: Assets/GameInputControllerIconsFree/keyboard/keyboard-solid/j.png
  artifactKey: Guid(39a4446b0e96ca748880e8afa0627271) Importer(815301076,1909f56bfc062723c751e8b465ee728b)
Start importing Assets/GameInputControllerIconsFree/keyboard/keyboard-solid/j.png using Guid(39a4446b0e96ca748880e8afa0627271) Importer(815301076,1909f56bfc062723c751e8b465ee728b) (PreviewImporter) -> (artifact id: 'ee0dcf02612bcd4f2a83f36fe6f7d50a') in 0.055857 seconds
Number of updated asset objects reloaded before import = 0Number of asset objects unloaded after import = 3

========================================================================
Received Import Request.
  Time since last request: 0.000047 seconds.
  path: Assets/GameInputControllerIconsFree/keyboard/keyboard-solid/k.png
  artifactKey: Guid(f8b4257d754da64479638c7f1b1a0541) Importer(815301076,1909f56bfc062723c751e8b465ee728b)
Start importing Assets/GameInputControllerIconsFree/keyboard/keyboard-solid/k.png using Guid(f8b4257d754da64479638c7f1b1a0541) Importer(815301076,1909f56bfc062723c751e8b465ee728b) (PreviewImporter) -> (artifact id: 'd8cc50ea37d2d6e2ebfd2ba3e3cbb3b4') in 0.0604569 seconds
Number of updated asset objects reloaded before import = 0Number of asset objects unloaded after import = 3

========================================================================
Received Import Request.
  Time since last request: 0.646625 seconds.
  path: Assets/GameInputControllerIconsFree/keyboard/keyboard-outlined/ins.png
  artifactKey: Guid(f046f70a1c7f63948a495b839cb23dab) Importer(815301076,1909f56bfc062723c751e8b465ee728b)
Start importing Assets/GameInputControllerIconsFree/keyboard/keyboard-outlined/ins.png using Guid(f046f70a1c7f63948a495b839cb23dab) Importer(815301076,1909f56bfc062723c751e8b465ee728b) (PreviewImporter) -> (artifact id: '962b3baf36948f72fec5ebcf54566ffa') in 0.0597417 seconds
Number of updated asset objects reloaded before import = 0Number of asset objects unloaded after import = 3

========================================================================
Received Import Request.
  Time since last request: 0.664390 seconds.
  path: Packages/com.unity.collab-proxy/Editor/Assets/Images/iconretainedoverlay@2x.png
  artifactKey: Guid(a01087ce1455c7e4c8f2410c26afcfd2) Importer(815301076,1909f56bfc062723c751e8b465ee728b)
Start importing Packages/com.unity.collab-proxy/Editor/Assets/Images/iconretainedoverlay@2x.png using Guid(a01087ce1455c7e4c8f2410c26afcfd2) Importer(815301076,1909f56bfc062723c751e8b465ee728b) (PreviewImporter) -> (artifact id: '07d18425c99ab381900cdfd98b8c0e5f') in 0.1091493 seconds
Number of updated asset objects reloaded before import = 0Number of asset objects unloaded after import = 3

========================================================================
Received Import Request.
  Time since last request: 0.000062 seconds.
  path: Packages/com.unity.collab-proxy/Editor/Assets/Images/iconshelve@2x.png
  artifactKey: Guid(695fbddd7238dc94c8f102d9191c2886) Importer(815301076,1909f56bfc062723c751e8b465ee728b)
Start importing Packages/com.unity.collab-proxy/Editor/Assets/Images/iconshelve@2x.png using Guid(695fbddd7238dc94c8f102d9191c2886) Importer(815301076,1909f56bfc062723c751e8b465ee728b) (PreviewImporter) -> (artifact id: 'd6c33c09e6ff5669d2488e0e713affc4') in 0.0379735 seconds
Number of updated asset objects reloaded before import = 0Number of asset objects unloaded after import = 3

========================================================================
Received Import Request.
  Time since last request: 0.550700 seconds.
  path: Packages/com.unity.collab-proxy/Editor/Assets/Images/iconinviteusers.png
  artifactKey: Guid(40e23f4f2fddc724db517c63f4d8990d) Importer(815301076,1909f56bfc062723c751e8b465ee728b)
Start importing Packages/com.unity.collab-proxy/Editor/Assets/Images/iconinviteusers.png using Guid(40e23f4f2fddc724db517c63f4d8990d) Importer(815301076,1909f56bfc062723c751e8b465ee728b) (PreviewImporter) -> (artifact id: '8ee9e5d2dd1a5ea6fa95f83ff6bc2cc2') in 0.0680788 seconds
Number of updated asset objects reloaded before import = 0Number of asset objects unloaded after import = 3

========================================================================
Received Import Request.
  Time since last request: 0.000069 seconds.
  path: Packages/com.unity.collab-proxy/Editor/Assets/Images/iconlock.png
  artifactKey: Guid(6d3f95684dd634b18aa9ab45b3e06cfd) Importer(815301076,1909f56bfc062723c751e8b465ee728b)
Start importing Packages/com.unity.collab-proxy/Editor/Assets/Images/iconlock.png using Guid(6d3f95684dd634b18aa9ab45b3e06cfd) Importer(815301076,1909f56bfc062723c751e8b465ee728b) (PreviewImporter) -> (artifact id: '9a4455dd061d47dadc2a228592f42473') in 0.0308231 seconds
Number of updated asset objects reloaded before import = 0Number of asset objects unloaded after import = 3

========================================================================
Received Import Request.
  Time since last request: 0.005757 seconds.
  path: Packages/com.unity.collab-proxy/Editor/Assets/Images/iconclipboard.png
  artifactKey: Guid(8d91317e8f7610f41a30fcb9c0d99196) Importer(815301076,1909f56bfc062723c751e8b465ee728b)
Start importing Packages/com.unity.collab-proxy/Editor/Assets/Images/iconclipboard.png using Guid(8d91317e8f7610f41a30fcb9c0d99196) Importer(815301076,1909f56bfc062723c751e8b465ee728b) (PreviewImporter) -> (artifact id: '5846197590b4d87beb42a315625eed0a') in 0.1080098 seconds
Number of updated asset objects reloaded before import = 0Number of asset objects unloaded after import = 3

========================================================================
Received Import Request.
  Time since last request: 0.000033 seconds.
  path: Packages/com.unity.collab-proxy/Editor/Assets/Images/iconinfobellnotification@2x.png
  artifactKey: Guid(830164d71b9d60c40b606822b957d10b) Importer(815301076,1909f56bfc062723c751e8b465ee728b)
Start importing Packages/com.unity.collab-proxy/Editor/Assets/Images/iconinfobellnotification@2x.png using Guid(830164d71b9d60c40b606822b957d10b) Importer(815301076,1909f56bfc062723c751e8b465ee728b) (PreviewImporter) -> (artifact id: '877cb35199837d79bb8f3c0fd00f8b90') in 0.0546903 seconds
Number of updated asset objects reloaded before import = 0Number of asset objects unloaded after import = 3

========================================================================
Received Import Request.
  Time since last request: 1.424010 seconds.
  path: Packages/com.unity.collab-proxy/Editor/Assets/Images/iconbranch.png
  artifactKey: Guid(981b1c6358520f245a69c070270eca96) Importer(815301076,1909f56bfc062723c751e8b465ee728b)
Start importing Packages/com.unity.collab-proxy/Editor/Assets/Images/iconbranch.png using Guid(981b1c6358520f245a69c070270eca96) Importer(815301076,1909f56bfc062723c751e8b465ee728b) (PreviewImporter) -> (artifact id: 'be80510eae21b3df4c4d74d0b4b52e00') in 0.0883633 seconds
Number of updated asset objects reloaded before import = 0Number of asset objects unloaded after import = 3

========================================================================
Received Import Request.
  Time since last request: 0.000036 seconds.
  path: Packages/com.unity.collab-proxy/Editor/Assets/Images/iconbrex.png
  artifactKey: Guid(87480bc179519ff4da25283c61c2573b) Importer(815301076,1909f56bfc062723c751e8b465ee728b)
Start importing Packages/com.unity.collab-proxy/Editor/Assets/Images/iconbrex.png using Guid(87480bc179519ff4da25283c61c2573b) Importer(815301076,1909f56bfc062723c751e8b465ee728b) (PreviewImporter) -> (artifact id: '97113866b18dd54725d246fb0b2b98a6') in 0.0458899 seconds
Number of updated asset objects reloaded before import = 0Number of asset objects unloaded after import = 3

========================================================================
Received Import Request.
  Time since last request: 0.265951 seconds.
  path: Assets/GameInputControllerIconsFree/keyboard/keyboard-solid/hyphen.png
  artifactKey: Guid(a908b1e4871201b4489e5fab946c86bf) Importer(815301076,1909f56bfc062723c751e8b465ee728b)
Start importing Assets/GameInputControllerIconsFree/keyboard/keyboard-solid/hyphen.png using Guid(a908b1e4871201b4489e5fab946c86bf) Importer(815301076,1909f56bfc062723c751e8b465ee728b) (PreviewImporter) -> (artifact id: 'ce52afd187aa008234be9e28e2efe66e') in 0.0319585 seconds
Number of updated asset objects reloaded before import = 0Number of asset objects unloaded after import = 3

========================================================================
Received Import Request.
  Time since last request: 0.000059 seconds.
  path: Assets/GameInputControllerIconsFree/keyboard/keyboard-outlined/i.png
  artifactKey: Guid(f9f8638f8e1e84443961eddb9c16b487) Importer(815301076,1909f56bfc062723c751e8b465ee728b)
Start importing Assets/GameInputControllerIconsFree/keyboard/keyboard-outlined/i.png using Guid(f9f8638f8e1e84443961eddb9c16b487) Importer(815301076,1909f56bfc062723c751e8b465ee728b) (PreviewImporter) -> (artifact id: 'cbf46db3282e1c95554379935c198f72') in 0.0418244 seconds
Number of updated asset objects reloaded before import = 0Number of asset objects unloaded after import = 3

========================================================================
Received Import Request.
  Time since last request: 0.404279 seconds.
  path: Assets/GameInputControllerIconsFree/keyboard/keyboard-outlined/home.png
  artifactKey: Guid(e64ba639c8d3e794bbf94d797e9660c4) Importer(815301076,1909f56bfc062723c751e8b465ee728b)
Start importing Assets/GameInputControllerIconsFree/keyboard/keyboard-outlined/home.png using Guid(e64ba639c8d3e794bbf94d797e9660c4) Importer(815301076,1909f56bfc062723c751e8b465ee728b) (PreviewImporter) -> (artifact id: '368d7620409263b7930eea2be2446b01') in 0.0370167 seconds
Number of updated asset objects reloaded before import = 0Number of asset objects unloaded after import = 3

========================================================================
Received Import Request.
  Time since last request: 2.747716 seconds.
  path: Assets/GameInputControllerIconsFree/keyboard/keyboard-outlined/h.png
  artifactKey: Guid(a69575350c23f7e49bcce0e8597960cf) Importer(815301076,1909f56bfc062723c751e8b465ee728b)
Start importing Assets/GameInputControllerIconsFree/keyboard/keyboard-outlined/h.png using Guid(a69575350c23f7e49bcce0e8597960cf) Importer(815301076,1909f56bfc062723c751e8b465ee728b) (PreviewImporter) -> (artifact id: '9c1b51e2db4555fb6dbfe09cb89afa26') in 0.028967 seconds
Number of updated asset objects reloaded before import = 0Number of asset objects unloaded after import = 3

========================================================================
Received Import Request.
  Time since last request: 0.513101 seconds.
  path: Packages/com.unity.2d.tilemap.extras/Editor/Brushes/GroupBrush/GroupBrush.png
  artifactKey: Guid(7311db2abcada4c1fa7f7d6f7dc8caf6) Importer(815301076,1909f56bfc062723c751e8b465ee728b)
Start importing Packages/com.unity.2d.tilemap.extras/Editor/Brushes/GroupBrush/GroupBrush.png using Guid(7311db2abcada4c1fa7f7d6f7dc8caf6) Importer(815301076,1909f56bfc062723c751e8b465ee728b) (PreviewImporter) -> (artifact id: '2a3ecde87bcb6d4dd70f9d083a1e0798') in 0.0229726 seconds
Number of updated asset objects reloaded before import = 0Number of asset objects unloaded after import = 3

========================================================================
Received Import Request.
  Time since last request: 0.000036 seconds.
  path: Packages/com.unity.2d.tilemap.extras/Editor/Brushes/GroupBrush/GroupBrush@4x.png
  artifactKey: Guid(af6919a8e471b413bb139793dde211a1) Importer(815301076,1909f56bfc062723c751e8b465ee728b)
Start importing Packages/com.unity.2d.tilemap.extras/Editor/Brushes/GroupBrush/GroupBrush@4x.png using Guid(af6919a8e471b413bb139793dde211a1) Importer(815301076,1909f56bfc062723c751e8b465ee728b) (PreviewImporter) -> (artifact id: 'bbdcfd4c11706dabff6744ad7194d5a2') in 0.0388427 seconds
Number of updated asset objects reloaded before import = 0Number of asset objects unloaded after import = 3

========================================================================
Received Import Request.
  Time since last request: 0.000037 seconds.
  path: Packages/com.unity.2d.tilemap/Editor/Icons/Grid.RotateACW.png
  artifactKey: Guid(28df830b98d0a3f44b58e73d78060ab0) Importer(815301076,1909f56bfc062723c751e8b465ee728b)
Start importing Packages/com.unity.2d.tilemap/Editor/Icons/Grid.RotateACW.png using Guid(28df830b98d0a3f44b58e73d78060ab0) Importer(815301076,1909f56bfc062723c751e8b465ee728b) (PreviewImporter) -> (artifact id: '6b6232fe05b2e1b47e0f6cfb9ec9b0d3') in 0.0765328 seconds
Number of updated asset objects reloaded before import = 0Number of asset objects unloaded after import = 3

========================================================================
Received Import Request.
  Time since last request: 0.000029 seconds.
  path: Packages/com.unity.2d.tilemap/Editor/Icons/Grid.RotateCW.png
  artifactKey: Guid(e25f34c849d45714e86b14d3afbb763e) Importer(815301076,1909f56bfc062723c751e8b465ee728b)
Start importing Packages/com.unity.2d.tilemap/Editor/Icons/Grid.RotateCW.png using Guid(e25f34c849d45714e86b14d3afbb763e) Importer(815301076,1909f56bfc062723c751e8b465ee728b) (PreviewImporter) -> (artifact id: '556b0aa9cf69cfd44dccc561ceeaf375') in 0.0762132 seconds
Number of updated asset objects reloaded before import = 0Number of asset objects unloaded after import = 3

========================================================================
Received Import Request.
  Time since last request: 0.232900 seconds.
  path: Packages/com.unity.2d.tilemap/Editor/Icons/Grid.FlipX.png
  artifactKey: Guid(e883969672bd261498f38ec9e9fc393f) Importer(815301076,1909f56bfc062723c751e8b465ee728b)
Start importing Packages/com.unity.2d.tilemap/Editor/Icons/Grid.FlipX.png using Guid(e883969672bd261498f38ec9e9fc393f) Importer(815301076,1909f56bfc062723c751e8b465ee728b) (PreviewImporter) -> (artifact id: '9749406411518d008c6f8babe6b92dfc') in 0.0503766 seconds
Number of updated asset objects reloaded before import = 0Number of asset objects unloaded after import = 3

========================================================================
Received Import Request.
  Time since last request: 0.000048 seconds.
  path: Packages/com.unity.2d.tilemap/Editor/Icons/Grid.FlipY.png
  artifactKey: Guid(2a807ac042c28e546b9d90048ebbc33f) Importer(815301076,1909f56bfc062723c751e8b465ee728b)
Start importing Packages/com.unity.2d.tilemap/Editor/Icons/Grid.FlipY.png using Guid(2a807ac042c28e546b9d90048ebbc33f) Importer(815301076,1909f56bfc062723c751e8b465ee728b) (PreviewImporter) -> (artifact id: '3684ae86a1b07d26afb96d033493b5cb') in 0.0373883 seconds
Number of updated asset objects reloaded before import = 0Number of asset objects unloaded after import = 3

========================================================================
Received Import Request.
  Time since last request: 0.491510 seconds.
  path: Packages/com.unity.2d.animation/Editor/Assets/EditorIcons/Light/GreenCheck.png
  artifactKey: Guid(e751b2190ea1e42ec80e6470bc9a15ac) Importer(815301076,1909f56bfc062723c751e8b465ee728b)
Start importing Packages/com.unity.2d.animation/Editor/Assets/EditorIcons/Light/GreenCheck.png using Guid(e751b2190ea1e42ec80e6470bc9a15ac) Importer(815301076,1909f56bfc062723c751e8b465ee728b) (PreviewImporter) -> (artifact id: '57e6472369e55f7d0d1a9c5a9a19c505') in 0.0659241 seconds
Number of updated asset objects reloaded before import = 0Number of asset objects unloaded after import = 3

========================================================================
Received Import Request.
  Time since last request: 0.237876 seconds.
  path: Packages/com.unity.2d.animation/Editor/Assets/EditorIcons/Light/Generate_Weights@3x.png
  artifactKey: Guid(ed5ce024c84dbdb42ac5037d03e7c039) Importer(815301076,1909f56bfc062723c751e8b465ee728b)
Start importing Packages/com.unity.2d.animation/Editor/Assets/EditorIcons/Light/Generate_Weights@3x.png using Guid(ed5ce024c84dbdb42ac5037d03e7c039) Importer(815301076,1909f56bfc062723c751e8b465ee728b) (PreviewImporter) -> (artifact id: 'e2774d8f33fcd9613d7acf3a1738dc0f') in 0.1118369 seconds
Number of updated asset objects reloaded before import = 0Number of asset objects unloaded after import = 3

========================================================================
Received Import Request.
  Time since last request: 0.000083 seconds.
  path: Packages/com.unity.2d.animation/Editor/Assets/EditorIcons/Selected/Generate_Weights@4x.png
  artifactKey: Guid(ea292d445b1c4cb48897511cd9453f1c) Importer(815301076,1909f56bfc062723c751e8b465ee728b)
Start importing Packages/com.unity.2d.animation/Editor/Assets/EditorIcons/Selected/Generate_Weights@4x.png using Guid(ea292d445b1c4cb48897511cd9453f1c) Importer(815301076,1909f56bfc062723c751e8b465ee728b) (PreviewImporter) -> (artifact id: '0070bd264314d46adf24e31a833eaf70') in 0.0530566 seconds
Number of updated asset objects reloaded before import = 0Number of asset objects unloaded after import = 3

========================================================================
Received Import Request.
  Time since last request: 0.192592 seconds.
  path: Packages/com.unity.2d.animation/Editor/Assets/EditorIcons/Light/Generate_Weights.png
  artifactKey: Guid(007c4dbed3f8be9429c39de72ee3c2d7) Importer(815301076,1909f56bfc062723c751e8b465ee728b)
Start importing Packages/com.unity.2d.animation/Editor/Assets/EditorIcons/Light/Generate_Weights.png using Guid(007c4dbed3f8be9429c39de72ee3c2d7) Importer(815301076,1909f56bfc062723c751e8b465ee728b) (PreviewImporter) -> (artifact id: '6a4ad2f546a63f0ddaf95a7171f5acb6') in 0.0659971 seconds
Number of updated asset objects reloaded before import = 0Number of asset objects unloaded after import = 3

========================================================================
Received Import Request.
  Time since last request: 0.000112 seconds.
  path: Packages/com.unity.2d.animation/Editor/Assets/EditorIcons/Light/Generate_Weights@2x.png
  artifactKey: Guid(ef3672bed7321e34da872e8c2e205209) Importer(815301076,1909f56bfc062723c751e8b465ee728b)
Start importing Packages/com.unity.2d.animation/Editor/Assets/EditorIcons/Light/Generate_Weights@2x.png using Guid(ef3672bed7321e34da872e8c2e205209) Importer(815301076,1909f56bfc062723c751e8b465ee728b) (PreviewImporter) -> (artifact id: '3401d819b2037158e72e3f27be6a2085') in 0.0292865 seconds
Number of updated asset objects reloaded before import = 0Number of asset objects unloaded after import = 3

========================================================================
Received Import Request.
  Time since last request: 0.000055 seconds.
  path: Packages/com.unity.2d.animation/Editor/Assets/EditorIcons/Light/Generate_Geometry@3x.png
  artifactKey: Guid(902d611ab43afe940bd891d4a3a480f3) Importer(815301076,1909f56bfc062723c751e8b465ee728b)
Start importing Packages/com.unity.2d.animation/Editor/Assets/EditorIcons/Light/Generate_Geometry@3x.png using Guid(902d611ab43afe940bd891d4a3a480f3) Importer(815301076,1909f56bfc062723c751e8b465ee728b) (PreviewImporter) -> (artifact id: '9f5b7ce7af4a14f10d6dd954d44648c4') in 0.0690472 seconds
Number of updated asset objects reloaded before import = 0Number of asset objects unloaded after import = 3

========================================================================
Received Import Request.
  Time since last request: 0.000036 seconds.
  path: Packages/com.unity.2d.animation/Editor/Assets/EditorIcons/Light/Generate_Geometry@4x.png
  artifactKey: Guid(a4c77cea19fd0f84581d6e437a86290c) Importer(815301076,1909f56bfc062723c751e8b465ee728b)
Start importing Packages/com.unity.2d.animation/Editor/Assets/EditorIcons/Light/Generate_Geometry@4x.png using Guid(a4c77cea19fd0f84581d6e437a86290c) Importer(815301076,1909f56bfc062723c751e8b465ee728b) (PreviewImporter) -> (artifact id: '273a877e0ffb2e39b06428240baa3021') in 0.0534173 seconds
Number of updated asset objects reloaded before import = 0Number of asset objects unloaded after import = 3

========================================================================
Received Import Request.
  Time since last request: 0.238916 seconds.
  path: Packages/com.unity.2d.animation/Editor/Assets/EditorIcons/Selected/Generate_Geometry.png
  artifactKey: Guid(41842964c48860f46b45e7b3d5986e07) Importer(815301076,1909f56bfc062723c751e8b465ee728b)
Start importing Packages/com.unity.2d.animation/Editor/Assets/EditorIcons/Selected/Generate_Geometry.png using Guid(41842964c48860f46b45e7b3d5986e07) Importer(815301076,1909f56bfc062723c751e8b465ee728b) (PreviewImporter) -> (artifact id: 'a6d8d5368add82afff67c64c7dd2a099') in 0.0441669 seconds
Number of updated asset objects reloaded before import = 0Number of asset objects unloaded after import = 3

========================================================================
Received Import Request.
  Time since last request: 0.000030 seconds.
  path: Packages/com.unity.2d.animation/Editor/Assets/EditorIcons/Selected/Generate_Geometry@2x.png
  artifactKey: Guid(114d4aa7bb14433489b942bb28ff6183) Importer(815301076,1909f56bfc062723c751e8b465ee728b)
Start importing Packages/com.unity.2d.animation/Editor/Assets/EditorIcons/Selected/Generate_Geometry@2x.png using Guid(114d4aa7bb14433489b942bb28ff6183) Importer(815301076,1909f56bfc062723c751e8b465ee728b) (PreviewImporter) -> (artifact id: 'd616748ed3814546d21a40f9be682f97') in 0.0293186 seconds
Number of updated asset objects reloaded before import = 0Number of asset objects unloaded after import = 3

========================================================================
Received Import Request.
  Time since last request: 1.097737 seconds.
  path: Assets/GameInputControllerIconsFree/keyboard/keyboard-outlined/g.png
  artifactKey: Guid(1a9f40c9924a2d1439d3c783982f3612) Importer(815301076,1909f56bfc062723c751e8b465ee728b)
Start importing Assets/GameInputControllerIconsFree/keyboard/keyboard-outlined/g.png using Guid(1a9f40c9924a2d1439d3c783982f3612) Importer(815301076,1909f56bfc062723c751e8b465ee728b) (PreviewImporter) -> (artifact id: '930e11654194cf79643abcac750b038d') in 0.031013 seconds
Number of updated asset objects reloaded before import = 0Number of asset objects unloaded after import = 3

========================================================================
Received Import Request.
  Time since last request: 0.000025 seconds.
  path: Packages/com.unity.2d.tilemap.extras/Editor/Brushes/GameObjectBrush/GameObjectBrush@2x.png
  artifactKey: Guid(3b1f1c1705419448398bbfafa99724cc) Importer(815301076,1909f56bfc062723c751e8b465ee728b)
Start importing Packages/com.unity.2d.tilemap.extras/Editor/Brushes/GameObjectBrush/GameObjectBrush@2x.png using Guid(3b1f1c1705419448398bbfafa99724cc) Importer(815301076,1909f56bfc062723c751e8b465ee728b) (PreviewImporter) -> (artifact id: '641a8db6b08b113f536ad51963cb71a7') in 0.0224186 seconds
Number of updated asset objects reloaded before import = 0Number of asset objects unloaded after import = 3

========================================================================
Received Import Request.
  Time since last request: 0.000053 seconds.
  path: Packages/com.unity.2d.tilemap.extras/Editor/Brushes/GameObjectBrush/GameObjectBrush@4x.png
  artifactKey: Guid(27fcf2ee0895b467f980e5c3c57b655c) Importer(815301076,1909f56bfc062723c751e8b465ee728b)
Start importing Packages/com.unity.2d.tilemap.extras/Editor/Brushes/GameObjectBrush/GameObjectBrush@4x.png using Guid(27fcf2ee0895b467f980e5c3c57b655c) Importer(815301076,1909f56bfc062723c751e8b465ee728b) (PreviewImporter) -> (artifact id: '17afdba2205dfc718b70d3216616a1da') in 0.0719548 seconds
Number of updated asset objects reloaded before import = 0Number of asset objects unloaded after import = 3

========================================================================
Received Import Request.
  Time since last request: 0.663037 seconds.
  path: Assets/FeonY/Animated Pixel-Art Backgrounds/Art/Animations/Pixel-Art Background 2/frame0150.png
  artifactKey: Guid(38f68329313b53645be270517120bfed) Importer(815301076,1909f56bfc062723c751e8b465ee728b)
Start importing Assets/FeonY/Animated Pixel-Art Backgrounds/Art/Animations/Pixel-Art Background 2/frame0150.png using Guid(38f68329313b53645be270517120bfed) Importer(815301076,1909f56bfc062723c751e8b465ee728b) (PreviewImporter) -> (artifact id: 'aa7b34c596270c9d8592435b4f9c1fa5') in 0.0247041 seconds
Number of updated asset objects reloaded before import = 0Number of asset objects unloaded after import = 3

========================================================================
Received Import Request.
  Time since last request: 0.061270 seconds.
  path: Assets/FeonY/Animated Pixel-Art Backgrounds/Art/Animations/Pixel-Art Background 2/frame0152.png
  artifactKey: Guid(9e9f8453c21577e46ba7fbc377f4fd2a) Importer(815301076,1909f56bfc062723c751e8b465ee728b)
Start importing Assets/FeonY/Animated Pixel-Art Backgrounds/Art/Animations/Pixel-Art Background 2/frame0152.png using Guid(9e9f8453c21577e46ba7fbc377f4fd2a) Importer(815301076,1909f56bfc062723c751e8b465ee728b) (PreviewImporter) -> (artifact id: 'dc27115c04538c2dc26ffb3d75c64fc3') in 0.0372932 seconds
Number of updated asset objects reloaded before import = 0Number of asset objects unloaded after import = 3

========================================================================
Received Import Request.
  Time since last request: 0.541340 seconds.
  path: Assets/FeonY/Animated Pixel-Art Backgrounds/Art/Animations/Pixel-Art Background 2/frame0146.png
  artifactKey: Guid(63e9a71257aebe74787ae64715f887e0) Importer(815301076,1909f56bfc062723c751e8b465ee728b)
Start importing Assets/FeonY/Animated Pixel-Art Backgrounds/Art/Animations/Pixel-Art Background 2/frame0146.png using Guid(63e9a71257aebe74787ae64715f887e0) Importer(815301076,1909f56bfc062723c751e8b465ee728b) (PreviewImporter) -> (artifact id: '5ec1c41beeac268eecfeb8f6714db08c') in 0.0880959 seconds
Number of updated asset objects reloaded before import = 0Number of asset objects unloaded after import = 3

========================================================================
Received Import Request.
  Time since last request: 0.000029 seconds.
  path: Assets/FeonY/Animated Pixel-Art Backgrounds/Art/Animations/Pixel-Art Background 2/frame0147.png
  artifactKey: Guid(cefe6ad9af171d14487fb57331c68037) Importer(815301076,1909f56bfc062723c751e8b465ee728b)
Start importing Assets/FeonY/Animated Pixel-Art Backgrounds/Art/Animations/Pixel-Art Background 2/frame0147.png using Guid(cefe6ad9af171d14487fb57331c68037) Importer(815301076,1909f56bfc062723c751e8b465ee728b) (PreviewImporter) -> (artifact id: '3619faffdc6212eacc489a5f6e16c85e') in 0.0581448 seconds
Number of updated asset objects reloaded before import = 0Number of asset objects unloaded after import = 3

========================================================================
Received Import Request.
  Time since last request: 0.000057 seconds.
  path: Assets/FeonY/Animated Pixel-Art Backgrounds/Art/Animations/Pixel-Art Background 2/frame0148.png
  artifactKey: Guid(7c5da1185d5f86745ad65d7c01d48edc) Importer(815301076,1909f56bfc062723c751e8b465ee728b)
Start importing Assets/FeonY/Animated Pixel-Art Backgrounds/Art/Animations/Pixel-Art Background 2/frame0148.png using Guid(7c5da1185d5f86745ad65d7c01d48edc) Importer(815301076,1909f56bfc062723c751e8b465ee728b) (PreviewImporter) -> (artifact id: 'c2db06b9c3231e70a39d3fc75976a7ea') in 0.0283388 seconds
Number of updated asset objects reloaded before import = 0Number of asset objects unloaded after import = 3

========================================================================
Received Import Request.
  Time since last request: 0.000028 seconds.
  path: Assets/FeonY/Animated Pixel-Art Backgrounds/Art/Animations/Pixel-Art Background 2/frame0149.png
  artifactKey: Guid(6fac2e44b8727af449127733e4e534d1) Importer(815301076,1909f56bfc062723c751e8b465ee728b)
Start importing Assets/FeonY/Animated Pixel-Art Backgrounds/Art/Animations/Pixel-Art Background 2/frame0149.png using Guid(6fac2e44b8727af449127733e4e534d1) Importer(815301076,1909f56bfc062723c751e8b465ee728b) (PreviewImporter) -> (artifact id: '0d3569b26adc02f2c2277565929bb593') in 0.0315441 seconds
Number of updated asset objects reloaded before import = 0Number of asset objects unloaded after import = 3

========================================================================
Received Import Request.
  Time since last request: 0.350740 seconds.
  path: Assets/FeonY/Animated Pixel-Art Backgrounds/Art/Animations/Pixel-Art Background 3/frame0142.png
  artifactKey: Guid(81b07be83ef4dea4babf212c759b1294) Importer(815301076,1909f56bfc062723c751e8b465ee728b)
Start importing Assets/FeonY/Animated Pixel-Art Backgrounds/Art/Animations/Pixel-Art Background 3/frame0142.png using Guid(81b07be83ef4dea4babf212c759b1294) Importer(815301076,1909f56bfc062723c751e8b465ee728b) (PreviewImporter) -> (artifact id: 'e24c9fe44249d71a619aa1c602d801b4') in 0.0280749 seconds
Number of updated asset objects reloaded before import = 0Number of asset objects unloaded after import = 3

========================================================================
Received Import Request.
  Time since last request: 0.000029 seconds.
  path: Assets/FeonY/Animated Pixel-Art Backgrounds/Art/Animations/Pixel-Art Background 2/frame0143.png
  artifactKey: Guid(c53d56b32e7aa19459c868ef7eee3cc6) Importer(815301076,1909f56bfc062723c751e8b465ee728b)
Start importing Assets/FeonY/Animated Pixel-Art Backgrounds/Art/Animations/Pixel-Art Background 2/frame0143.png using Guid(c53d56b32e7aa19459c868ef7eee3cc6) Importer(815301076,1909f56bfc062723c751e8b465ee728b) (PreviewImporter) -> (artifact id: '4ccc36cffd623a2fd7368cac2e4c6810') in 0.0265538 seconds
Number of updated asset objects reloaded before import = 0Number of asset objects unloaded after import = 3

========================================================================
Received Import Request.
  Time since last request: 0.000106 seconds.
  path: Assets/FeonY/Animated Pixel-Art Backgrounds/Art/Animations/Pixel-Art Background 2/frame0144.png
  artifactKey: Guid(783d818f395e6ef4ab048bf02226b6bc) Importer(815301076,1909f56bfc062723c751e8b465ee728b)
Start importing Assets/FeonY/Animated Pixel-Art Backgrounds/Art/Animations/Pixel-Art Background 2/frame0144.png using Guid(783d818f395e6ef4ab048bf02226b6bc) Importer(815301076,1909f56bfc062723c751e8b465ee728b) (PreviewImporter) -> (artifact id: '4876d7f4cb0a6e2e08bde9dfa868a219') in 0.027829 seconds
Number of updated asset objects reloaded before import = 0Number of asset objects unloaded after import = 3

========================================================================
Received Import Request.
  Time since last request: 0.000028 seconds.
  path: Assets/FeonY/Animated Pixel-Art Backgrounds/Art/Animations/Pixel-Art Background 2/frame0145.png
  artifactKey: Guid(098030359a643a14894294c2e78aed12) Importer(815301076,1909f56bfc062723c751e8b465ee728b)
Start importing Assets/FeonY/Animated Pixel-Art Backgrounds/Art/Animations/Pixel-Art Background 2/frame0145.png using Guid(098030359a643a14894294c2e78aed12) Importer(815301076,1909f56bfc062723c751e8b465ee728b) (PreviewImporter) -> (artifact id: 'e50ef669076f8a47ff819003819ceab7') in 0.0310791 seconds
Number of updated asset objects reloaded before import = 0Number of asset objects unloaded after import = 3

========================================================================
Received Import Request.
  Time since last request: 0.023911 seconds.
  path: Assets/FeonY/Animated Pixel-Art Backgrounds/Art/Animations/Pixel-Art Background 1/frame0140.png
  artifactKey: Guid(1fd823c63c6c7344eb68f9630f162e36) Importer(815301076,1909f56bfc062723c751e8b465ee728b)
Start importing Assets/FeonY/Animated Pixel-Art Backgrounds/Art/Animations/Pixel-Art Background 1/frame0140.png using Guid(1fd823c63c6c7344eb68f9630f162e36) Importer(815301076,1909f56bfc062723c751e8b465ee728b) (PreviewImporter) -> (artifact id: '8d83a40e5cb52cd308734e00e9ee46e6') in 0.0346622 seconds
Number of updated asset objects reloaded before import = 0Number of asset objects unloaded after import = 3

========================================================================
Received Import Request.
  Time since last request: 0.000029 seconds.
  path: Assets/FeonY/Animated Pixel-Art Backgrounds/Art/Animations/Pixel-Art Background 3/frame0141.png
  artifactKey: Guid(dd36c48830410eb4abe499ffe5d8d1bf) Importer(815301076,1909f56bfc062723c751e8b465ee728b)
Start importing Assets/FeonY/Animated Pixel-Art Backgrounds/Art/Animations/Pixel-Art Background 3/frame0141.png using Guid(dd36c48830410eb4abe499ffe5d8d1bf) Importer(815301076,1909f56bfc062723c751e8b465ee728b) (PreviewImporter) -> (artifact id: '6acdfbbec0a4a86869b1d39bea764b08') in 0.0324414 seconds
Number of updated asset objects reloaded before import = 0Number of asset objects unloaded after import = 3

========================================================================
Received Import Request.
  Time since last request: 0.032973 seconds.
  path: Assets/FeonY/Animated Pixel-Art Backgrounds/Art/Animations/Pixel-Art Background 2/frame0142.png
  artifactKey: Guid(a3bba89997ebfe54ab1a7893853293a6) Importer(815301076,1909f56bfc062723c751e8b465ee728b)
Start importing Assets/FeonY/Animated Pixel-Art Backgrounds/Art/Animations/Pixel-Art Background 2/frame0142.png using Guid(a3bba89997ebfe54ab1a7893853293a6) Importer(815301076,1909f56bfc062723c751e8b465ee728b) (PreviewImporter) -> (artifact id: 'fe0ac1b87cc6b8afdf8160bd0f17022c') in 0.056767 seconds
Number of updated asset objects reloaded before import = 0Number of asset objects unloaded after import = 3

========================================================================
Received Import Request.
  Time since last request: 1.190216 seconds.
  path: Assets/FeonY/Animated Pixel-Art Backgrounds/Art/Animations/Pixel-Art Background 1/frame0139.png
  artifactKey: Guid(73a8ff7fb79c3dc47af393345a80ec0e) Importer(815301076,1909f56bfc062723c751e8b465ee728b)
Start importing Assets/FeonY/Animated Pixel-Art Backgrounds/Art/Animations/Pixel-Art Background 1/frame0139.png using Guid(73a8ff7fb79c3dc47af393345a80ec0e) Importer(815301076,1909f56bfc062723c751e8b465ee728b) (PreviewImporter) -> (artifact id: '6ec09d400ddebb191c918e48bb622ee2') in 0.0351375 seconds
Number of updated asset objects reloaded before import = 0Number of asset objects unloaded after import = 3

========================================================================
Received Import Request.
  Time since last request: 0.001556 seconds.
  path: Assets/FeonY/Animated Pixel-Art Backgrounds/Art/Animations/Pixel-Art Background 3/frame0140.png
  artifactKey: Guid(bda376d87390dbc44b1b2766ab7b8a50) Importer(815301076,1909f56bfc062723c751e8b465ee728b)
Start importing Assets/FeonY/Animated Pixel-Art Backgrounds/Art/Animations/Pixel-Art Background 3/frame0140.png using Guid(bda376d87390dbc44b1b2766ab7b8a50) Importer(815301076,1909f56bfc062723c751e8b465ee728b) (PreviewImporter) -> (artifact id: '45e7771d0f3afafd73e61640f3d7818e') in 0.038323 seconds
Number of updated asset objects reloaded before import = 0Number of asset objects unloaded after import = 3

========================================================================
Received Import Request.
  Time since last request: 0.072480 seconds.
  path: Assets/FeonY/Animated Pixel-Art Backgrounds/Art/Animations/Pixel-Art Background 2/frame0136.png
  artifactKey: Guid(c4a34ae90da83a84fb5c5842b1e11f6f) Importer(815301076,1909f56bfc062723c751e8b465ee728b)
Start importing Assets/FeonY/Animated Pixel-Art Backgrounds/Art/Animations/Pixel-Art Background 2/frame0136.png using Guid(c4a34ae90da83a84fb5c5842b1e11f6f) Importer(815301076,1909f56bfc062723c751e8b465ee728b) (PreviewImporter) -> (artifact id: '9b85f8acd711a0f0a45fa9999764998f') in 0.026657 seconds
Number of updated asset objects reloaded before import = 0Number of asset objects unloaded after import = 3

========================================================================
Received Import Request.
  Time since last request: 0.000027 seconds.
  path: Assets/FeonY/Animated Pixel-Art Backgrounds/Art/Animations/Pixel-Art Background 3/frame0137.png
  artifactKey: Guid(7f1efab1196ee074ab7701a331c7af9d) Importer(815301076,1909f56bfc062723c751e8b465ee728b)
Start importing Assets/FeonY/Animated Pixel-Art Backgrounds/Art/Animations/Pixel-Art Background 3/frame0137.png using Guid(7f1efab1196ee074ab7701a331c7af9d) Importer(815301076,1909f56bfc062723c751e8b465ee728b) (PreviewImporter) -> (artifact id: 'c2507024467d4f988dc2a91787d7ac85') in 0.0280183 seconds
Number of updated asset objects reloaded before import = 0Number of asset objects unloaded after import = 3

========================================================================
Received Import Request.
  Time since last request: 0.007046 seconds.
  path: Assets/FeonY/Animated Pixel-Art Backgrounds/Art/Animations/Pixel-Art Background 2/frame0137.png
  artifactKey: Guid(8e85b70b3de4e2c4082e523d97308d8a) Importer(815301076,1909f56bfc062723c751e8b465ee728b)
Start importing Assets/FeonY/Animated Pixel-Art Backgrounds/Art/Animations/Pixel-Art Background 2/frame0137.png using Guid(8e85b70b3de4e2c4082e523d97308d8a) Importer(815301076,1909f56bfc062723c751e8b465ee728b) (PreviewImporter) -> (artifact id: '70d6d727f6d0787e413b4a9740c98a95') in 0.0309277 seconds
Number of updated asset objects reloaded before import = 0Number of asset objects unloaded after import = 3

========================================================================
Received Import Request.
  Time since last request: 0.032561 seconds.
  path: Assets/FeonY/Animated Pixel-Art Backgrounds/Art/Animations/Pixel-Art Background 1/frame0137.png
  artifactKey: Guid(036beeff094fc524ba793906af8596af) Importer(815301076,1909f56bfc062723c751e8b465ee728b)
Start importing Assets/FeonY/Animated Pixel-Art Backgrounds/Art/Animations/Pixel-Art Background 1/frame0137.png using Guid(036beeff094fc524ba793906af8596af) Importer(815301076,1909f56bfc062723c751e8b465ee728b) (PreviewImporter) -> (artifact id: '5528a3f8e99acc712298192fd97d4d99') in 0.0252739 seconds
Number of updated asset objects reloaded before import = 0Number of asset objects unloaded after import = 3

========================================================================
Received Import Request.
  Time since last request: 0.008611 seconds.
  path: Assets/FeonY/Animated Pixel-Art Backgrounds/Art/Animations/Pixel-Art Background 2/frame0138.png
  artifactKey: Guid(a872cf45ca0547b4c8d604d2f5684f13) Importer(815301076,1909f56bfc062723c751e8b465ee728b)
Start importing Assets/FeonY/Animated Pixel-Art Backgrounds/Art/Animations/Pixel-Art Background 2/frame0138.png using Guid(a872cf45ca0547b4c8d604d2f5684f13) Importer(815301076,1909f56bfc062723c751e8b465ee728b) (PreviewImporter) -> (artifact id: '8915c920cb90a0812626efec5b4d07ea') in 0.0499256 seconds
Number of updated asset objects reloaded before import = 0Number of asset objects unloaded after import = 3

========================================================================
Received Import Request.
  Time since last request: 0.000062 seconds.
  path: Assets/FeonY/Animated Pixel-Art Backgrounds/Art/Animations/Pixel-Art Background 1/frame0138.png
  artifactKey: Guid(b126578a57af74f4ca50884d653f3ea3) Importer(815301076,1909f56bfc062723c751e8b465ee728b)
Start importing Assets/FeonY/Animated Pixel-Art Backgrounds/Art/Animations/Pixel-Art Background 1/frame0138.png using Guid(b126578a57af74f4ca50884d653f3ea3) Importer(815301076,1909f56bfc062723c751e8b465ee728b) (PreviewImporter) -> (artifact id: 'd242f2d1ac94e96216c200f5b7987966') in 0.028577 seconds
Number of updated asset objects reloaded before import = 0Number of asset objects unloaded after import = 3

========================================================================
Received Import Request.
  Time since last request: 0.000071 seconds.
  path: Assets/FeonY/Animated Pixel-Art Backgrounds/Art/Animations/Pixel-Art Background 2/frame0139.png
  artifactKey: Guid(09bc31b77e7f268468fba88e5ab63452) Importer(815301076,1909f56bfc062723c751e8b465ee728b)
Start importing Assets/FeonY/Animated Pixel-Art Backgrounds/Art/Animations/Pixel-Art Background 2/frame0139.png using Guid(09bc31b77e7f268468fba88e5ab63452) Importer(815301076,1909f56bfc062723c751e8b465ee728b) (PreviewImporter) -> (artifact id: '86c612ac41da81e79e9d0a2e81da170e') in 0.0283206 seconds
Number of updated asset objects reloaded before import = 0Number of asset objects unloaded after import = 3

========================================================================
Received Import Request.
  Time since last request: 0.012213 seconds.
  path: Assets/FeonY/Animated Pixel-Art Backgrounds/Art/Animations/Pixel-Art Background 1/frame0132.png
  artifactKey: Guid(842cf4d5873076e408588f26198cf3a7) Importer(815301076,1909f56bfc062723c751e8b465ee728b)
Start importing Assets/FeonY/Animated Pixel-Art Backgrounds/Art/Animations/Pixel-Art Background 1/frame0132.png using Guid(842cf4d5873076e408588f26198cf3a7) Importer(815301076,1909f56bfc062723c751e8b465ee728b) (PreviewImporter) -> (artifact id: '809c12d588202805cee8c4a308c5e022') in 0.0283866 seconds
Number of updated asset objects reloaded before import = 0Number of asset objects unloaded after import = 3

========================================================================
Received Import Request.
  Time since last request: 0.014520 seconds.
  path: Assets/FeonY/Animated Pixel-Art Backgrounds/Art/Animations/Pixel-Art Background 3/frame0133.png
  artifactKey: Guid(6c85a20ab38a1ac4ba10512dc9d0c08b) Importer(815301076,1909f56bfc062723c751e8b465ee728b)
Start importing Assets/FeonY/Animated Pixel-Art Backgrounds/Art/Animations/Pixel-Art Background 3/frame0133.png using Guid(6c85a20ab38a1ac4ba10512dc9d0c08b) Importer(815301076,1909f56bfc062723c751e8b465ee728b) (PreviewImporter) -> (artifact id: '3645e5f232e5ac5feff935a6de20ea51') in 0.0260878 seconds
Number of updated asset objects reloaded before import = 0Number of asset objects unloaded after import = 3

========================================================================
Received Import Request.
  Time since last request: 0.011393 seconds.
  path: Assets/FeonY/Animated Pixel-Art Backgrounds/Art/Animations/Pixel-Art Background 2/frame0133.png
  artifactKey: Guid(b133b0252ee6a1b4e838ac418b534de8) Importer(815301076,1909f56bfc062723c751e8b465ee728b)
Start importing Assets/FeonY/Animated Pixel-Art Backgrounds/Art/Animations/Pixel-Art Background 2/frame0133.png using Guid(b133b0252ee6a1b4e838ac418b534de8) Importer(815301076,1909f56bfc062723c751e8b465ee728b) (PreviewImporter) -> (artifact id: 'aaa1d5fbaed9292bcf461276ac4a1d5c') in 0.0255111 seconds
Number of updated asset objects reloaded before import = 0Number of asset objects unloaded after import = 3

========================================================================
Received Import Request.
  Time since last request: 0.000028 seconds.
  path: Assets/FeonY/Animated Pixel-Art Backgrounds/Art/Animations/Pixel-Art Background 1/frame0133.png
  artifactKey: Guid(0ec992709da37124cb251ec2a3e14bb6) Importer(815301076,1909f56bfc062723c751e8b465ee728b)
Start importing Assets/FeonY/Animated Pixel-Art Backgrounds/Art/Animations/Pixel-Art Background 1/frame0133.png using Guid(0ec992709da37124cb251ec2a3e14bb6) Importer(815301076,1909f56bfc062723c751e8b465ee728b) (PreviewImporter) -> (artifact id: '7ebb9cfd1d7622ec1da0082a4544bf1c') in 0.0621578 seconds
Number of updated asset objects reloaded before import = 0Number of asset objects unloaded after import = 3

========================================================================
Received Import Request.
  Time since last request: 0.000045 seconds.
  path: Assets/FeonY/Animated Pixel-Art Backgrounds/Art/Animations/Pixel-Art Background 3/frame0134.png
  artifactKey: Guid(c3230a40973176f4c81dc1041ee48724) Importer(815301076,1909f56bfc062723c751e8b465ee728b)
Start importing Assets/FeonY/Animated Pixel-Art Backgrounds/Art/Animations/Pixel-Art Background 3/frame0134.png using Guid(c3230a40973176f4c81dc1041ee48724) Importer(815301076,1909f56bfc062723c751e8b465ee728b) (PreviewImporter) -> (artifact id: '95053d3509d7de150c69f6bbac48d1d3') in 0.0468376 seconds
Number of updated asset objects reloaded before import = 0Number of asset objects unloaded after import = 3

========================================================================
Received Import Request.
  Time since last request: 0.029189 seconds.
  path: Assets/FeonY/Animated Pixel-Art Backgrounds/Art/Animations/Pixel-Art Background 1/frame0134.png
  artifactKey: Guid(6de18d2b82df60048adca09ffbb62723) Importer(815301076,1909f56bfc062723c751e8b465ee728b)
Start importing Assets/FeonY/Animated Pixel-Art Backgrounds/Art/Animations/Pixel-Art Background 1/frame0134.png using Guid(6de18d2b82df60048adca09ffbb62723) Importer(815301076,1909f56bfc062723c751e8b465ee728b) (PreviewImporter) -> (artifact id: 'a0ecf5ac4a7ac6fe1d53ae720a476d95') in 0.0459436 seconds
Number of updated asset objects reloaded before import = 0Number of asset objects unloaded after import = 3

========================================================================
Received Import Request.
  Time since last request: 0.019415 seconds.
  path: Assets/FeonY/Animated Pixel-Art Backgrounds/Art/Animations/Pixel-Art Background 1/frame0135.png
  artifactKey: Guid(0d80151b90da40b45a0f8df8913d071d) Importer(815301076,1909f56bfc062723c751e8b465ee728b)
Start importing Assets/FeonY/Animated Pixel-Art Backgrounds/Art/Animations/Pixel-Art Background 1/frame0135.png using Guid(0d80151b90da40b45a0f8df8913d071d) Importer(815301076,1909f56bfc062723c751e8b465ee728b) (PreviewImporter) -> (artifact id: '2a07b816db676925774f37ebfb737cd4') in 0.0268171 seconds
Number of updated asset objects reloaded before import = 0Number of asset objects unloaded after import = 3

========================================================================
Received Import Request.
  Time since last request: 0.000454 seconds.
  path: Assets/FeonY/Animated Pixel-Art Backgrounds/Art/Animations/Pixel-Art Background 3/frame0135.png
  artifactKey: Guid(7a69c490220afca45a0285ec3af53ab7) Importer(815301076,1909f56bfc062723c751e8b465ee728b)
Start importing Assets/FeonY/Animated Pixel-Art Backgrounds/Art/Animations/Pixel-Art Background 3/frame0135.png using Guid(7a69c490220afca45a0285ec3af53ab7) Importer(815301076,1909f56bfc062723c751e8b465ee728b) (PreviewImporter) -> (artifact id: '1857369a2fa9bfb4621fd4540758eaf2') in 0.0569487 seconds
Number of updated asset objects reloaded before import = 0Number of asset objects unloaded after import = 3

========================================================================
Received Import Request.
  Time since last request: 0.069143 seconds.
  path: Assets/FeonY/Animated Pixel-Art Backgrounds/Art/Animations/Pixel-Art Background 1/frame0136.png
  artifactKey: Guid(9b5702815baa32849ad2b720731d1f51) Importer(815301076,1909f56bfc062723c751e8b465ee728b)
Start importing Assets/FeonY/Animated Pixel-Art Backgrounds/Art/Animations/Pixel-Art Background 1/frame0136.png using Guid(9b5702815baa32849ad2b720731d1f51) Importer(815301076,1909f56bfc062723c751e8b465ee728b) (PreviewImporter) -> (artifact id: '80f0395d1bdb5e9209b9610b5619c864') in 0.0251806 seconds
Number of updated asset objects reloaded before import = 0Number of asset objects unloaded after import = 3

========================================================================
Received Import Request.
  Time since last request: 0.000108 seconds.
  path: Assets/FeonY/Animated Pixel-Art Backgrounds/Art/Animations/Pixel-Art Background 3/frame0136.png
  artifactKey: Guid(36b8022bf50dcb845a5eb9d3e279eb65) Importer(815301076,1909f56bfc062723c751e8b465ee728b)
Start importing Assets/FeonY/Animated Pixel-Art Backgrounds/Art/Animations/Pixel-Art Background 3/frame0136.png using Guid(36b8022bf50dcb845a5eb9d3e279eb65) Importer(815301076,1909f56bfc062723c751e8b465ee728b) (PreviewImporter) -> (artifact id: '6c0ec6fdddb8c6c51857fa542b2685eb') in 0.0358371 seconds
Number of updated asset objects reloaded before import = 0Number of asset objects unloaded after import = 3

========================================================================
Received Import Request.
  Time since last request: 0.511868 seconds.
  path: Assets/FeonY/Animated Pixel-Art Backgrounds/Art/Animations/Pixel-Art Background 2/frame0131.png
  artifactKey: Guid(56eb0242a0fbc1849a6fc583d630ce47) Importer(815301076,1909f56bfc062723c751e8b465ee728b)
Start importing Assets/FeonY/Animated Pixel-Art Backgrounds/Art/Animations/Pixel-Art Background 2/frame0131.png using Guid(56eb0242a0fbc1849a6fc583d630ce47) Importer(815301076,1909f56bfc062723c751e8b465ee728b) (PreviewImporter) -> (artifact id: '4eda80b70bf37c12774fc956908ac744') in 0.0281157 seconds
Number of updated asset objects reloaded before import = 0Number of asset objects unloaded after import = 3

========================================================================
Received Import Request.
  Time since last request: 0.041404 seconds.
  path: Assets/FeonY/Animated Pixel-Art Backgrounds/Art/Animations/Pixel-Art Background 3/frame0132.png
  artifactKey: Guid(11031bf50af0af54da8d6a9b0b5f4cc8) Importer(815301076,1909f56bfc062723c751e8b465ee728b)
Start importing Assets/FeonY/Animated Pixel-Art Backgrounds/Art/Animations/Pixel-Art Background 3/frame0132.png using Guid(11031bf50af0af54da8d6a9b0b5f4cc8) Importer(815301076,1909f56bfc062723c751e8b465ee728b) (PreviewImporter) -> (artifact id: '2e0d69a5bbbb31d42c973b3f403ecf57') in 0.0290609 seconds
Number of updated asset objects reloaded before import = 0Number of asset objects unloaded after import = 3

========================================================================
Received Import Request.
  Time since last request: 0.000030 seconds.
  path: Assets/FeonY/Animated Pixel-Art Backgrounds/Art/Animations/Pixel-Art Background 2/frame0132.png
  artifactKey: Guid(e656cd94d6e14524fa5eefc830114b38) Importer(815301076,1909f56bfc062723c751e8b465ee728b)
Start importing Assets/FeonY/Animated Pixel-Art Backgrounds/Art/Animations/Pixel-Art Background 2/frame0132.png using Guid(e656cd94d6e14524fa5eefc830114b38) Importer(815301076,1909f56bfc062723c751e8b465ee728b) (PreviewImporter) -> (artifact id: '3a1c5e885fe976f97bd19b612d302fc8') in 0.0421404 seconds
Number of updated asset objects reloaded before import = 0Number of asset objects unloaded after import = 3

========================================================================
Received Import Request.
  Time since last request: 0.018807 seconds.
  path: Assets/FeonY/Animated Pixel-Art Backgrounds/Art/Animations/Pixel-Art Background 1/frame0126.png
  artifactKey: Guid(3908cc99531a2064b9eee842fd12f08a) Importer(815301076,1909f56bfc062723c751e8b465ee728b)
Start importing Assets/FeonY/Animated Pixel-Art Backgrounds/Art/Animations/Pixel-Art Background 1/frame0126.png using Guid(3908cc99531a2064b9eee842fd12f08a) Importer(815301076,1909f56bfc062723c751e8b465ee728b) (PreviewImporter) -> (artifact id: '75e12c0ec21bed6b3af4aa6407e52f82') in 0.0285751 seconds
Number of updated asset objects reloaded before import = 0Number of asset objects unloaded after import = 3

========================================================================
Received Import Request.
  Time since last request: 0.000027 seconds.
  path: Assets/FeonY/Animated Pixel-Art Backgrounds/Art/Animations/Pixel-Art Background 2/frame0126.png
  artifactKey: Guid(c68c75e34fe501349b830554cf2ced35) Importer(815301076,1909f56bfc062723c751e8b465ee728b)
Start importing Assets/FeonY/Animated Pixel-Art Backgrounds/Art/Animations/Pixel-Art Background 2/frame0126.png using Guid(c68c75e34fe501349b830554cf2ced35) Importer(815301076,1909f56bfc062723c751e8b465ee728b) (PreviewImporter) -> (artifact id: 'e350d7a3e5f5605e954ccc9f5d314220') in 0.0237591 seconds
Number of updated asset objects reloaded before import = 0Number of asset objects unloaded after import = 3

========================================================================
Received Import Request.
  Time since last request: 0.000023 seconds.
  path: Assets/FeonY/Animated Pixel-Art Backgrounds/Art/Animations/Pixel-Art Background 3/frame0126.png
  artifactKey: Guid(aefd4b8caf5dcc64ca50ca8e96e53689) Importer(815301076,1909f56bfc062723c751e8b465ee728b)
Start importing Assets/FeonY/Animated Pixel-Art Backgrounds/Art/Animations/Pixel-Art Background 3/frame0126.png using Guid(aefd4b8caf5dcc64ca50ca8e96e53689) Importer(815301076,1909f56bfc062723c751e8b465ee728b) (PreviewImporter) -> (artifact id: '4a84053cce7303b1feee5e7059c24d47') in 0.0239425 seconds
Number of updated asset objects reloaded before import = 0Number of asset objects unloaded after import = 3

========================================================================
Received Import Request.
  Time since last request: 0.007246 seconds.
  path: Assets/FeonY/Animated Pixel-Art Backgrounds/Art/Animations/Pixel-Art Background 1/frame0127.png
  artifactKey: Guid(6cd6adcc3be157745980d0d958d8ad95) Importer(815301076,1909f56bfc062723c751e8b465ee728b)
Start importing Assets/FeonY/Animated Pixel-Art Backgrounds/Art/Animations/Pixel-Art Background 1/frame0127.png using Guid(6cd6adcc3be157745980d0d958d8ad95) Importer(815301076,1909f56bfc062723c751e8b465ee728b) (PreviewImporter) -> (artifact id: '255f0501fca071eaa45e374acd5d3df9') in 0.0514424 seconds
Number of updated asset objects reloaded before import = 0Number of asset objects unloaded after import = 3

========================================================================
Received Import Request.
  Time since last request: 0.000029 seconds.
  path: Assets/FeonY/Animated Pixel-Art Backgrounds/Art/Animations/Pixel-Art Background 2/frame0127.png
  artifactKey: Guid(dba3e2f14e885f34896f5bcad8c2c79f) Importer(815301076,1909f56bfc062723c751e8b465ee728b)
Start importing Assets/FeonY/Animated Pixel-Art Backgrounds/Art/Animations/Pixel-Art Background 2/frame0127.png using Guid(dba3e2f14e885f34896f5bcad8c2c79f) Importer(815301076,1909f56bfc062723c751e8b465ee728b) (PreviewImporter) -> (artifact id: '2fdca74b72eb32254c0e0c78ccb0b68d') in 0.0281462 seconds
Number of updated asset objects reloaded before import = 0Number of asset objects unloaded after import = 3

========================================================================
Received Import Request.
  Time since last request: 0.034380 seconds.
  path: Assets/FeonY/Animated Pixel-Art Backgrounds/Art/Animations/Pixel-Art Background 1/frame0128.png
  artifactKey: Guid(68480c271c84e774b9e4af4a8f76558d) Importer(815301076,1909f56bfc062723c751e8b465ee728b)
Start importing Assets/FeonY/Animated Pixel-Art Backgrounds/Art/Animations/Pixel-Art Background 1/frame0128.png using Guid(68480c271c84e774b9e4af4a8f76558d) Importer(815301076,1909f56bfc062723c751e8b465ee728b) (PreviewImporter) -> (artifact id: '94bc996e33c154c1c75423f6d7e8fc0d') in 0.0212143 seconds
Number of updated asset objects reloaded before import = 0Number of asset objects unloaded after import = 3

========================================================================
Received Import Request.
  Time since last request: 0.012871 seconds.
  path: Assets/FeonY/Animated Pixel-Art Backgrounds/Art/Animations/Pixel-Art Background 3/frame0128.png
  artifactKey: Guid(e15d2088ed82a85489b0bb5f503ac0e3) Importer(815301076,1909f56bfc062723c751e8b465ee728b)
Start importing Assets/FeonY/Animated Pixel-Art Backgrounds/Art/Animations/Pixel-Art Background 3/frame0128.png using Guid(e15d2088ed82a85489b0bb5f503ac0e3) Importer(815301076,1909f56bfc062723c751e8b465ee728b) (PreviewImporter) -> (artifact id: 'f6a60ae8bf3a3f10b1977abcd57578b9') in 0.0319535 seconds
Number of updated asset objects reloaded before import = 0Number of asset objects unloaded after import = 3

========================================================================
Received Import Request.
  Time since last request: 0.031498 seconds.
  path: Assets/FeonY/Animated Pixel-Art Backgrounds/Art/Animations/Pixel-Art Background 1/frame0129.png
  artifactKey: Guid(96b25988d7416c7498dbbb1eba11ca4d) Importer(815301076,1909f56bfc062723c751e8b465ee728b)
Start importing Assets/FeonY/Animated Pixel-Art Backgrounds/Art/Animations/Pixel-Art Background 1/frame0129.png using Guid(96b25988d7416c7498dbbb1eba11ca4d) Importer(815301076,1909f56bfc062723c751e8b465ee728b) (PreviewImporter) -> (artifact id: 'd8854ab4445c13639719e044dc8919d6') in 0.0370447 seconds
Number of updated asset objects reloaded before import = 0Number of asset objects unloaded after import = 3

========================================================================
Received Import Request.
  Time since last request: 0.007715 seconds.
  path: Assets/FeonY/Animated Pixel-Art Backgrounds/Art/Animations/Pixel-Art Background 2/frame0130.png
  artifactKey: Guid(5f7614d81b9dc1e40841b7ed5fdcfd5f) Importer(815301076,1909f56bfc062723c751e8b465ee728b)
Start importing Assets/FeonY/Animated Pixel-Art Backgrounds/Art/Animations/Pixel-Art Background 2/frame0130.png using Guid(5f7614d81b9dc1e40841b7ed5fdcfd5f) Importer(815301076,1909f56bfc062723c751e8b465ee728b) (PreviewImporter) -> (artifact id: '1e829ba3462d9a932821d155b81aefe3') in 0.0283078 seconds
Number of updated asset objects reloaded before import = 0Number of asset objects unloaded after import = 3

========================================================================
Received Import Request.
  Time since last request: 0.000034 seconds.
  path: Assets/FeonY/Animated Pixel-Art Backgrounds/Art/Animations/Pixel-Art Background 1/frame0130.png
  artifactKey: Guid(4302f4af8e3ce044fad901e3a38df667) Importer(815301076,1909f56bfc062723c751e8b465ee728b)
Start importing Assets/FeonY/Animated Pixel-Art Backgrounds/Art/Animations/Pixel-Art Background 1/frame0130.png using Guid(4302f4af8e3ce044fad901e3a38df667) Importer(815301076,1909f56bfc062723c751e8b465ee728b) (PreviewImporter) -> (artifact id: '5ef84c131d5cf95005f836d1f8596376') in 0.058387 seconds
Number of updated asset objects reloaded before import = 0Number of asset objects unloaded after import = 3

========================================================================
Received Import Request.
  Time since last request: 0.000041 seconds.
  path: Assets/FeonY/Animated Pixel-Art Backgrounds/Art/Animations/Pixel-Art Background 3/frame0130.png
  artifactKey: Guid(4edadc5e316c24543b15257f249b82b8) Importer(815301076,1909f56bfc062723c751e8b465ee728b)
Start importing Assets/FeonY/Animated Pixel-Art Backgrounds/Art/Animations/Pixel-Art Background 3/frame0130.png using Guid(4edadc5e316c24543b15257f249b82b8) Importer(815301076,1909f56bfc062723c751e8b465ee728b) (PreviewImporter) -> (artifact id: 'e09bf9c3a587d03d930c290eff4a2b5a') in 0.1155676 seconds
Number of updated asset objects reloaded before import = 0Number of asset objects unloaded after import = 3

========================================================================
Received Import Request.
  Time since last request: 0.077484 seconds.
  path: Assets/FeonY/Animated Pixel-Art Backgrounds/Art/Animations/Pixel-Art Background 3/frame0120.png
  artifactKey: Guid(e5d9016e16f86c544b53e421a94bae33) Importer(815301076,1909f56bfc062723c751e8b465ee728b)
Start importing Assets/FeonY/Animated Pixel-Art Backgrounds/Art/Animations/Pixel-Art Background 3/frame0120.png using Guid(e5d9016e16f86c544b53e421a94bae33) Importer(815301076,1909f56bfc062723c751e8b465ee728b) (PreviewImporter) -> (artifact id: '58a85122ccd3260def0f1f328535afc4') in 0.0763215 seconds
Number of updated asset objects reloaded before import = 0Number of asset objects unloaded after import = 3

========================================================================
Received Import Request.
  Time since last request: 0.127017 seconds.
  path: Assets/FeonY/Animated Pixel-Art Backgrounds/Art/Animations/Pixel-Art Background 2/frame0121.png
  artifactKey: Guid(8d150decd16f54c4e86a2b3006f7287d) Importer(815301076,1909f56bfc062723c751e8b465ee728b)
Start importing Assets/FeonY/Animated Pixel-Art Backgrounds/Art/Animations/Pixel-Art Background 2/frame0121.png using Guid(8d150decd16f54c4e86a2b3006f7287d) Importer(815301076,1909f56bfc062723c751e8b465ee728b) (PreviewImporter) -> (artifact id: '5e3573283565eeb82fef06c4ffb7b845') in 0.0803741 seconds
Number of updated asset objects reloaded before import = 0Number of asset objects unloaded after import = 3

========================================================================
Received Import Request.
  Time since last request: 0.000027 seconds.
  path: Assets/FeonY/Animated Pixel-Art Backgrounds/Art/Animations/Pixel-Art Background 1/frame0121.png
  artifactKey: Guid(e0d362c2ec9c2f14db02fcb0f6049672) Importer(815301076,1909f56bfc062723c751e8b465ee728b)
Start importing Assets/FeonY/Animated Pixel-Art Backgrounds/Art/Animations/Pixel-Art Background 1/frame0121.png using Guid(e0d362c2ec9c2f14db02fcb0f6049672) Importer(815301076,1909f56bfc062723c751e8b465ee728b) (PreviewImporter) -> (artifact id: '8e36d38d35e105c6bc23648229b32e37') in 0.0664138 seconds
Number of updated asset objects reloaded before import = 0Number of asset objects unloaded after import = 3

========================================================================
Received Import Request.
  Time since last request: 0.000049 seconds.
  path: Assets/FeonY/Animated Pixel-Art Backgrounds/Art/Animations/Pixel-Art Background 2/frame0122.png
  artifactKey: Guid(d7b3a205e05b5a642b2249708b5126ec) Importer(815301076,1909f56bfc062723c751e8b465ee728b)
Start importing Assets/FeonY/Animated Pixel-Art Backgrounds/Art/Animations/Pixel-Art Background 2/frame0122.png using Guid(d7b3a205e05b5a642b2249708b5126ec) Importer(815301076,1909f56bfc062723c751e8b465ee728b) (PreviewImporter) -> (artifact id: 'a3eaaf6afddd48776d4f29fcee6a0817') in 0.0288485 seconds
Number of updated asset objects reloaded before import = 0Number of asset objects unloaded after import = 3

========================================================================
Received Import Request.
  Time since last request: 0.000032 seconds.
  path: Assets/FeonY/Animated Pixel-Art Backgrounds/Art/Animations/Pixel-Art Background 3/frame0122.png
  artifactKey: Guid(d3d2f3bad50c01b42a5812b26e3e651b) Importer(815301076,1909f56bfc062723c751e8b465ee728b)
Start importing Assets/FeonY/Animated Pixel-Art Backgrounds/Art/Animations/Pixel-Art Background 3/frame0122.png using Guid(d3d2f3bad50c01b42a5812b26e3e651b) Importer(815301076,1909f56bfc062723c751e8b465ee728b) (PreviewImporter) -> (artifact id: '39ed3261e80a33816b473efdbf731ad6') in 0.0737351 seconds
Number of updated asset objects reloaded before import = 0Number of asset objects unloaded after import = 3

========================================================================
Received Import Request.
  Time since last request: 0.000028 seconds.
  path: Assets/FeonY/Animated Pixel-Art Backgrounds/Art/Animations/Pixel-Art Background 1/frame0122.png
  artifactKey: Guid(ad40ab7e503982d4cbbe0ed30220ff65) Importer(815301076,1909f56bfc062723c751e8b465ee728b)
Start importing Assets/FeonY/Animated Pixel-Art Backgrounds/Art/Animations/Pixel-Art Background 1/frame0122.png using Guid(ad40ab7e503982d4cbbe0ed30220ff65) Importer(815301076,1909f56bfc062723c751e8b465ee728b) (PreviewImporter) -> (artifact id: '2142b7571ad5a163417bf0d04f4c3b1f') in 0.0288185 seconds
Number of updated asset objects reloaded before import = 0Number of asset objects unloaded after import = 3

========================================================================
Received Import Request.
  Time since last request: 0.104364 seconds.
  path: Assets/FeonY/Animated Pixel-Art Backgrounds/Art/Animations/Pixel-Art Background 1/frame0123.png
  artifactKey: Guid(8f144e45001e70442b1549ae4bf5942e) Importer(815301076,1909f56bfc062723c751e8b465ee728b)
Start importing Assets/FeonY/Animated Pixel-Art Backgrounds/Art/Animations/Pixel-Art Background 1/frame0123.png using Guid(8f144e45001e70442b1549ae4bf5942e) Importer(815301076,1909f56bfc062723c751e8b465ee728b) (PreviewImporter) -> (artifact id: '4f946a272663f2cb8fb49f7e88ce675f') in 0.0572712 seconds
Number of updated asset objects reloaded before import = 0Number of asset objects unloaded after import = 3

========================================================================
Received Import Request.
  Time since last request: 0.000043 seconds.
  path: Assets/FeonY/Animated Pixel-Art Backgrounds/Art/Animations/Pixel-Art Background 2/frame0123.png
  artifactKey: Guid(6516adb786603c94cb304ccae0b0ada1) Importer(815301076,1909f56bfc062723c751e8b465ee728b)
Start importing Assets/FeonY/Animated Pixel-Art Backgrounds/Art/Animations/Pixel-Art Background 2/frame0123.png using Guid(6516adb786603c94cb304ccae0b0ada1) Importer(815301076,1909f56bfc062723c751e8b465ee728b) (PreviewImporter) -> (artifact id: 'cbb9060951286f5ff51fd050d44b6472') in 0.0248545 seconds
Number of updated asset objects reloaded before import = 0Number of asset objects unloaded after import = 3

========================================================================
Received Import Request.
  Time since last request: 0.000041 seconds.
  path: Assets/FeonY/Animated Pixel-Art Backgrounds/Art/Animations/Pixel-Art Background 2/frame0124.png
  artifactKey: Guid(3d8f4fe93e7d22544a1429c31459dcfb) Importer(815301076,1909f56bfc062723c751e8b465ee728b)
Start importing Assets/FeonY/Animated Pixel-Art Backgrounds/Art/Animations/Pixel-Art Background 2/frame0124.png using Guid(3d8f4fe93e7d22544a1429c31459dcfb) Importer(815301076,1909f56bfc062723c751e8b465ee728b) (PreviewImporter) -> (artifact id: '025b0fa7b549a1f2c404eb06be642515') in 0.0251673 seconds
Number of updated asset objects reloaded before import = 0Number of asset objects unloaded after import = 3

========================================================================
Received Import Request.
  Time since last request: 0.000055 seconds.
  path: Assets/FeonY/Animated Pixel-Art Backgrounds/Art/Animations/Pixel-Art Background 1/frame0124.png
  artifactKey: Guid(456a958cfa0af664fbe1f81b569972c3) Importer(815301076,1909f56bfc062723c751e8b465ee728b)
Start importing Assets/FeonY/Animated Pixel-Art Backgrounds/Art/Animations/Pixel-Art Background 1/frame0124.png using Guid(456a958cfa0af664fbe1f81b569972c3) Importer(815301076,1909f56bfc062723c751e8b465ee728b) (PreviewImporter) -> (artifact id: '8480e9e365c329955f16739288e6aafe') in 0.1060441 seconds
Number of updated asset objects reloaded before import = 0Number of asset objects unloaded after import = 3

========================================================================
Received Import Request.
  Time since last request: 0.000035 seconds.
  path: Assets/FeonY/Animated Pixel-Art Backgrounds/Art/Animations/Pixel-Art Background 2/frame0125.png
  artifactKey: Guid(db2b3d513b766e242be1153eee6d1628) Importer(815301076,1909f56bfc062723c751e8b465ee728b)
Start importing Assets/FeonY/Animated Pixel-Art Backgrounds/Art/Animations/Pixel-Art Background 2/frame0125.png using Guid(db2b3d513b766e242be1153eee6d1628) Importer(815301076,1909f56bfc062723c751e8b465ee728b) (PreviewImporter) -> (artifact id: '62fcf82c90ba3a81c50bf289b326dbc0') in 0.0244055 seconds
Number of updated asset objects reloaded before import = 0Number of asset objects unloaded after import = 3

========================================================================
Received Import Request.
  Time since last request: 0.089626 seconds.
  path: Assets/FeonY/Animated Pixel-Art Backgrounds/Art/Animations/Pixel-Art Background 3/frame0118.png
  artifactKey: Guid(aca458243cb37b24a9f3c6f6eccb06fc) Importer(815301076,1909f56bfc062723c751e8b465ee728b)
Start importing Assets/FeonY/Animated Pixel-Art Backgrounds/Art/Animations/Pixel-Art Background 3/frame0118.png using Guid(aca458243cb37b24a9f3c6f6eccb06fc) Importer(815301076,1909f56bfc062723c751e8b465ee728b) (PreviewImporter) -> (artifact id: '47a7f68036792eb87872a66751254453') in 0.0724605 seconds
Number of updated asset objects reloaded before import = 0Number of asset objects unloaded after import = 3

========================================================================
Received Import Request.
  Time since last request: 0.000028 seconds.
  path: Assets/FeonY/Animated Pixel-Art Backgrounds/Art/Animations/Pixel-Art Background 2/frame0118.png
  artifactKey: Guid(6484538766b27b14081ba681d5f4d904) Importer(815301076,1909f56bfc062723c751e8b465ee728b)
Start importing Assets/FeonY/Animated Pixel-Art Backgrounds/Art/Animations/Pixel-Art Background 2/frame0118.png using Guid(6484538766b27b14081ba681d5f4d904) Importer(815301076,1909f56bfc062723c751e8b465ee728b) (PreviewImporter) -> (artifact id: 'a809de69d0d27cb40869b45553fd908d') in 0.0273623 seconds
Number of updated asset objects reloaded before import = 0Number of asset objects unloaded after import = 3

========================================================================
Received Import Request.
  Time since last request: 0.016337 seconds.
  path: Assets/FeonY/Animated Pixel-Art Backgrounds/Art/Animations/Pixel-Art Background 1/frame0118.png
  artifactKey: Guid(8c356e2a1579a2942ab0193b9f534e2e) Importer(815301076,1909f56bfc062723c751e8b465ee728b)
Start importing Assets/FeonY/Animated Pixel-Art Backgrounds/Art/Animations/Pixel-Art Background 1/frame0118.png using Guid(8c356e2a1579a2942ab0193b9f534e2e) Importer(815301076,1909f56bfc062723c751e8b465ee728b) (PreviewImporter) -> (artifact id: '51e78ffcb271ac43d8c39ed9008f8d03') in 0.0234222 seconds
Number of updated asset objects reloaded before import = 0Number of asset objects unloaded after import = 3

========================================================================
Received Import Request.
  Time since last request: 0.000025 seconds.
  path: Assets/FeonY/Animated Pixel-Art Backgrounds/Art/Animations/Pixel-Art Background 3/frame0119.png
  artifactKey: Guid(119b685e341023b44a1050c337620da8) Importer(815301076,1909f56bfc062723c751e8b465ee728b)
Start importing Assets/FeonY/Animated Pixel-Art Backgrounds/Art/Animations/Pixel-Art Background 3/frame0119.png using Guid(119b685e341023b44a1050c337620da8) Importer(815301076,1909f56bfc062723c751e8b465ee728b) (PreviewImporter) -> (artifact id: '97d19b4355b487a5992ecfaed57af22c') in 0.0278302 seconds
Number of updated asset objects reloaded before import = 0Number of asset objects unloaded after import = 3

========================================================================
Received Import Request.
  Time since last request: 0.002103 seconds.
  path: Assets/FeonY/Animated Pixel-Art Backgrounds/Art/Animations/Pixel-Art Background 1/frame0119.png
  artifactKey: Guid(d73bcc6a4203eb049a7d0b22dcdcde3e) Importer(815301076,1909f56bfc062723c751e8b465ee728b)
Start importing Assets/FeonY/Animated Pixel-Art Backgrounds/Art/Animations/Pixel-Art Background 1/frame0119.png using Guid(d73bcc6a4203eb049a7d0b22dcdcde3e) Importer(815301076,1909f56bfc062723c751e8b465ee728b) (PreviewImporter) -> (artifact id: '1bd8714c8d75696820a868f2e0621bee') in 0.029668 seconds
Number of updated asset objects reloaded before import = 0Number of asset objects unloaded after import = 3

========================================================================
Received Import Request.
  Time since last request: 0.000330 seconds.
  path: Assets/FeonY/Animated Pixel-Art Backgrounds/Art/Animations/Pixel-Art Background 2/frame0119.png
  artifactKey: Guid(9c2f993ccc822ee41999aad698a5ec84) Importer(815301076,1909f56bfc062723c751e8b465ee728b)
Start importing Assets/FeonY/Animated Pixel-Art Backgrounds/Art/Animations/Pixel-Art Background 2/frame0119.png using Guid(9c2f993ccc822ee41999aad698a5ec84) Importer(815301076,1909f56bfc062723c751e8b465ee728b) (PreviewImporter) -> (artifact id: '6690a72ee232f81d6e32431090981e74') in 0.0225809 seconds
Number of updated asset objects reloaded before import = 0Number of asset objects unloaded after import = 3

========================================================================
Received Import Request.
  Time since last request: 0.034711 seconds.
  path: Assets/FeonY/Animated Pixel-Art Backgrounds/Art/Animations/Pixel-Art Background 1/frame0120.png
  artifactKey: Guid(9aba20aac305b394f855b4d8731f1f31) Importer(815301076,1909f56bfc062723c751e8b465ee728b)
Start importing Assets/FeonY/Animated Pixel-Art Backgrounds/Art/Animations/Pixel-Art Background 1/frame0120.png using Guid(9aba20aac305b394f855b4d8731f1f31) Importer(815301076,1909f56bfc062723c751e8b465ee728b) (PreviewImporter) -> (artifact id: '1398787c8cacaba1d20edfc3db965027') in 0.0281614 seconds
Number of updated asset objects reloaded before import = 0Number of asset objects unloaded after import = 3

========================================================================
Received Import Request.
  Time since last request: 0.000036 seconds.
  path: Assets/FeonY/Animated Pixel-Art Backgrounds/Art/Animations/Pixel-Art Background 2/frame0120.png
  artifactKey: Guid(8cbc8792441efbf428d9c09cccb3d4a1) Importer(815301076,1909f56bfc062723c751e8b465ee728b)
Start importing Assets/FeonY/Animated Pixel-Art Backgrounds/Art/Animations/Pixel-Art Background 2/frame0120.png using Guid(8cbc8792441efbf428d9c09cccb3d4a1) Importer(815301076,1909f56bfc062723c751e8b465ee728b) (PreviewImporter) -> (artifact id: 'b800e9d355235b70fcae374611425807') in 0.0301874 seconds
Number of updated asset objects reloaded before import = 0Number of asset objects unloaded after import = 3

========================================================================
Received Import Request.
  Time since last request: 0.000036 seconds.
  path: Assets/FeonY/Animated Pixel-Art Backgrounds/Art/Animations/Pixel-Art Background 1/frame0114.png
  artifactKey: Guid(d7a79fffe783b834d8ab4fbe794f4bab) Importer(815301076,1909f56bfc062723c751e8b465ee728b)
Start importing Assets/FeonY/Animated Pixel-Art Backgrounds/Art/Animations/Pixel-Art Background 1/frame0114.png using Guid(d7a79fffe783b834d8ab4fbe794f4bab) Importer(815301076,1909f56bfc062723c751e8b465ee728b) (PreviewImporter) -> (artifact id: '25ff5b7f22cdefb819158a53546f6a1b') in 0.0279858 seconds
Number of updated asset objects reloaded before import = 0Number of asset objects unloaded after import = 3

========================================================================
Received Import Request.
  Time since last request: 0.090265 seconds.
  path: Assets/FeonY/Animated Pixel-Art Backgrounds/Art/Animations/Pixel-Art Background 2/frame0114.png
  artifactKey: Guid(d0413351a161bba43ad6564652f7a2c0) Importer(815301076,1909f56bfc062723c751e8b465ee728b)
Start importing Assets/FeonY/Animated Pixel-Art Backgrounds/Art/Animations/Pixel-Art Background 2/frame0114.png using Guid(d0413351a161bba43ad6564652f7a2c0) Importer(815301076,1909f56bfc062723c751e8b465ee728b) (PreviewImporter) -> (artifact id: '441ae32fcb6e9ffbc0bd1517e363e38f') in 0.0236298 seconds
Number of updated asset objects reloaded before import = 0Number of asset objects unloaded after import = 3

========================================================================
Received Import Request.
  Time since last request: 0.052287 seconds.
  path: Assets/FeonY/Animated Pixel-Art Backgrounds/Art/Animations/Pixel-Art Background 3/frame0115.png
  artifactKey: Guid(7efc68cd8b912234694702291f9767f6) Importer(815301076,1909f56bfc062723c751e8b465ee728b)
Start importing Assets/FeonY/Animated Pixel-Art Backgrounds/Art/Animations/Pixel-Art Background 3/frame0115.png using Guid(7efc68cd8b912234694702291f9767f6) Importer(815301076,1909f56bfc062723c751e8b465ee728b) (PreviewImporter) -> (artifact id: 'b53651a4fda6ff68dcc9d2ce3ae1d066') in 0.0653652 seconds
Number of updated asset objects reloaded before import = 0Number of asset objects unloaded after import = 3

========================================================================
Received Import Request.
  Time since last request: 0.000026 seconds.
  path: Assets/FeonY/Animated Pixel-Art Backgrounds/Art/Animations/Pixel-Art Background 2/frame0115.png
  artifactKey: Guid(af2e8d9feb105044c8eab93ea38fdf7a) Importer(815301076,1909f56bfc062723c751e8b465ee728b)
Start importing Assets/FeonY/Animated Pixel-Art Backgrounds/Art/Animations/Pixel-Art Background 2/frame0115.png using Guid(af2e8d9feb105044c8eab93ea38fdf7a) Importer(815301076,1909f56bfc062723c751e8b465ee728b) (PreviewImporter) -> (artifact id: '6f91e18793737299c8051bcface9dc70') in 0.0225604 seconds
Number of updated asset objects reloaded before import = 0Number of asset objects unloaded after import = 3

========================================================================
Received Import Request.
  Time since last request: 0.000130 seconds.
  path: Assets/FeonY/Animated Pixel-Art Backgrounds/Art/Animations/Pixel-Art Background 1/frame0115.png
  artifactKey: Guid(cb72d971ea4d14f47ae8826c8279ad7f) Importer(815301076,1909f56bfc062723c751e8b465ee728b)
Start importing Assets/FeonY/Animated Pixel-Art Backgrounds/Art/Animations/Pixel-Art Background 1/frame0115.png using Guid(cb72d971ea4d14f47ae8826c8279ad7f) Importer(815301076,1909f56bfc062723c751e8b465ee728b) (PreviewImporter) -> (artifact id: '78bc37d809eb00abfde0e102a98c36ac') in 0.022358 seconds
Number of updated asset objects reloaded before import = 0Number of asset objects unloaded after import = 3

========================================================================
Received Import Request.
  Time since last request: 0.001157 seconds.
  path: Assets/FeonY/Animated Pixel-Art Backgrounds/Art/Animations/Pixel-Art Background 1/frame0116.png
  artifactKey: Guid(3416c54f5d3c85d44b1889fe7ae782b3) Importer(815301076,1909f56bfc062723c751e8b465ee728b)
Start importing Assets/FeonY/Animated Pixel-Art Backgrounds/Art/Animations/Pixel-Art Background 1/frame0116.png using Guid(3416c54f5d3c85d44b1889fe7ae782b3) Importer(815301076,1909f56bfc062723c751e8b465ee728b) (PreviewImporter) -> (artifact id: '3a8c90d5be20ea93e3754286e9a71f61') in 0.0479426 seconds
Number of updated asset objects reloaded before import = 0Number of asset objects unloaded after import = 3

========================================================================
Received Import Request.
  Time since last request: 0.020327 seconds.
  path: Assets/FeonY/Animated Pixel-Art Backgrounds/Art/Animations/Pixel-Art Background 2/frame0116.png
  artifactKey: Guid(d842fdd5d4aa6654e80f7cc386bac684) Importer(815301076,1909f56bfc062723c751e8b465ee728b)
Start importing Assets/FeonY/Animated Pixel-Art Backgrounds/Art/Animations/Pixel-Art Background 2/frame0116.png using Guid(d842fdd5d4aa6654e80f7cc386bac684) Importer(815301076,1909f56bfc062723c751e8b465ee728b) (PreviewImporter) -> (artifact id: 'e592a8f35f4419796425f4bc12a94a79') in 0.0249776 seconds
Number of updated asset objects reloaded before import = 0Number of asset objects unloaded after import = 3

========================================================================
Received Import Request.
  Time since last request: 0.001531 seconds.
  path: Assets/FeonY/Animated Pixel-Art Backgrounds/Art/Animations/Pixel-Art Background 3/frame0116.png
  artifactKey: Guid(88363df146d81be48a5c4759f29e8c87) Importer(815301076,1909f56bfc062723c751e8b465ee728b)
Start importing Assets/FeonY/Animated Pixel-Art Backgrounds/Art/Animations/Pixel-Art Background 3/frame0116.png using Guid(88363df146d81be48a5c4759f29e8c87) Importer(815301076,1909f56bfc062723c751e8b465ee728b) (PreviewImporter) -> (artifact id: 'ef798ec20d0644a1d5bfde3aa21d7b55') in 0.0274385 seconds
Number of updated asset objects reloaded before import = 0Number of asset objects unloaded after import = 3

========================================================================
Received Import Request.
  Time since last request: 0.019358 seconds.
  path: Assets/FeonY/Animated Pixel-Art Backgrounds/Art/Animations/Pixel-Art Background 3/frame0117.png
  artifactKey: Guid(30ce28a48cf382b42aa9b741d26a5dc9) Importer(815301076,1909f56bfc062723c751e8b465ee728b)
Start importing Assets/FeonY/Animated Pixel-Art Backgrounds/Art/Animations/Pixel-Art Background 3/frame0117.png using Guid(30ce28a48cf382b42aa9b741d26a5dc9) Importer(815301076,1909f56bfc062723c751e8b465ee728b) (PreviewImporter) -> (artifact id: '1eec5b43d9fe541b10c827e4ed657359') in 0.0291005 seconds
Number of updated asset objects reloaded before import = 0Number of asset objects unloaded after import = 3

========================================================================
Received Import Request.
  Time since last request: 0.008658 seconds.
  path: Assets/FeonY/Animated Pixel-Art Backgrounds/Art/Animations/Pixel-Art Background 2/frame0117.png
  artifactKey: Guid(48600368edbcf504682f429e88b00207) Importer(815301076,1909f56bfc062723c751e8b465ee728b)
Start importing Assets/FeonY/Animated Pixel-Art Backgrounds/Art/Animations/Pixel-Art Background 2/frame0117.png using Guid(48600368edbcf504682f429e88b00207) Importer(815301076,1909f56bfc062723c751e8b465ee728b) (PreviewImporter) -> (artifact id: '1bb6d8a6b0488d423f5307011cad3359') in 0.0278747 seconds
Number of updated asset objects reloaded before import = 0Number of asset objects unloaded after import = 3

========================================================================
Received Import Request.
  Time since last request: 0.021053 seconds.
  path: Assets/FeonY/Animated Pixel-Art Backgrounds/Art/Animations/Pixel-Art Background 1/frame0111.png
  artifactKey: Guid(10053d2ddcc6e834691319e65ffdf7d6) Importer(815301076,1909f56bfc062723c751e8b465ee728b)
Start importing Assets/FeonY/Animated Pixel-Art Backgrounds/Art/Animations/Pixel-Art Background 1/frame0111.png using Guid(10053d2ddcc6e834691319e65ffdf7d6) Importer(815301076,1909f56bfc062723c751e8b465ee728b) (PreviewImporter) -> (artifact id: 'af90cce65cdf12a1cb628e80ffd74c40') in 0.0461693 seconds
Number of updated asset objects reloaded before import = 0Number of asset objects unloaded after import = 3

========================================================================
Received Import Request.
  Time since last request: 0.000031 seconds.
  path: Assets/FeonY/Animated Pixel-Art Backgrounds/Art/Animations/Pixel-Art Background 2/frame0111.png
  artifactKey: Guid(218c354e3e964bf499809bd016e4c5ef) Importer(815301076,1909f56bfc062723c751e8b465ee728b)
Start importing Assets/FeonY/Animated Pixel-Art Backgrounds/Art/Animations/Pixel-Art Background 2/frame0111.png using Guid(218c354e3e964bf499809bd016e4c5ef) Importer(815301076,1909f56bfc062723c751e8b465ee728b) (PreviewImporter) -> (artifact id: '9b828089ff28cff4386d1971dc85ed8e') in 0.0993139 seconds
Number of updated asset objects reloaded before import = 0Number of asset objects unloaded after import = 3

========================================================================
Received Import Request.
  Time since last request: 0.000044 seconds.
  path: Assets/FeonY/Animated Pixel-Art Backgrounds/Art/Animations/Pixel-Art Background 3/frame0112.png
  artifactKey: Guid(c8875944234464442b49b18e4cff7043) Importer(815301076,1909f56bfc062723c751e8b465ee728b)
Start importing Assets/FeonY/Animated Pixel-Art Backgrounds/Art/Animations/Pixel-Art Background 3/frame0112.png using Guid(c8875944234464442b49b18e4cff7043) Importer(815301076,1909f56bfc062723c751e8b465ee728b) (PreviewImporter) -> (artifact id: '1b927d663fdcad9e4d59d477a5fe94a0') in 0.0619322 seconds
Number of updated asset objects reloaded before import = 0Number of asset objects unloaded after import = 3

========================================================================
Received Import Request.
  Time since last request: 0.000036 seconds.
  path: Assets/FeonY/Animated Pixel-Art Backgrounds/Art/Animations/Pixel-Art Background 1/frame0112.png
  artifactKey: Guid(5dbd489882f0cda4d9fb3d4bab3561a6) Importer(815301076,1909f56bfc062723c751e8b465ee728b)
Start importing Assets/FeonY/Animated Pixel-Art Backgrounds/Art/Animations/Pixel-Art Background 1/frame0112.png using Guid(5dbd489882f0cda4d9fb3d4bab3561a6) Importer(815301076,1909f56bfc062723c751e8b465ee728b) (PreviewImporter) -> (artifact id: 'e453ce85ebc3a1e91a18ffc935620288') in 0.0263859 seconds
Number of updated asset objects reloaded before import = 0Number of asset objects unloaded after import = 3

========================================================================
Received Import Request.
  Time since last request: 0.095879 seconds.
  path: Assets/FeonY/Animated Pixel-Art Backgrounds/Art/Animations/Pixel-Art Background 2/frame0113.png
  artifactKey: Guid(4f4ccf9cd7d939541999ad4fb06e064e) Importer(815301076,1909f56bfc062723c751e8b465ee728b)
Start importing Assets/FeonY/Animated Pixel-Art Backgrounds/Art/Animations/Pixel-Art Background 2/frame0113.png using Guid(4f4ccf9cd7d939541999ad4fb06e064e) Importer(815301076,1909f56bfc062723c751e8b465ee728b) (PreviewImporter) -> (artifact id: 'bb61124b8bbc5a78cdd65ed5e96b4d0c') in 0.0573648 seconds
Number of updated asset objects reloaded before import = 0Number of asset objects unloaded after import = 3

========================================================================
Received Import Request.
  Time since last request: 0.054643 seconds.
  path: Assets/FeonY/Animated Pixel-Art Backgrounds/Art/Animations/Pixel-Art Background 1/frame0113.png
  artifactKey: Guid(a1fccaf36541ca244850c53ffb48eea7) Importer(815301076,1909f56bfc062723c751e8b465ee728b)
Start importing Assets/FeonY/Animated Pixel-Art Backgrounds/Art/Animations/Pixel-Art Background 1/frame0113.png using Guid(a1fccaf36541ca244850c53ffb48eea7) Importer(815301076,1909f56bfc062723c751e8b465ee728b) (PreviewImporter) -> (artifact id: '1859fd3e87c602d959eef5bfab311887') in 0.0550514 seconds
Number of updated asset objects reloaded before import = 0Number of asset objects unloaded after import = 3

========================================================================
Received Import Request.
  Time since last request: 0.029743 seconds.
  path: Assets/FeonY/Animated Pixel-Art Backgrounds/Art/Animations/Pixel-Art Background 2/frame0110.png
  artifactKey: Guid(04a8dfb18164a4e47bd566c996fa0bea) Importer(815301076,1909f56bfc062723c751e8b465ee728b)
Start importing Assets/FeonY/Animated Pixel-Art Backgrounds/Art/Animations/Pixel-Art Background 2/frame0110.png using Guid(04a8dfb18164a4e47bd566c996fa0bea) Importer(815301076,1909f56bfc062723c751e8b465ee728b) (PreviewImporter) -> (artifact id: 'b8abb22e75549071f16835a6d0cf843a') in 0.0691591 seconds
Number of updated asset objects reloaded before import = 0Number of asset objects unloaded after import = 3

========================================================================
Received Import Request.
  Time since last request: 0.054869 seconds.
  path: Assets/FeonY/Animated Pixel-Art Backgrounds/Art/Animations/Pixel-Art Background 3/frame0110.png
  artifactKey: Guid(880edad3793c2994b89b5085157565d2) Importer(815301076,1909f56bfc062723c751e8b465ee728b)
Start importing Assets/FeonY/Animated Pixel-Art Backgrounds/Art/Animations/Pixel-Art Background 3/frame0110.png using Guid(880edad3793c2994b89b5085157565d2) Importer(815301076,1909f56bfc062723c751e8b465ee728b) (PreviewImporter) -> (artifact id: 'b2a5a7613ce03e63e6dae13dfd09a79d') in 0.0256485 seconds
Number of updated asset objects reloaded before import = 0Number of asset objects unloaded after import = 3

========================================================================
Received Import Request.
  Time since last request: 0.033407 seconds.
  path: Assets/FeonY/Animated Pixel-Art Backgrounds/Art/Animations/Pixel-Art Background 3/frame0111.png
  artifactKey: Guid(862da9939ac6e3a40a7d3312be41f0bf) Importer(815301076,1909f56bfc062723c751e8b465ee728b)
Start importing Assets/FeonY/Animated Pixel-Art Backgrounds/Art/Animations/Pixel-Art Background 3/frame0111.png using Guid(862da9939ac6e3a40a7d3312be41f0bf) Importer(815301076,1909f56bfc062723c751e8b465ee728b) (PreviewImporter) -> (artifact id: '4bea01f8d8589e42138898d228910d50') in 0.053001 seconds
Number of updated asset objects reloaded before import = 0Number of asset objects unloaded after import = 3

========================================================================
Received Import Request.
  Time since last request: 0.000032 seconds.
  path: Assets/FeonY/Animated Pixel-Art Backgrounds/Art/Animations/Pixel-Art Background 2/frame0108.png
  artifactKey: Guid(a5bbaa1eee2756541a2d9b45e662bf51) Importer(815301076,1909f56bfc062723c751e8b465ee728b)
Start importing Assets/FeonY/Animated Pixel-Art Backgrounds/Art/Animations/Pixel-Art Background 2/frame0108.png using Guid(a5bbaa1eee2756541a2d9b45e662bf51) Importer(815301076,1909f56bfc062723c751e8b465ee728b) (PreviewImporter) -> (artifact id: 'd432c087f2679d6ad3e3a36da885b777') in 0.0260091 seconds
Number of updated asset objects reloaded before import = 0Number of asset objects unloaded after import = 3

========================================================================
Received Import Request.
  Time since last request: 0.000034 seconds.
  path: Assets/FeonY/Animated Pixel-Art Backgrounds/Art/Animations/Pixel-Art Background 2/frame0109.png
  artifactKey: Guid(a4f8e2ce84194dc49a3bcfc5eed44876) Importer(815301076,1909f56bfc062723c751e8b465ee728b)
Start importing Assets/FeonY/Animated Pixel-Art Backgrounds/Art/Animations/Pixel-Art Background 2/frame0109.png using Guid(a4f8e2ce84194dc49a3bcfc5eed44876) Importer(815301076,1909f56bfc062723c751e8b465ee728b) (PreviewImporter) -> (artifact id: 'cb11514544cd8af635fa827848be9526') in 0.0284074 seconds
Number of updated asset objects reloaded before import = 0Number of asset objects unloaded after import = 3

========================================================================
Received Import Request.
  Time since last request: 0.019477 seconds.
  path: Assets/FeonY/Animated Pixel-Art Backgrounds/Art/Animations/Pixel-Art Background 1/frame0109.png
  artifactKey: Guid(ed67203053ec15d4f8df628b16cdc23a) Importer(815301076,1909f56bfc062723c751e8b465ee728b)
Start importing Assets/FeonY/Animated Pixel-Art Backgrounds/Art/Animations/Pixel-Art Background 1/frame0109.png using Guid(ed67203053ec15d4f8df628b16cdc23a) Importer(815301076,1909f56bfc062723c751e8b465ee728b) (PreviewImporter) -> (artifact id: 'ebc2073082d6833736f00d288db6519e') in 0.0283205 seconds
Number of updated asset objects reloaded before import = 0Number of asset objects unloaded after import = 3

========================================================================
Received Import Request.
  Time since last request: 0.027437 seconds.
  path: Assets/FeonY/Animated Pixel-Art Backgrounds/Art/Animations/Pixel-Art Background 3/frame0109.png
  artifactKey: Guid(ff22f669b01bc9d46a606ff4e688471a) Importer(815301076,1909f56bfc062723c751e8b465ee728b)
Start importing Assets/FeonY/Animated Pixel-Art Backgrounds/Art/Animations/Pixel-Art Background 3/frame0109.png using Guid(ff22f669b01bc9d46a606ff4e688471a) Importer(815301076,1909f56bfc062723c751e8b465ee728b) (PreviewImporter) -> (artifact id: '0fa6c3c48a800948b0c6fe2a3d6beb83') in 0.0352252 seconds
Number of updated asset objects reloaded before import = 0Number of asset objects unloaded after import = 3

========================================================================
Received Import Request.
  Time since last request: 0.097314 seconds.
  path: Assets/FeonY/Animated Pixel-Art Backgrounds/Art/Animations/Pixel-Art Background 2/frame0106.png
  artifactKey: Guid(e77c428555e23304abfad31a01e89910) Importer(815301076,1909f56bfc062723c751e8b465ee728b)
Start importing Assets/FeonY/Animated Pixel-Art Backgrounds/Art/Animations/Pixel-Art Background 2/frame0106.png using Guid(e77c428555e23304abfad31a01e89910) Importer(815301076,1909f56bfc062723c751e8b465ee728b) (PreviewImporter) -> (artifact id: '1323112ff57dfc16c8232f169d7923ea') in 0.071105 seconds
Number of updated asset objects reloaded before import = 0Number of asset objects unloaded after import = 3

========================================================================
Received Import Request.
  Time since last request: 0.033024 seconds.
  path: Assets/FeonY/Animated Pixel-Art Backgrounds/Art/Animations/Pixel-Art Background 1/frame0106.png
  artifactKey: Guid(97d22852e19f56043b8a992d567fd90c) Importer(815301076,1909f56bfc062723c751e8b465ee728b)
Start importing Assets/FeonY/Animated Pixel-Art Backgrounds/Art/Animations/Pixel-Art Background 1/frame0106.png using Guid(97d22852e19f56043b8a992d567fd90c) Importer(815301076,1909f56bfc062723c751e8b465ee728b) (PreviewImporter) -> (artifact id: '83721a331c0fe52992159c8394d018ed') in 0.0649057 seconds
Number of updated asset objects reloaded before import = 0Number of asset objects unloaded after import = 3

========================================================================
Received Import Request.
  Time since last request: 0.255508 seconds.
  path: Assets/FeonY/Animated Pixel-Art Backgrounds/Art/Animations/Pixel-Art Background 1/frame0107.png
  artifactKey: Guid(74fdc9e69b6e17f49b6d131a3c1f4e2b) Importer(815301076,1909f56bfc062723c751e8b465ee728b)
Start importing Assets/FeonY/Animated Pixel-Art Backgrounds/Art/Animations/Pixel-Art Background 1/frame0107.png using Guid(74fdc9e69b6e17f49b6d131a3c1f4e2b) Importer(815301076,1909f56bfc062723c751e8b465ee728b) (PreviewImporter) -> (artifact id: 'ea59424af31cd080f470f5cfb1576725') in 0.0207018 seconds
Number of updated asset objects reloaded before import = 0Number of asset objects unloaded after import = 3

========================================================================
Received Import Request.
  Time since last request: 0.010858 seconds.
  path: Assets/FeonY/Animated Pixel-Art Backgrounds/Art/Animations/Pixel-Art Background 3/frame0107.png
  artifactKey: Guid(10c91a488ab9c5445a0cd79834e48d49) Importer(815301076,1909f56bfc062723c751e8b465ee728b)
Start importing Assets/FeonY/Animated Pixel-Art Backgrounds/Art/Animations/Pixel-Art Background 3/frame0107.png using Guid(10c91a488ab9c5445a0cd79834e48d49) Importer(815301076,1909f56bfc062723c751e8b465ee728b) (PreviewImporter) -> (artifact id: 'c1e3c602c6fa6ce91ecb4bf552504790') in 0.02531 seconds
Number of updated asset objects reloaded before import = 0Number of asset objects unloaded after import = 3

========================================================================
Received Import Request.
  Time since last request: 0.005174 seconds.
  path: Assets/FeonY/Animated Pixel-Art Backgrounds/Art/Animations/Pixel-Art Background 2/frame0107.png
  artifactKey: Guid(24b15e4e32bee2f4db5281fd0a8773cf) Importer(815301076,1909f56bfc062723c751e8b465ee728b)
Start importing Assets/FeonY/Animated Pixel-Art Backgrounds/Art/Animations/Pixel-Art Background 2/frame0107.png using Guid(24b15e4e32bee2f4db5281fd0a8773cf) Importer(815301076,1909f56bfc062723c751e8b465ee728b) (PreviewImporter) -> (artifact id: '35fb1fe7307f47e5106c216a8d8ca422') in 0.0254329 seconds
Number of updated asset objects reloaded before import = 0Number of asset objects unloaded after import = 3

========================================================================
Received Import Request.
  Time since last request: 0.008371 seconds.
  path: Assets/FeonY/Animated Pixel-Art Backgrounds/Art/Animations/Pixel-Art Background 1/frame0108.png
  artifactKey: Guid(9e3b50a1250bbdd4b9ae519a19db1b64) Importer(815301076,1909f56bfc062723c751e8b465ee728b)
Start importing Assets/FeonY/Animated Pixel-Art Backgrounds/Art/Animations/Pixel-Art Background 1/frame0108.png using Guid(9e3b50a1250bbdd4b9ae519a19db1b64) Importer(815301076,1909f56bfc062723c751e8b465ee728b) (PreviewImporter) -> (artifact id: '342a7948ec8a82d073cd4f2b658d6120') in 0.0254159 seconds
Number of updated asset objects reloaded before import = 0Number of asset objects unloaded after import = 3

========================================================================
Received Import Request.
  Time since last request: 0.021500 seconds.
  path: Assets/FeonY/Animated Pixel-Art Backgrounds/Art/Animations/Pixel-Art Background 3/frame0108.png
  artifactKey: Guid(aca923885bd322c4094612ab0895574a) Importer(815301076,1909f56bfc062723c751e8b465ee728b)
Start importing Assets/FeonY/Animated Pixel-Art Backgrounds/Art/Animations/Pixel-Art Background 3/frame0108.png using Guid(aca923885bd322c4094612ab0895574a) Importer(815301076,1909f56bfc062723c751e8b465ee728b) (PreviewImporter) -> (artifact id: 'ce4caccb1e268933aa77563a2320d873') in 0.0301495 seconds
Number of updated asset objects reloaded before import = 0Number of asset objects unloaded after import = 3

========================================================================
Received Import Request.
  Time since last request: 0.015518 seconds.
  path: Assets/FeonY/Animated Pixel-Art Backgrounds/Art/Animations/Pixel-Art Background 3/frame0103.png
  artifactKey: Guid(d9b04c3e1acfa7f40807a46661e32f07) Importer(815301076,1909f56bfc062723c751e8b465ee728b)
Start importing Assets/FeonY/Animated Pixel-Art Backgrounds/Art/Animations/Pixel-Art Background 3/frame0103.png using Guid(d9b04c3e1acfa7f40807a46661e32f07) Importer(815301076,1909f56bfc062723c751e8b465ee728b) (PreviewImporter) -> (artifact id: 'e759cf58432731035a953d09de050e69') in 0.0270281 seconds
Number of updated asset objects reloaded before import = 0Number of asset objects unloaded after import = 3

========================================================================
Received Import Request.
  Time since last request: 0.052178 seconds.
  path: Assets/FeonY/Animated Pixel-Art Backgrounds/Art/Animations/Pixel-Art Background 2/frame0104.png
  artifactKey: Guid(d3e4b98fa1dd04c4c8a0bd12af0eb1a1) Importer(815301076,1909f56bfc062723c751e8b465ee728b)
Start importing Assets/FeonY/Animated Pixel-Art Backgrounds/Art/Animations/Pixel-Art Background 2/frame0104.png using Guid(d3e4b98fa1dd04c4c8a0bd12af0eb1a1) Importer(815301076,1909f56bfc062723c751e8b465ee728b) (PreviewImporter) -> (artifact id: 'c1db509dac2247f0f499b6ab870f3cf2') in 0.0323251 seconds
Number of updated asset objects reloaded before import = 0Number of asset objects unloaded after import = 3

========================================================================
Received Import Request.
  Time since last request: 0.000344 seconds.
  path: Assets/FeonY/Animated Pixel-Art Backgrounds/Art/Animations/Pixel-Art Background 3/frame0104.png
  artifactKey: Guid(097086fe5bc765245a364e60e70f5c88) Importer(815301076,1909f56bfc062723c751e8b465ee728b)
Start importing Assets/FeonY/Animated Pixel-Art Backgrounds/Art/Animations/Pixel-Art Background 3/frame0104.png using Guid(097086fe5bc765245a364e60e70f5c88) Importer(815301076,1909f56bfc062723c751e8b465ee728b) (PreviewImporter) -> (artifact id: '7d6567d95a6432e69cf0554e14df709f') in 0.0629277 seconds
Number of updated asset objects reloaded before import = 0Number of asset objects unloaded after import = 3

========================================================================
Received Import Request.
  Time since last request: 0.008626 seconds.
  path: Assets/FeonY/Animated Pixel-Art Backgrounds/Art/Animations/Pixel-Art Background 1/frame0104.png
  artifactKey: Guid(ad1b709b9c6c5ce4ab711d97c0b15bec) Importer(815301076,1909f56bfc062723c751e8b465ee728b)
Start importing Assets/FeonY/Animated Pixel-Art Backgrounds/Art/Animations/Pixel-Art Background 1/frame0104.png using Guid(ad1b709b9c6c5ce4ab711d97c0b15bec) Importer(815301076,1909f56bfc062723c751e8b465ee728b) (PreviewImporter) -> (artifact id: '62f00efa05cd9b29e15c325e0b84b3c7') in 0.0917856 seconds
Number of updated asset objects reloaded before import = 0Number of asset objects unloaded after import = 3

========================================================================
Received Import Request.
  Time since last request: 0.066462 seconds.
  path: Assets/FeonY/Animated Pixel-Art Backgrounds/Art/Animations/Pixel-Art Background 2/frame0105.png
  artifactKey: Guid(dc1b610f14bbbd84fbe1ee0fd13763df) Importer(815301076,1909f56bfc062723c751e8b465ee728b)
Start importing Assets/FeonY/Animated Pixel-Art Backgrounds/Art/Animations/Pixel-Art Background 2/frame0105.png using Guid(dc1b610f14bbbd84fbe1ee0fd13763df) Importer(815301076,1909f56bfc062723c751e8b465ee728b) (PreviewImporter) -> (artifact id: '9253dd839396b0eacb0bca7a3e563062') in 0.0453199 seconds
Number of updated asset objects reloaded before import = 0Number of asset objects unloaded after import = 3

========================================================================
Received Import Request.
  Time since last request: 0.037012 seconds.
  path: Assets/FeonY/Animated Pixel-Art Backgrounds/Art/Animations/Pixel-Art Background 3/frame0105.png
  artifactKey: Guid(33d3df3a5bdeab5448e3d452fa0ca991) Importer(815301076,1909f56bfc062723c751e8b465ee728b)
Start importing Assets/FeonY/Animated Pixel-Art Backgrounds/Art/Animations/Pixel-Art Background 3/frame0105.png using Guid(33d3df3a5bdeab5448e3d452fa0ca991) Importer(815301076,1909f56bfc062723c751e8b465ee728b) (PreviewImporter) -> (artifact id: '61d75e517bb263e5cccdf55abc1b3d0c') in 0.0603336 seconds
Number of updated asset objects reloaded before import = 0Number of asset objects unloaded after import = 3

========================================================================
Received Import Request.
  Time since last request: 0.038332 seconds.
  path: Assets/FeonY/Animated Pixel-Art Backgrounds/Art/Animations/Pixel-Art Background 1/frame0099.png
  artifactKey: Guid(be3c91b904da5f54597749c7bc8e2230) Importer(815301076,1909f56bfc062723c751e8b465ee728b)
Start importing Assets/FeonY/Animated Pixel-Art Backgrounds/Art/Animations/Pixel-Art Background 1/frame0099.png using Guid(be3c91b904da5f54597749c7bc8e2230) Importer(815301076,1909f56bfc062723c751e8b465ee728b) (PreviewImporter) -> (artifact id: '804fd7ee0d4f1125a5985115185e6d26') in 0.0466571 seconds
Number of updated asset objects reloaded before import = 0Number of asset objects unloaded after import = 3

========================================================================
Received Import Request.
  Time since last request: 0.000022 seconds.
  path: Assets/FeonY/Animated Pixel-Art Backgrounds/Art/Animations/Pixel-Art Background 3/frame0099.png
  artifactKey: Guid(20d56dcee3f5eb349a4bc12510e92b2c) Importer(815301076,1909f56bfc062723c751e8b465ee728b)
Start importing Assets/FeonY/Animated Pixel-Art Backgrounds/Art/Animations/Pixel-Art Background 3/frame0099.png using Guid(20d56dcee3f5eb349a4bc12510e92b2c) Importer(815301076,1909f56bfc062723c751e8b465ee728b) (PreviewImporter) -> (artifact id: 'abb0534fedad4fc019070e5ab320a37e') in 0.0532837 seconds
Number of updated asset objects reloaded before import = 0Number of asset objects unloaded after import = 3

========================================================================
Received Import Request.
  Time since last request: 0.037265 seconds.
  path: Assets/FeonY/Animated Pixel-Art Backgrounds/Art/Animations/Pixel-Art Background 3/frame0100.png
  artifactKey: Guid(01081976c8ae59e428077d04981f4d0d) Importer(815301076,1909f56bfc062723c751e8b465ee728b)
Start importing Assets/FeonY/Animated Pixel-Art Backgrounds/Art/Animations/Pixel-Art Background 3/frame0100.png using Guid(01081976c8ae59e428077d04981f4d0d) Importer(815301076,1909f56bfc062723c751e8b465ee728b) (PreviewImporter) -> (artifact id: 'f8e6e56401ca650119dc093b49da0235') in 0.0714256 seconds
Number of updated asset objects reloaded before import = 0Number of asset objects unloaded after import = 3

========================================================================
Received Import Request.
  Time since last request: 0.015382 seconds.
  path: Assets/FeonY/Animated Pixel-Art Backgrounds/Art/Animations/Pixel-Art Background 1/frame0100.png
  artifactKey: Guid(5e20b4bcab019874db4ae7c4bb7084e0) Importer(815301076,1909f56bfc062723c751e8b465ee728b)
Start importing Assets/FeonY/Animated Pixel-Art Backgrounds/Art/Animations/Pixel-Art Background 1/frame0100.png using Guid(5e20b4bcab019874db4ae7c4bb7084e0) Importer(815301076,1909f56bfc062723c751e8b465ee728b) (PreviewImporter) -> (artifact id: '2b7acd1500bae766b92b2fc7c3a85b62') in 0.0564856 seconds
Number of updated asset objects reloaded before import = 0Number of asset objects unloaded after import = 3

========================================================================
Received Import Request.
  Time since last request: 0.009465 seconds.
  path: Assets/FeonY/Animated Pixel-Art Backgrounds/Art/Animations/Pixel-Art Background 1/frame0101.png
  artifactKey: Guid(e040a0fef0055d541ab22798db23190d) Importer(815301076,1909f56bfc062723c751e8b465ee728b)
Start importing Assets/FeonY/Animated Pixel-Art Backgrounds/Art/Animations/Pixel-Art Background 1/frame0101.png using Guid(e040a0fef0055d541ab22798db23190d) Importer(815301076,1909f56bfc062723c751e8b465ee728b) (PreviewImporter) -> (artifact id: 'de06e0e7aa2b4ff56851929dabbbcd79') in 0.1313755 seconds
Number of updated asset objects reloaded before import = 0Number of asset objects unloaded after import = 3

========================================================================
Received Import Request.
  Time since last request: 0.000031 seconds.
  path: Assets/FeonY/Animated Pixel-Art Backgrounds/Art/Animations/Pixel-Art Background 3/frame0101.png
  artifactKey: Guid(ef150e994d604504aa4beb8d6a536789) Importer(815301076,1909f56bfc062723c751e8b465ee728b)
Start importing Assets/FeonY/Animated Pixel-Art Backgrounds/Art/Animations/Pixel-Art Background 3/frame0101.png using Guid(ef150e994d604504aa4beb8d6a536789) Importer(815301076,1909f56bfc062723c751e8b465ee728b) (PreviewImporter) -> (artifact id: '6f9bfdf221fe1f6fb67f530ccccfe62a') in 0.0352282 seconds
Number of updated asset objects reloaded before import = 0Number of asset objects unloaded after import = 3

========================================================================
Received Import Request.
  Time since last request: 0.000054 seconds.
  path: Assets/FeonY/Animated Pixel-Art Backgrounds/Art/Animations/Pixel-Art Background 2/frame0101.png
  artifactKey: Guid(7ce2b004b13de164e998f750b571169a) Importer(815301076,1909f56bfc062723c751e8b465ee728b)
Start importing Assets/FeonY/Animated Pixel-Art Backgrounds/Art/Animations/Pixel-Art Background 2/frame0101.png using Guid(7ce2b004b13de164e998f750b571169a) Importer(815301076,1909f56bfc062723c751e8b465ee728b) (PreviewImporter) -> (artifact id: '2ab81829fab06b36444f197d3239812f') in 0.0221067 seconds
Number of updated asset objects reloaded before import = 0Number of asset objects unloaded after import = 3

========================================================================
Received Import Request.
  Time since last request: 0.076742 seconds.
  path: Assets/FeonY/Animated Pixel-Art Backgrounds/Art/Animations/Pixel-Art Background 3/frame0102.png
  artifactKey: Guid(73efb61af55958b4b8988462239cbd21) Importer(815301076,1909f56bfc062723c751e8b465ee728b)
Start importing Assets/FeonY/Animated Pixel-Art Backgrounds/Art/Animations/Pixel-Art Background 3/frame0102.png using Guid(73efb61af55958b4b8988462239cbd21) Importer(815301076,1909f56bfc062723c751e8b465ee728b) (PreviewImporter) -> (artifact id: 'b7e169d7a26fc8d5d7758d1a41d092b4') in 0.0505676 seconds
Number of updated asset objects reloaded before import = 0Number of asset objects unloaded after import = 3

========================================================================
Received Import Request.
  Time since last request: 0.000031 seconds.
  path: Assets/FeonY/Animated Pixel-Art Backgrounds/Art/Animations/Pixel-Art Background 1/frame0102.png
  artifactKey: Guid(5b194588e1d179a4287a0dc7e797a0c8) Importer(815301076,1909f56bfc062723c751e8b465ee728b)
Start importing Assets/FeonY/Animated Pixel-Art Backgrounds/Art/Animations/Pixel-Art Background 1/frame0102.png using Guid(5b194588e1d179a4287a0dc7e797a0c8) Importer(815301076,1909f56bfc062723c751e8b465ee728b) (PreviewImporter) -> (artifact id: '9d252621972abbd459feba46f168d46c') in 0.0227557 seconds
Number of updated asset objects reloaded before import = 0Number of asset objects unloaded after import = 3

========================================================================
Received Import Request.
  Time since last request: 0.000042 seconds.
  path: Assets/FeonY/Animated Pixel-Art Backgrounds/Art/Animations/Pixel-Art Background 2/frame0103.png
  artifactKey: Guid(55ea08c75577f5f429000f432dbc6f14) Importer(815301076,1909f56bfc062723c751e8b465ee728b)
Start importing Assets/FeonY/Animated Pixel-Art Backgrounds/Art/Animations/Pixel-Art Background 2/frame0103.png using Guid(55ea08c75577f5f429000f432dbc6f14) Importer(815301076,1909f56bfc062723c751e8b465ee728b) (PreviewImporter) -> (artifact id: '885bf2cdb9df4a6fc243d85f5af23672') in 0.0546818 seconds
Number of updated asset objects reloaded before import = 0Number of asset objects unloaded after import = 3

========================================================================
Received Import Request.
  Time since last request: 0.011366 seconds.
  path: Assets/FeonY/Animated Pixel-Art Backgrounds/Art/Animations/Pixel-Art Background 1/frame0096.png
  artifactKey: Guid(a1f8b23fa1725c04285791c66be46cdc) Importer(815301076,1909f56bfc062723c751e8b465ee728b)
Start importing Assets/FeonY/Animated Pixel-Art Backgrounds/Art/Animations/Pixel-Art Background 1/frame0096.png using Guid(a1f8b23fa1725c04285791c66be46cdc) Importer(815301076,1909f56bfc062723c751e8b465ee728b) (PreviewImporter) -> (artifact id: '6a9267371a66525ad174ebe23aa9282d') in 0.1736755 seconds
Number of updated asset objects reloaded before import = 0Number of asset objects unloaded after import = 3

========================================================================
Received Import Request.
  Time since last request: 0.000031 seconds.
  path: Assets/FeonY/Animated Pixel-Art Backgrounds/Art/Animations/Pixel-Art Background 2/frame0097.png
  artifactKey: Guid(33b465d2903026b418f0e1800884c21c) Importer(815301076,1909f56bfc062723c751e8b465ee728b)
Start importing Assets/FeonY/Animated Pixel-Art Backgrounds/Art/Animations/Pixel-Art Background 2/frame0097.png using Guid(33b465d2903026b418f0e1800884c21c) Importer(815301076,1909f56bfc062723c751e8b465ee728b) (PreviewImporter) -> (artifact id: '13334dc680092c57f0261b809c45fecc') in 0.0298702 seconds
Number of updated asset objects reloaded before import = 0Number of asset objects unloaded after import = 3

========================================================================
Received Import Request.
  Time since last request: 0.000111 seconds.
  path: Assets/FeonY/Animated Pixel-Art Backgrounds/Art/Animations/Pixel-Art Background 3/frame0097.png
  artifactKey: Guid(944ddd5c0d3af894b9060248ad7dc09e) Importer(815301076,1909f56bfc062723c751e8b465ee728b)
Start importing Assets/FeonY/Animated Pixel-Art Backgrounds/Art/Animations/Pixel-Art Background 3/frame0097.png using Guid(944ddd5c0d3af894b9060248ad7dc09e) Importer(815301076,1909f56bfc062723c751e8b465ee728b) (PreviewImporter) -> (artifact id: '5aa7cabbe85ee107cbe7e942d35c835d') in 0.0339638 seconds
Number of updated asset objects reloaded before import = 0Number of asset objects unloaded after import = 3

========================================================================
Received Import Request.
  Time since last request: 0.010493 seconds.
  path: Assets/FeonY/Animated Pixel-Art Backgrounds/Art/Animations/Pixel-Art Background 1/frame0098.png
  artifactKey: Guid(4db50427ec501f4449ba274fd05c9a9f) Importer(815301076,1909f56bfc062723c751e8b465ee728b)
Start importing Assets/FeonY/Animated Pixel-Art Backgrounds/Art/Animations/Pixel-Art Background 1/frame0098.png using Guid(4db50427ec501f4449ba274fd05c9a9f) Importer(815301076,1909f56bfc062723c751e8b465ee728b) (PreviewImporter) -> (artifact id: 'bfe7b6adf7cba2dd49ab1d0bb36b14e8') in 0.0219315 seconds
Number of updated asset objects reloaded before import = 0Number of asset objects unloaded after import = 3

========================================================================
Received Import Request.
  Time since last request: 0.028061 seconds.
  path: Assets/FeonY/Animated Pixel-Art Backgrounds/Art/Animations/Pixel-Art Background 2/frame0098.png
  artifactKey: Guid(24c6aa73019d76e48b1e7f3f65c97b7a) Importer(815301076,1909f56bfc062723c751e8b465ee728b)
Start importing Assets/FeonY/Animated Pixel-Art Backgrounds/Art/Animations/Pixel-Art Background 2/frame0098.png using Guid(24c6aa73019d76e48b1e7f3f65c97b7a) Importer(815301076,1909f56bfc062723c751e8b465ee728b) (PreviewImporter) -> (artifact id: '29bb80c91a86e93d5d8c3fb76ec77d50') in 0.0230739 seconds
Number of updated asset objects reloaded before import = 0Number of asset objects unloaded after import = 3

========================================================================
Received Import Request.
  Time since last request: 0.082482 seconds.
  path: Assets/FeonY/Animated Pixel-Art Backgrounds/Art/Animations/Pixel-Art Background 1/frame0094.png
  artifactKey: Guid(5cc5d08d4c791cb4d920c12e4c65c157) Importer(815301076,1909f56bfc062723c751e8b465ee728b)
Start importing Assets/FeonY/Animated Pixel-Art Backgrounds/Art/Animations/Pixel-Art Background 1/frame0094.png using Guid(5cc5d08d4c791cb4d920c12e4c65c157) Importer(815301076,1909f56bfc062723c751e8b465ee728b) (PreviewImporter) -> (artifact id: 'efb27a3c66871eb4ce550eea03b23f54') in 0.023044 seconds
Number of updated asset objects reloaded before import = 0Number of asset objects unloaded after import = 3

========================================================================
Received Import Request.
  Time since last request: 0.020696 seconds.
  path: Assets/FeonY/Animated Pixel-Art Backgrounds/Art/Animations/Pixel-Art Background 2/frame0094.png
  artifactKey: Guid(ff348adf919cbd240b09dc8925ff05e5) Importer(815301076,1909f56bfc062723c751e8b465ee728b)
Start importing Assets/FeonY/Animated Pixel-Art Backgrounds/Art/Animations/Pixel-Art Background 2/frame0094.png using Guid(ff348adf919cbd240b09dc8925ff05e5) Importer(815301076,1909f56bfc062723c751e8b465ee728b) (PreviewImporter) -> (artifact id: '0f008929bc972c259c9addfa34e76a50') in 0.0241939 seconds
Number of updated asset objects reloaded before import = 0Number of asset objects unloaded after import = 3

========================================================================
Received Import Request.
  Time since last request: 0.016952 seconds.
  path: Assets/FeonY/Animated Pixel-Art Backgrounds/Art/Animations/Pixel-Art Background 3/frame0094.png
  artifactKey: Guid(3fa1201fdedf6314e9670c130bcca697) Importer(815301076,1909f56bfc062723c751e8b465ee728b)
Start importing Assets/FeonY/Animated Pixel-Art Backgrounds/Art/Animations/Pixel-Art Background 3/frame0094.png using Guid(3fa1201fdedf6314e9670c130bcca697) Importer(815301076,1909f56bfc062723c751e8b465ee728b) (PreviewImporter) -> (artifact id: '778aafd07ba52c5511733f015724217e') in 0.0237021 seconds
Number of updated asset objects reloaded before import = 0Number of asset objects unloaded after import = 3

========================================================================
Received Import Request.
  Time since last request: 0.039184 seconds.
  path: Assets/FeonY/Animated Pixel-Art Backgrounds/Art/Animations/Pixel-Art Background 1/frame0095.png
  artifactKey: Guid(59cc757b88b8c9a42b97ed4467945356) Importer(815301076,1909f56bfc062723c751e8b465ee728b)
Start importing Assets/FeonY/Animated Pixel-Art Backgrounds/Art/Animations/Pixel-Art Background 1/frame0095.png using Guid(59cc757b88b8c9a42b97ed4467945356) Importer(815301076,1909f56bfc062723c751e8b465ee728b) (PreviewImporter) -> (artifact id: 'a34614da551aeb41f0024c2306df326b') in 0.0250103 seconds
Number of updated asset objects reloaded before import = 0Number of asset objects unloaded after import = 3

========================================================================
Received Import Request.
  Time since last request: 0.051241 seconds.
  path: Assets/FeonY/Animated Pixel-Art Backgrounds/Art/Animations/Pixel-Art Background 3/frame0095.png
  artifactKey: Guid(6d678fec6d027a4419b97539e14dcb3c) Importer(815301076,1909f56bfc062723c751e8b465ee728b)
Start importing Assets/FeonY/Animated Pixel-Art Backgrounds/Art/Animations/Pixel-Art Background 3/frame0095.png using Guid(6d678fec6d027a4419b97539e14dcb3c) Importer(815301076,1909f56bfc062723c751e8b465ee728b) (PreviewImporter) -> (artifact id: '9cb440d69338a9231edf2527eb0d7775') in 0.026318 seconds
Number of updated asset objects reloaded before import = 0Number of asset objects unloaded after import = 3

========================================================================
Received Import Request.
  Time since last request: 0.032775 seconds.
  path: Assets/FeonY/Animated Pixel-Art Backgrounds/Art/Animations/Pixel-Art Background 2/frame0095.png
  artifactKey: Guid(60725669f44655e4e86ea904e11035fa) Importer(815301076,1909f56bfc062723c751e8b465ee728b)
Start importing Assets/FeonY/Animated Pixel-Art Backgrounds/Art/Animations/Pixel-Art Background 2/frame0095.png using Guid(60725669f44655e4e86ea904e11035fa) Importer(815301076,1909f56bfc062723c751e8b465ee728b) (PreviewImporter) -> (artifact id: '5d688e7b39d466ebac369788e64b6faa') in 0.0255363 seconds
Number of updated asset objects reloaded before import = 0Number of asset objects unloaded after import = 3

========================================================================
Received Import Request.
  Time since last request: 0.000053 seconds.
  path: Assets/FeonY/Animated Pixel-Art Backgrounds/Art/Animations/Pixel-Art Background 2/frame0096.png
  artifactKey: Guid(ae80fb10058e9c446bd8c6f02f959972) Importer(815301076,1909f56bfc062723c751e8b465ee728b)
Start importing Assets/FeonY/Animated Pixel-Art Backgrounds/Art/Animations/Pixel-Art Background 2/frame0096.png using Guid(ae80fb10058e9c446bd8c6f02f959972) Importer(815301076,1909f56bfc062723c751e8b465ee728b) (PreviewImporter) -> (artifact id: 'daa6e6caa33d89e3ebc07a286ae4413c') in 0.0329281 seconds
Number of updated asset objects reloaded before import = 0Number of asset objects unloaded after import = 3

========================================================================
Received Import Request.
  Time since last request: 0.705653 seconds.
  path: Assets/FeonY/Animated Pixel-Art Backgrounds/Art/Animations/Pixel-Art Background 1/frame0092.png
  artifactKey: Guid(622a5c3046238e64b8189575e5a3f186) Importer(815301076,1909f56bfc062723c751e8b465ee728b)
Start importing Assets/FeonY/Animated Pixel-Art Backgrounds/Art/Animations/Pixel-Art Background 1/frame0092.png using Guid(622a5c3046238e64b8189575e5a3f186) Importer(815301076,1909f56bfc062723c751e8b465ee728b) (PreviewImporter) -> (artifact id: 'dceb940ce794b967635921e333a87e65') in 0.0287552 seconds
Number of updated asset objects reloaded before import = 0Number of asset objects unloaded after import = 3

========================================================================
Received Import Request.
  Time since last request: 0.000105 seconds.
  path: Assets/FeonY/Animated Pixel-Art Backgrounds/Art/Animations/Pixel-Art Background 1/frame0093.png
  artifactKey: Guid(43faa69e65189954c9e02362ac2775ce) Importer(815301076,1909f56bfc062723c751e8b465ee728b)
Start importing Assets/FeonY/Animated Pixel-Art Backgrounds/Art/Animations/Pixel-Art Background 1/frame0093.png using Guid(43faa69e65189954c9e02362ac2775ce) Importer(815301076,1909f56bfc062723c751e8b465ee728b) (PreviewImporter) -> (artifact id: '55acbe2bed17ab9a9c33bbddc179f612') in 0.0278851 seconds
Number of updated asset objects reloaded before import = 0Number of asset objects unloaded after import = 3

========================================================================
Received Import Request.
  Time since last request: 0.011577 seconds.
  path: Assets/FeonY/Animated Pixel-Art Backgrounds/Art/Animations/Pixel-Art Background 2/frame0093.png
  artifactKey: Guid(fdee354447aed204c8969a1db0beaed8) Importer(815301076,1909f56bfc062723c751e8b465ee728b)
Start importing Assets/FeonY/Animated Pixel-Art Backgrounds/Art/Animations/Pixel-Art Background 2/frame0093.png using Guid(fdee354447aed204c8969a1db0beaed8) Importer(815301076,1909f56bfc062723c751e8b465ee728b) (PreviewImporter) -> (artifact id: '31021ca8616205691cc4db34a54b81bf') in 0.0323424 seconds
Number of updated asset objects reloaded before import = 0Number of asset objects unloaded after import = 3

========================================================================
Received Import Request.
  Time since last request: 0.034693 seconds.
  path: Assets/FeonY/Animated Pixel-Art Backgrounds/Art/Animations/Pixel-Art Background 2/frame0091.png
  artifactKey: Guid(f735bee1e6ac40940999943afdd3c888) Importer(815301076,1909f56bfc062723c751e8b465ee728b)
Start importing Assets/FeonY/Animated Pixel-Art Backgrounds/Art/Animations/Pixel-Art Background 2/frame0091.png using Guid(f735bee1e6ac40940999943afdd3c888) Importer(815301076,1909f56bfc062723c751e8b465ee728b) (PreviewImporter) -> (artifact id: '9f008b800373653bd8dcb1233eccc0e4') in 0.0742401 seconds
Number of updated asset objects reloaded before import = 0Number of asset objects unloaded after import = 3

========================================================================
Received Import Request.
  Time since last request: 0.003305 seconds.
  path: Assets/FeonY/Animated Pixel-Art Backgrounds/Art/Animations/Pixel-Art Background 2/frame0092.png
  artifactKey: Guid(8d0229b69a29b6f40b2fa30634c4ef8c) Importer(815301076,1909f56bfc062723c751e8b465ee728b)
Start importing Assets/FeonY/Animated Pixel-Art Backgrounds/Art/Animations/Pixel-Art Background 2/frame0092.png using Guid(8d0229b69a29b6f40b2fa30634c4ef8c) Importer(815301076,1909f56bfc062723c751e8b465ee728b) (PreviewImporter) -> (artifact id: '6da9081680042f064c23ed75303caa95') in 0.0234524 seconds
Number of updated asset objects reloaded before import = 0Number of asset objects unloaded after import = 3

========================================================================
Received Import Request.
  Time since last request: 0.018691 seconds.
  path: Assets/FeonY/Animated Pixel-Art Backgrounds/Art/Animations/Pixel-Art Background 3/frame0092.png
  artifactKey: Guid(26581c326ff358848a11d85a081903be) Importer(815301076,1909f56bfc062723c751e8b465ee728b)
Start importing Assets/FeonY/Animated Pixel-Art Backgrounds/Art/Animations/Pixel-Art Background 3/frame0092.png using Guid(26581c326ff358848a11d85a081903be) Importer(815301076,1909f56bfc062723c751e8b465ee728b) (PreviewImporter) -> (artifact id: '89361dfb91718380d27d922ba582bc4e') in 0.0393797 seconds
Number of updated asset objects reloaded before import = 0Number of asset objects unloaded after import = 3

========================================================================
Received Import Request.
  Time since last request: 0.018179 seconds.
  path: Assets/FeonY/Animated Pixel-Art Backgrounds/Art/Animations/Pixel-Art Background 3/frame0090.png
  artifactKey: Guid(879e537ca80603143b1faa6d48676146) Importer(815301076,1909f56bfc062723c751e8b465ee728b)
Start importing Assets/FeonY/Animated Pixel-Art Backgrounds/Art/Animations/Pixel-Art Background 3/frame0090.png using Guid(879e537ca80603143b1faa6d48676146) Importer(815301076,1909f56bfc062723c751e8b465ee728b) (PreviewImporter) -> (artifact id: 'b1ee14dee5d4e0f70814715d3cea630a') in 0.0197997 seconds
Number of updated asset objects reloaded before import = 0Number of asset objects unloaded after import = 3

========================================================================
Received Import Request.
  Time since last request: 0.017856 seconds.
  path: Assets/FeonY/Animated Pixel-Art Backgrounds/Art/Animations/Pixel-Art Background 2/frame0090.png
  artifactKey: Guid(5e5bce3281ae0524fa150f72ff26a5c0) Importer(815301076,1909f56bfc062723c751e8b465ee728b)
Start importing Assets/FeonY/Animated Pixel-Art Backgrounds/Art/Animations/Pixel-Art Background 2/frame0090.png using Guid(5e5bce3281ae0524fa150f72ff26a5c0) Importer(815301076,1909f56bfc062723c751e8b465ee728b) (PreviewImporter) -> (artifact id: '29948d2120e7350f6a49697f27c71f47') in 0.0277776 seconds
Number of updated asset objects reloaded before import = 0Number of asset objects unloaded after import = 3

========================================================================
Received Import Request.
  Time since last request: 0.020396 seconds.
  path: Assets/FeonY/Animated Pixel-Art Backgrounds/Art/Animations/Pixel-Art Background 1/frame0090.png
  artifactKey: Guid(9bd2e3f76308a6646a0271b1f8c41274) Importer(815301076,1909f56bfc062723c751e8b465ee728b)
Start importing Assets/FeonY/Animated Pixel-Art Backgrounds/Art/Animations/Pixel-Art Background 1/frame0090.png using Guid(9bd2e3f76308a6646a0271b1f8c41274) Importer(815301076,1909f56bfc062723c751e8b465ee728b) (PreviewImporter) -> (artifact id: 'dbb48729b863a4af8e21cbb9dc9a89e3') in 0.0270996 seconds
Number of updated asset objects reloaded before import = 0Number of asset objects unloaded after import = 3

========================================================================
Received Import Request.
  Time since last request: 0.009884 seconds.
  path: Assets/FeonY/Animated Pixel-Art Backgrounds/Art/Animations/Pixel-Art Background 1/frame0091.png
  artifactKey: Guid(5fb71733d14749b4d9492e9bbdcaac52) Importer(815301076,1909f56bfc062723c751e8b465ee728b)
Start importing Assets/FeonY/Animated Pixel-Art Backgrounds/Art/Animations/Pixel-Art Background 1/frame0091.png using Guid(5fb71733d14749b4d9492e9bbdcaac52) Importer(815301076,1909f56bfc062723c751e8b465ee728b) (PreviewImporter) -> (artifact id: 'd8f728db6dc7bf5cbe17272ec1c61a2a') in 0.0328695 seconds
Number of updated asset objects reloaded before import = 0Number of asset objects unloaded after import = 3

========================================================================
Received Import Request.
  Time since last request: 0.631577 seconds.
  path: Assets/FeonY/Animated Pixel-Art Backgrounds/Art/Animations/Pixel-Art Background 2/frame0088.png
  artifactKey: Guid(da87429933488004393e7582c4983154) Importer(815301076,1909f56bfc062723c751e8b465ee728b)
Start importing Assets/FeonY/Animated Pixel-Art Backgrounds/Art/Animations/Pixel-Art Background 2/frame0088.png using Guid(da87429933488004393e7582c4983154) Importer(815301076,1909f56bfc062723c751e8b465ee728b) (PreviewImporter) -> (artifact id: 'a6c59845826e6118a6038fbbf647bc86') in 0.0325969 seconds
Number of updated asset objects reloaded before import = 0Number of asset objects unloaded after import = 3

========================================================================
Received Import Request.
  Time since last request: 0.000027 seconds.
  path: Assets/FeonY/Animated Pixel-Art Backgrounds/Art/Animations/Pixel-Art Background 1/frame0089.png
  artifactKey: Guid(281444254fa94a143beafc765969b267) Importer(815301076,1909f56bfc062723c751e8b465ee728b)
Start importing Assets/FeonY/Animated Pixel-Art Backgrounds/Art/Animations/Pixel-Art Background 1/frame0089.png using Guid(281444254fa94a143beafc765969b267) Importer(815301076,1909f56bfc062723c751e8b465ee728b) (PreviewImporter) -> (artifact id: '19594464873e62618b79c665e1369aaf') in 0.0271815 seconds
Number of updated asset objects reloaded before import = 0Number of asset objects unloaded after import = 3

========================================================================
Received Import Request.
  Time since last request: 0.003556 seconds.
  path: Assets/FeonY/Animated Pixel-Art Backgrounds/Art/Animations/Pixel-Art Background 2/frame0089.png
  artifactKey: Guid(41e45e4de692c0849be122aebd13f8e9) Importer(815301076,1909f56bfc062723c751e8b465ee728b)
Start importing Assets/FeonY/Animated Pixel-Art Backgrounds/Art/Animations/Pixel-Art Background 2/frame0089.png using Guid(41e45e4de692c0849be122aebd13f8e9) Importer(815301076,1909f56bfc062723c751e8b465ee728b) (PreviewImporter) -> (artifact id: 'aa1525ba9e333e57d9457b37ae4fbe22') in 0.0288951 seconds
Number of updated asset objects reloaded before import = 0Number of asset objects unloaded after import = 3

========================================================================
Received Import Request.
  Time since last request: 0.000030 seconds.
  path: Assets/FeonY/Animated Pixel-Art Backgrounds/Art/Animations/Pixel-Art Background 3/frame0089.png
  artifactKey: Guid(d1e685eb8ca2f40408b1f94cc2411d0a) Importer(815301076,1909f56bfc062723c751e8b465ee728b)
Start importing Assets/FeonY/Animated Pixel-Art Backgrounds/Art/Animations/Pixel-Art Background 3/frame0089.png using Guid(d1e685eb8ca2f40408b1f94cc2411d0a) Importer(815301076,1909f56bfc062723c751e8b465ee728b) (PreviewImporter) -> (artifact id: 'f2f74e56b07613db2c1f404e5c8e322f') in 0.0280793 seconds
Number of updated asset objects reloaded before import = 0Number of asset objects unloaded after import = 3

========================================================================
Received Import Request.
  Time since last request: 0.000047 seconds.
  path: Assets/FeonY/Animated Pixel-Art Backgrounds/Art/Animations/Pixel-Art Background 2/frame0087.png
  artifactKey: Guid(ca37bf9e1e069eb4badecfd988f5dc62) Importer(815301076,1909f56bfc062723c751e8b465ee728b)
Start importing Assets/FeonY/Animated Pixel-Art Backgrounds/Art/Animations/Pixel-Art Background 2/frame0087.png using Guid(ca37bf9e1e069eb4badecfd988f5dc62) Importer(815301076,1909f56bfc062723c751e8b465ee728b) (PreviewImporter) -> (artifact id: '92ee5d4a480af0d1daf48275ede430b1') in 0.0812166 seconds
Number of updated asset objects reloaded before import = 0Number of asset objects unloaded after import = 3

========================================================================
Received Import Request.
  Time since last request: 0.000027 seconds.
  path: Assets/FeonY/Animated Pixel-Art Backgrounds/Art/Animations/Pixel-Art Background 3/frame0087.png
  artifactKey: Guid(386c092c128c9c842bb92c555b7b07aa) Importer(815301076,1909f56bfc062723c751e8b465ee728b)
Start importing Assets/FeonY/Animated Pixel-Art Backgrounds/Art/Animations/Pixel-Art Background 3/frame0087.png using Guid(386c092c128c9c842bb92c555b7b07aa) Importer(815301076,1909f56bfc062723c751e8b465ee728b) (PreviewImporter) -> (artifact id: '1b2d752f62fdf34dab111c3b634235c4') in 0.0266614 seconds
Number of updated asset objects reloaded before import = 0Number of asset objects unloaded after import = 3

========================================================================
Received Import Request.
  Time since last request: 0.033822 seconds.
  path: Assets/FeonY/Animated Pixel-Art Backgrounds/Art/Animations/Pixel-Art Background 1/frame0088.png
  artifactKey: Guid(9dad9b1e2e5e339418b6e9def44f8147) Importer(815301076,1909f56bfc062723c751e8b465ee728b)
Start importing Assets/FeonY/Animated Pixel-Art Backgrounds/Art/Animations/Pixel-Art Background 1/frame0088.png using Guid(9dad9b1e2e5e339418b6e9def44f8147) Importer(815301076,1909f56bfc062723c751e8b465ee728b) (PreviewImporter) -> (artifact id: 'd8bd943c35d2e93ebbb28621f196beef') in 0.0310392 seconds
Number of updated asset objects reloaded before import = 0Number of asset objects unloaded after import = 3

========================================================================
Received Import Request.
  Time since last request: 0.030366 seconds.
  path: Assets/FeonY/Animated Pixel-Art Backgrounds/Art/Animations/Pixel-Art Background 1/frame0086.png
  artifactKey: Guid(74e96082bc3cb4a44a80cc043eed81b6) Importer(815301076,1909f56bfc062723c751e8b465ee728b)
Start importing Assets/FeonY/Animated Pixel-Art Backgrounds/Art/Animations/Pixel-Art Background 1/frame0086.png using Guid(74e96082bc3cb4a44a80cc043eed81b6) Importer(815301076,1909f56bfc062723c751e8b465ee728b) (PreviewImporter) -> (artifact id: '34159ef1edbf4dd2b63ce0a4d758322a') in 0.0248914 seconds
Number of updated asset objects reloaded before import = 0Number of asset objects unloaded after import = 3

========================================================================
Received Import Request.
  Time since last request: 0.003665 seconds.
  path: Assets/FeonY/Animated Pixel-Art Backgrounds/Art/Animations/Pixel-Art Background 2/frame0086.png
  artifactKey: Guid(66ce84307e9c68b42940f1f0c6c8c9c7) Importer(815301076,1909f56bfc062723c751e8b465ee728b)
Start importing Assets/FeonY/Animated Pixel-Art Backgrounds/Art/Animations/Pixel-Art Background 2/frame0086.png using Guid(66ce84307e9c68b42940f1f0c6c8c9c7) Importer(815301076,1909f56bfc062723c751e8b465ee728b) (PreviewImporter) -> (artifact id: '22e0a7f510f6b1605ff7546b9c49edfc') in 0.0250732 seconds
Number of updated asset objects reloaded before import = 0Number of asset objects unloaded after import = 3

========================================================================
Received Import Request.
  Time since last request: 0.006236 seconds.
  path: Assets/FeonY/Animated Pixel-Art Backgrounds/Art/Animations/Pixel-Art Background 3/frame0086.png
  artifactKey: Guid(a5d97a7336bd20346b1dd21e2ccd6e6f) Importer(815301076,1909f56bfc062723c751e8b465ee728b)
Start importing Assets/FeonY/Animated Pixel-Art Backgrounds/Art/Animations/Pixel-Art Background 3/frame0086.png using Guid(a5d97a7336bd20346b1dd21e2ccd6e6f) Importer(815301076,1909f56bfc062723c751e8b465ee728b) (PreviewImporter) -> (artifact id: '462d6ec72bf27e43bd32af5495959c41') in 0.0248075 seconds
Number of updated asset objects reloaded before import = 0Number of asset objects unloaded after import = 3

========================================================================
Received Import Request.
  Time since last request: 0.038988 seconds.
  path: Assets/FeonY/Animated Pixel-Art Backgrounds/Art/Animations/Pixel-Art Background 1/frame0087.png
  artifactKey: Guid(6d94d3b59bd57444288fdde9273e9894) Importer(815301076,1909f56bfc062723c751e8b465ee728b)
Start importing Assets/FeonY/Animated Pixel-Art Backgrounds/Art/Animations/Pixel-Art Background 1/frame0087.png using Guid(6d94d3b59bd57444288fdde9273e9894) Importer(815301076,1909f56bfc062723c751e8b465ee728b) (PreviewImporter) -> (artifact id: '1934dc6a5d22dcd2b992b56fb2ad30d9') in 0.0608013 seconds
Number of updated asset objects reloaded before import = 0Number of asset objects unloaded after import = 3

========================================================================
Received Import Request.
  Time since last request: 0.472891 seconds.
  path: Assets/FeonY/Animated Pixel-Art Backgrounds/Art/Animations/Pixel-Art Background 3/frame0084.png
  artifactKey: Guid(678598bba8fed7a4a8621bcd2b034ae8) Importer(815301076,1909f56bfc062723c751e8b465ee728b)
Start importing Assets/FeonY/Animated Pixel-Art Backgrounds/Art/Animations/Pixel-Art Background 3/frame0084.png using Guid(678598bba8fed7a4a8621bcd2b034ae8) Importer(815301076,1909f56bfc062723c751e8b465ee728b) (PreviewImporter) -> (artifact id: 'dc038adb27b18a2666dfb93bbabc696a') in 0.0259545 seconds
Number of updated asset objects reloaded before import = 0Number of asset objects unloaded after import = 3

========================================================================
Received Import Request.
  Time since last request: 0.000034 seconds.
  path: Assets/FeonY/Animated Pixel-Art Backgrounds/Art/Animations/Pixel-Art Background 1/frame0085.png
  artifactKey: Guid(8dfd9befdd5f60049a2136a220d62c68) Importer(815301076,1909f56bfc062723c751e8b465ee728b)
Start importing Assets/FeonY/Animated Pixel-Art Backgrounds/Art/Animations/Pixel-Art Background 1/frame0085.png using Guid(8dfd9befdd5f60049a2136a220d62c68) Importer(815301076,1909f56bfc062723c751e8b465ee728b) (PreviewImporter) -> (artifact id: 'aa33306a06c19246a1d9eb5fc234d62d') in 0.0333963 seconds
Number of updated asset objects reloaded before import = 0Number of asset objects unloaded after import = 3

========================================================================
Received Import Request.
  Time since last request: 0.050103 seconds.
  path: Assets/FeonY/Animated Pixel-Art Backgrounds/Art/Animations/Pixel-Art Background 3/frame0085.png
  artifactKey: Guid(0ea06af61ea25884cafbb179bfed6a61) Importer(815301076,1909f56bfc062723c751e8b465ee728b)
Start importing Assets/FeonY/Animated Pixel-Art Backgrounds/Art/Animations/Pixel-Art Background 3/frame0085.png using Guid(0ea06af61ea25884cafbb179bfed6a61) Importer(815301076,1909f56bfc062723c751e8b465ee728b) (PreviewImporter) -> (artifact id: 'e6898842f3396b72875adf0fb9641026') in 0.0931477 seconds
Number of updated asset objects reloaded before import = 0Number of asset objects unloaded after import = 3

========================================================================
Received Import Request.
  Time since last request: 0.000027 seconds.
  path: Assets/FeonY/Animated Pixel-Art Backgrounds/Art/Animations/Pixel-Art Background 3/frame0082.png
  artifactKey: Guid(192929ae7a02d524d94772b82a308414) Importer(815301076,1909f56bfc062723c751e8b465ee728b)
Start importing Assets/FeonY/Animated Pixel-Art Backgrounds/Art/Animations/Pixel-Art Background 3/frame0082.png using Guid(192929ae7a02d524d94772b82a308414) Importer(815301076,1909f56bfc062723c751e8b465ee728b) (PreviewImporter) -> (artifact id: '93e4211cec747588776b6d555374195d') in 0.0309847 seconds
Number of updated asset objects reloaded before import = 0Number of asset objects unloaded after import = 3

========================================================================
Received Import Request.
  Time since last request: 0.004813 seconds.
  path: Assets/FeonY/Animated Pixel-Art Backgrounds/Art/Animations/Pixel-Art Background 2/frame0082.png
  artifactKey: Guid(99b18d0c83f70724d8d229054f04954a) Importer(815301076,1909f56bfc062723c751e8b465ee728b)
Start importing Assets/FeonY/Animated Pixel-Art Backgrounds/Art/Animations/Pixel-Art Background 2/frame0082.png using Guid(99b18d0c83f70724d8d229054f04954a) Importer(815301076,1909f56bfc062723c751e8b465ee728b) (PreviewImporter) -> (artifact id: '8e1c8df21f953edb72d0a13b72aee2de') in 0.0369024 seconds
Number of updated asset objects reloaded before import = 0Number of asset objects unloaded after import = 3

========================================================================
Received Import Request.
  Time since last request: 0.003738 seconds.
  path: Assets/FeonY/Animated Pixel-Art Backgrounds/Art/Animations/Pixel-Art Background 2/frame0083.png
  artifactKey: Guid(998bbc9f3ad9c7c4b91ffeabb84114f8) Importer(815301076,1909f56bfc062723c751e8b465ee728b)
Start importing Assets/FeonY/Animated Pixel-Art Backgrounds/Art/Animations/Pixel-Art Background 2/frame0083.png using Guid(998bbc9f3ad9c7c4b91ffeabb84114f8) Importer(815301076,1909f56bfc062723c751e8b465ee728b) (PreviewImporter) -> (artifact id: '377fbb49ae535ab7f86ba4ce5927d483') in 0.0568896 seconds
Number of updated asset objects reloaded before import = 0Number of asset objects unloaded after import = 3

========================================================================
Received Import Request.
  Time since last request: 0.041070 seconds.
  path: Assets/FeonY/Animated Pixel-Art Backgrounds/Art/Animations/Pixel-Art Background 3/frame0083.png
  artifactKey: Guid(f0108a501d29fd942a7bbef9210c55b9) Importer(815301076,1909f56bfc062723c751e8b465ee728b)
Start importing Assets/FeonY/Animated Pixel-Art Backgrounds/Art/Animations/Pixel-Art Background 3/frame0083.png using Guid(f0108a501d29fd942a7bbef9210c55b9) Importer(815301076,1909f56bfc062723c751e8b465ee728b) (PreviewImporter) -> (artifact id: 'def2ac40e3a14db34e3dba5dd5504bea') in 0.081285 seconds
Number of updated asset objects reloaded before import = 0Number of asset objects unloaded after import = 3

========================================================================
Received Import Request.
  Time since last request: 0.000045 seconds.
  path: Assets/FeonY/Animated Pixel-Art Backgrounds/Art/Animations/Pixel-Art Background 1/frame0084.png
  artifactKey: Guid(890d508113712454fb9f9a3fb963b8bf) Importer(815301076,1909f56bfc062723c751e8b465ee728b)
Start importing Assets/FeonY/Animated Pixel-Art Backgrounds/Art/Animations/Pixel-Art Background 1/frame0084.png using Guid(890d508113712454fb9f9a3fb963b8bf) Importer(815301076,1909f56bfc062723c751e8b465ee728b) (PreviewImporter) -> (artifact id: '3030ef86e1a05a3927de2d3eaf11ef0e') in 0.0247913 seconds
Number of updated asset objects reloaded before import = 0Number of asset objects unloaded after import = 3

========================================================================
Received Import Request.
  Time since last request: 0.000037 seconds.
  path: Assets/FeonY/Animated Pixel-Art Backgrounds/Art/Animations/Pixel-Art Background 2/frame0084.png
  artifactKey: Guid(4f649fbe058a6554c82948caf3dbf726) Importer(815301076,1909f56bfc062723c751e8b465ee728b)
Start importing Assets/FeonY/Animated Pixel-Art Backgrounds/Art/Animations/Pixel-Art Background 2/frame0084.png using Guid(4f649fbe058a6554c82948caf3dbf726) Importer(815301076,1909f56bfc062723c751e8b465ee728b) (PreviewImporter) -> (artifact id: 'e9379cc87df844e1a6e7d94cbe79562b') in 0.026613 seconds
Number of updated asset objects reloaded before import = 0Number of asset objects unloaded after import = 3

========================================================================
Received Import Request.
  Time since last request: 0.037437 seconds.
  path: Assets/FeonY/Animated Pixel-Art Backgrounds/Art/Animations/Pixel-Art Background 2/frame0080.png
  artifactKey: Guid(ec76e0e717e2e954987898506e280c19) Importer(815301076,1909f56bfc062723c751e8b465ee728b)
Start importing Assets/FeonY/Animated Pixel-Art Backgrounds/Art/Animations/Pixel-Art Background 2/frame0080.png using Guid(ec76e0e717e2e954987898506e280c19) Importer(815301076,1909f56bfc062723c751e8b465ee728b) (PreviewImporter) -> (artifact id: 'c44989300f5736e23e3d966eb0295c43') in 0.0284659 seconds
Number of updated asset objects reloaded before import = 0Number of asset objects unloaded after import = 3

========================================================================
Received Import Request.
  Time since last request: 0.036617 seconds.
  path: Assets/FeonY/Animated Pixel-Art Backgrounds/Art/Animations/Pixel-Art Background 2/frame0081.png
  artifactKey: Guid(5cb02ec357a639f488cf310b3340d259) Importer(815301076,1909f56bfc062723c751e8b465ee728b)
Start importing Assets/FeonY/Animated Pixel-Art Backgrounds/Art/Animations/Pixel-Art Background 2/frame0081.png using Guid(5cb02ec357a639f488cf310b3340d259) Importer(815301076,1909f56bfc062723c751e8b465ee728b) (PreviewImporter) -> (artifact id: 'dc220bac9f05fab65cdefda0b8a2e75e') in 0.0468514 seconds
Number of updated asset objects reloaded before import = 0Number of asset objects unloaded after import = 3

========================================================================
Received Import Request.
  Time since last request: 0.000036 seconds.
  path: Assets/FeonY/Animated Pixel-Art Backgrounds/Art/Animations/Pixel-Art Background 1/frame0081.png
  artifactKey: Guid(da7a4ba8d7f788340bb4c47d0acc56c1) Importer(815301076,1909f56bfc062723c751e8b465ee728b)
Start importing Assets/FeonY/Animated Pixel-Art Backgrounds/Art/Animations/Pixel-Art Background 1/frame0081.png using Guid(da7a4ba8d7f788340bb4c47d0acc56c1) Importer(815301076,1909f56bfc062723c751e8b465ee728b) (PreviewImporter) -> (artifact id: 'c748b4507a287d51ceebeb4b8a820e93') in 0.0534031 seconds
Number of updated asset objects reloaded before import = 0Number of asset objects unloaded after import = 3

========================================================================
Received Import Request.
  Time since last request: 0.000042 seconds.
  path: Assets/FeonY/Animated Pixel-Art Backgrounds/Art/Animations/Pixel-Art Background 3/frame0081.png
  artifactKey: Guid(d00398aa2a4c29a43ba506f52345dc04) Importer(815301076,1909f56bfc062723c751e8b465ee728b)
Start importing Assets/FeonY/Animated Pixel-Art Backgrounds/Art/Animations/Pixel-Art Background 3/frame0081.png using Guid(d00398aa2a4c29a43ba506f52345dc04) Importer(815301076,1909f56bfc062723c751e8b465ee728b) (PreviewImporter) -> (artifact id: '0b96de09ae2992a5b24811ea39c6bd46') in 0.0210842 seconds
Number of updated asset objects reloaded before import = 0Number of asset objects unloaded after import = 3

========================================================================
Received Import Request.
  Time since last request: 0.027478 seconds.
  path: Assets/FeonY/Animated Pixel-Art Backgrounds/Art/Animations/Pixel-Art Background 2/frame0076.png
  artifactKey: Guid(7ac5975b35d0f994eab5ce34b983c226) Importer(815301076,1909f56bfc062723c751e8b465ee728b)
Start importing Assets/FeonY/Animated Pixel-Art Backgrounds/Art/Animations/Pixel-Art Background 2/frame0076.png using Guid(7ac5975b35d0f994eab5ce34b983c226) Importer(815301076,1909f56bfc062723c751e8b465ee728b) (PreviewImporter) -> (artifact id: '7d473ed419c85af8b1b54a28d9c74a77') in 0.0497816 seconds
Number of updated asset objects reloaded before import = 0Number of asset objects unloaded after import = 3

========================================================================
Received Import Request.
  Time since last request: 0.000041 seconds.
  path: Assets/FeonY/Animated Pixel-Art Backgrounds/Art/Animations/Pixel-Art Background 3/frame0077.png
  artifactKey: Guid(7a9db19527a83be4897da39cb2c7387f) Importer(815301076,1909f56bfc062723c751e8b465ee728b)
Start importing Assets/FeonY/Animated Pixel-Art Backgrounds/Art/Animations/Pixel-Art Background 3/frame0077.png using Guid(7a9db19527a83be4897da39cb2c7387f) Importer(815301076,1909f56bfc062723c751e8b465ee728b) (PreviewImporter) -> (artifact id: '1d9380b71528953ed3eb18ca95834d5e') in 0.0244935 seconds
Number of updated asset objects reloaded before import = 0Number of asset objects unloaded after import = 3

========================================================================
Received Import Request.
  Time since last request: 0.036408 seconds.
  path: Assets/FeonY/Animated Pixel-Art Backgrounds/Art/Animations/Pixel-Art Background 2/frame0078.png
  artifactKey: Guid(6f36dbcc42b5e3140b942419494061bb) Importer(815301076,1909f56bfc062723c751e8b465ee728b)
Start importing Assets/FeonY/Animated Pixel-Art Backgrounds/Art/Animations/Pixel-Art Background 2/frame0078.png using Guid(6f36dbcc42b5e3140b942419494061bb) Importer(815301076,1909f56bfc062723c751e8b465ee728b) (PreviewImporter) -> (artifact id: 'e3eebe51974cf192951751c4a494fd7f') in 0.0252682 seconds
Number of updated asset objects reloaded before import = 0Number of asset objects unloaded after import = 3

========================================================================
Received Import Request.
  Time since last request: 0.000099 seconds.
  path: Assets/FeonY/Animated Pixel-Art Backgrounds/Art/Animations/Pixel-Art Background 3/frame0078.png
  artifactKey: Guid(45edbb10416993642a93ad9a7f0ccf6e) Importer(815301076,1909f56bfc062723c751e8b465ee728b)
Start importing Assets/FeonY/Animated Pixel-Art Backgrounds/Art/Animations/Pixel-Art Background 3/frame0078.png using Guid(45edbb10416993642a93ad9a7f0ccf6e) Importer(815301076,1909f56bfc062723c751e8b465ee728b) (PreviewImporter) -> (artifact id: '7f80f49e9c01c4d7e12e410759e999c4') in 0.0265693 seconds
Number of updated asset objects reloaded before import = 0Number of asset objects unloaded after import = 3

========================================================================
Received Import Request.
  Time since last request: 0.000798 seconds.
  path: Assets/FeonY/Animated Pixel-Art Backgrounds/Art/Animations/Pixel-Art Background 1/frame0079.png
  artifactKey: Guid(db27dd9db1c7b9647865aa5faaccbeb5) Importer(815301076,1909f56bfc062723c751e8b465ee728b)
Start importing Assets/FeonY/Animated Pixel-Art Backgrounds/Art/Animations/Pixel-Art Background 1/frame0079.png using Guid(db27dd9db1c7b9647865aa5faaccbeb5) Importer(815301076,1909f56bfc062723c751e8b465ee728b) (PreviewImporter) -> (artifact id: 'd026d69aa4a11aa6f2920b2d7e44ba55') in 0.0273761 seconds
Number of updated asset objects reloaded before import = 0Number of asset objects unloaded after import = 3

========================================================================
Received Import Request.
  Time since last request: 0.000034 seconds.
  path: Assets/FeonY/Animated Pixel-Art Backgrounds/Art/Animations/Pixel-Art Background 3/frame0079.png
  artifactKey: Guid(6a0482e590175c84bbbe411f55073f94) Importer(815301076,1909f56bfc062723c751e8b465ee728b)
Start importing Assets/FeonY/Animated Pixel-Art Backgrounds/Art/Animations/Pixel-Art Background 3/frame0079.png using Guid(6a0482e590175c84bbbe411f55073f94) Importer(815301076,1909f56bfc062723c751e8b465ee728b) (PreviewImporter) -> (artifact id: 'f4569b21339d2afe4b64b71d86b278e9') in 0.0250602 seconds
Number of updated asset objects reloaded before import = 0Number of asset objects unloaded after import = 3

========================================================================
Received Import Request.
  Time since last request: 0.020521 seconds.
  path: Assets/FeonY/Animated Pixel-Art Backgrounds/Art/Animations/Pixel-Art Background 3/frame0080.png
  artifactKey: Guid(44bd798e2faeb4647904d3b6447dc84d) Importer(815301076,1909f56bfc062723c751e8b465ee728b)
Start importing Assets/FeonY/Animated Pixel-Art Backgrounds/Art/Animations/Pixel-Art Background 3/frame0080.png using Guid(44bd798e2faeb4647904d3b6447dc84d) Importer(815301076,1909f56bfc062723c751e8b465ee728b) (PreviewImporter) -> (artifact id: '9bff16b7d86c68107b50e29ea9e6cce0') in 0.0261867 seconds
Number of updated asset objects reloaded before import = 0Number of asset objects unloaded after import = 3

========================================================================
Received Import Request.
  Time since last request: 0.004906 seconds.
  path: Assets/FeonY/Animated Pixel-Art Backgrounds/Art/Animations/Pixel-Art Background 1/frame0080.png
  artifactKey: Guid(9ce5ab7fb1d1042468226810b08b582b) Importer(815301076,1909f56bfc062723c751e8b465ee728b)
Start importing Assets/FeonY/Animated Pixel-Art Backgrounds/Art/Animations/Pixel-Art Background 1/frame0080.png using Guid(9ce5ab7fb1d1042468226810b08b582b) Importer(815301076,1909f56bfc062723c751e8b465ee728b) (PreviewImporter) -> (artifact id: '63f2ab257c5b1c5a6312e955b2af061c') in 0.1146305 seconds
Number of updated asset objects reloaded before import = 0Number of asset objects unloaded after import = 3

========================================================================
Received Import Request.
  Time since last request: 0.025487 seconds.
  path: Assets/FeonY/Animated Pixel-Art Backgrounds/Art/Animations/Pixel-Art Background 2/frame0072.png
  artifactKey: Guid(431644b7d9cc8354a896fe9c6644d7b6) Importer(815301076,1909f56bfc062723c751e8b465ee728b)
Start importing Assets/FeonY/Animated Pixel-Art Backgrounds/Art/Animations/Pixel-Art Background 2/frame0072.png using Guid(431644b7d9cc8354a896fe9c6644d7b6) Importer(815301076,1909f56bfc062723c751e8b465ee728b) (PreviewImporter) -> (artifact id: '24a5825576fe5f0255d79d109bab4bf6') in 0.0249324 seconds
Number of updated asset objects reloaded before import = 0Number of asset objects unloaded after import = 3

========================================================================
Received Import Request.
  Time since last request: 0.010126 seconds.
  path: Assets/FeonY/Animated Pixel-Art Backgrounds/Art/Animations/Pixel-Art Background 1/frame0073.png
  artifactKey: Guid(17e2151ec3e42904fb41a2962282eb1a) Importer(815301076,1909f56bfc062723c751e8b465ee728b)
Start importing Assets/FeonY/Animated Pixel-Art Backgrounds/Art/Animations/Pixel-Art Background 1/frame0073.png using Guid(17e2151ec3e42904fb41a2962282eb1a) Importer(815301076,1909f56bfc062723c751e8b465ee728b) (PreviewImporter) -> (artifact id: '8e4426fbf68d71f26c6d1791ecc3c601') in 0.0521796 seconds
Number of updated asset objects reloaded before import = 0Number of asset objects unloaded after import = 3

========================================================================
Received Import Request.
  Time since last request: 0.000049 seconds.
  path: Assets/FeonY/Animated Pixel-Art Backgrounds/Art/Animations/Pixel-Art Background 3/frame0073.png
  artifactKey: Guid(75d5a09193aed2d498fc43a2fcfb5e0e) Importer(815301076,1909f56bfc062723c751e8b465ee728b)
Start importing Assets/FeonY/Animated Pixel-Art Backgrounds/Art/Animations/Pixel-Art Background 3/frame0073.png using Guid(75d5a09193aed2d498fc43a2fcfb5e0e) Importer(815301076,1909f56bfc062723c751e8b465ee728b) (PreviewImporter) -> (artifact id: '40b569f79e2ef07cf9411eeb18ff3e35') in 0.0830639 seconds
Number of updated asset objects reloaded before import = 0Number of asset objects unloaded after import = 3

========================================================================
Received Import Request.
  Time since last request: 0.000036 seconds.
  path: Assets/FeonY/Animated Pixel-Art Backgrounds/Art/Animations/Pixel-Art Background 2/frame0073.png
  artifactKey: Guid(5dffef1ba31dc1a4dbac8e1f551c53a5) Importer(815301076,1909f56bfc062723c751e8b465ee728b)
Start importing Assets/FeonY/Animated Pixel-Art Backgrounds/Art/Animations/Pixel-Art Background 2/frame0073.png using Guid(5dffef1ba31dc1a4dbac8e1f551c53a5) Importer(815301076,1909f56bfc062723c751e8b465ee728b) (PreviewImporter) -> (artifact id: '6523b03012db77be0c60891d62c3f7f1') in 0.0713435 seconds
Number of updated asset objects reloaded before import = 0Number of asset objects unloaded after import = 3

========================================================================
Received Import Request.
  Time since last request: 0.026382 seconds.
  path: Assets/FeonY/Animated Pixel-Art Backgrounds/Art/Animations/Pixel-Art Background 3/frame0074.png
  artifactKey: Guid(e72ffc0c4b4f4104a8960fbc97dd3ecc) Importer(815301076,1909f56bfc062723c751e8b465ee728b)
Start importing Assets/FeonY/Animated Pixel-Art Backgrounds/Art/Animations/Pixel-Art Background 3/frame0074.png using Guid(e72ffc0c4b4f4104a8960fbc97dd3ecc) Importer(815301076,1909f56bfc062723c751e8b465ee728b) (PreviewImporter) -> (artifact id: '8749f433796233979d3d781502e5467e') in 0.0271674 seconds
Number of updated asset objects reloaded before import = 0Number of asset objects unloaded after import = 3

========================================================================
Received Import Request.
  Time since last request: 0.028441 seconds.
  path: Assets/FeonY/Animated Pixel-Art Backgrounds/Art/Animations/Pixel-Art Background 2/frame0074.png
  artifactKey: Guid(d182895d8e6af1e44ab56c554f21b731) Importer(815301076,1909f56bfc062723c751e8b465ee728b)
Start importing Assets/FeonY/Animated Pixel-Art Backgrounds/Art/Animations/Pixel-Art Background 2/frame0074.png using Guid(d182895d8e6af1e44ab56c554f21b731) Importer(815301076,1909f56bfc062723c751e8b465ee728b) (PreviewImporter) -> (artifact id: '65855a45d2e23c1dcaddbac23a33f509') in 0.0252861 seconds
Number of updated asset objects reloaded before import = 0Number of asset objects unloaded after import = 3

========================================================================
Received Import Request.
  Time since last request: 0.050855 seconds.
  path: Assets/FeonY/Animated Pixel-Art Backgrounds/Art/Animations/Pixel-Art Background 3/frame0075.png
  artifactKey: Guid(34e7cc304d0930a41af2b78647bb374b) Importer(815301076,1909f56bfc062723c751e8b465ee728b)
Start importing Assets/FeonY/Animated Pixel-Art Backgrounds/Art/Animations/Pixel-Art Background 3/frame0075.png using Guid(34e7cc304d0930a41af2b78647bb374b) Importer(815301076,1909f56bfc062723c751e8b465ee728b) (PreviewImporter) -> (artifact id: 'a6a80098f6f915d17235afc5eddf4adb') in 0.0257676 seconds
Number of updated asset objects reloaded before import = 0Number of asset objects unloaded after import = 3

========================================================================
Received Import Request.
  Time since last request: 0.013970 seconds.
  path: Assets/FeonY/Animated Pixel-Art Backgrounds/Art/Animations/Pixel-Art Background 1/frame0075.png
  artifactKey: Guid(77dd3c95326b38448af527c17b27095c) Importer(815301076,1909f56bfc062723c751e8b465ee728b)
Start importing Assets/FeonY/Animated Pixel-Art Backgrounds/Art/Animations/Pixel-Art Background 1/frame0075.png using Guid(77dd3c95326b38448af527c17b27095c) Importer(815301076,1909f56bfc062723c751e8b465ee728b) (PreviewImporter) -> (artifact id: 'e8f56660faf356725b0acc3f07082e0c') in 0.0267158 seconds
Number of updated asset objects reloaded before import = 0Number of asset objects unloaded after import = 3

========================================================================
Received Import Request.
  Time since last request: 0.005226 seconds.
  path: Assets/FeonY/Animated Pixel-Art Backgrounds/Art/Animations/Pixel-Art Background 2/frame0075.png
  artifactKey: Guid(8040998ea6de7284391fb35bac7f08e4) Importer(815301076,1909f56bfc062723c751e8b465ee728b)
Start importing Assets/FeonY/Animated Pixel-Art Backgrounds/Art/Animations/Pixel-Art Background 2/frame0075.png using Guid(8040998ea6de7284391fb35bac7f08e4) Importer(815301076,1909f56bfc062723c751e8b465ee728b) (PreviewImporter) -> (artifact id: 'a498babbfad15599c8cf9511cd024fc8') in 0.0253908 seconds
Number of updated asset objects reloaded before import = 0Number of asset objects unloaded after import = 3

========================================================================
Received Import Request.
  Time since last request: 0.000042 seconds.
  path: Assets/FeonY/Animated Pixel-Art Backgrounds/Art/Animations/Pixel-Art Background 1/frame0076.png
  artifactKey: Guid(8c2ff174ae2d4764494a328349ebf7d7) Importer(815301076,1909f56bfc062723c751e8b465ee728b)
Start importing Assets/FeonY/Animated Pixel-Art Backgrounds/Art/Animations/Pixel-Art Background 1/frame0076.png using Guid(8c2ff174ae2d4764494a328349ebf7d7) Importer(815301076,1909f56bfc062723c751e8b465ee728b) (PreviewImporter) -> (artifact id: 'e00982906f9e5fc3d4f287a82c688da7') in 0.0237935 seconds
Number of updated asset objects reloaded before import = 0Number of asset objects unloaded after import = 3

========================================================================
Received Import Request.
  Time since last request: 0.028585 seconds.
  path: Assets/FeonY/Animated Pixel-Art Backgrounds/Art/Animations/Pixel-Art Background 3/frame0076.png
  artifactKey: Guid(62a8a80482e381744a60f75da059523d) Importer(815301076,1909f56bfc062723c751e8b465ee728b)
Start importing Assets/FeonY/Animated Pixel-Art Backgrounds/Art/Animations/Pixel-Art Background 3/frame0076.png using Guid(62a8a80482e381744a60f75da059523d) Importer(815301076,1909f56bfc062723c751e8b465ee728b) (PreviewImporter) -> (artifact id: '7e9379c4c308e7d9124ae1ddfd2bafb6') in 0.0587566 seconds
Number of updated asset objects reloaded before import = 0Number of asset objects unloaded after import = 3

========================================================================
Received Import Request.
  Time since last request: 0.000031 seconds.
  path: Assets/FeonY/Animated Pixel-Art Backgrounds/Art/Animations/Pixel-Art Background 2/frame0067.png
  artifactKey: Guid(3720ec10d26694c4388e612ae46aa600) Importer(815301076,1909f56bfc062723c751e8b465ee728b)
Start importing Assets/FeonY/Animated Pixel-Art Backgrounds/Art/Animations/Pixel-Art Background 2/frame0067.png using Guid(3720ec10d26694c4388e612ae46aa600) Importer(815301076,1909f56bfc062723c751e8b465ee728b) (PreviewImporter) -> (artifact id: 'd25bfed1907642439089398dc5bece96') in 0.0266307 seconds
Number of updated asset objects reloaded before import = 0Number of asset objects unloaded after import = 3

========================================================================
Received Import Request.
  Time since last request: 0.000035 seconds.
  path: Assets/FeonY/Animated Pixel-Art Backgrounds/Art/Animations/Pixel-Art Background 3/frame0067.png
  artifactKey: Guid(d0375f6950892e94090e3dac16cc9943) Importer(815301076,1909f56bfc062723c751e8b465ee728b)
Start importing Assets/FeonY/Animated Pixel-Art Backgrounds/Art/Animations/Pixel-Art Background 3/frame0067.png using Guid(d0375f6950892e94090e3dac16cc9943) Importer(815301076,1909f56bfc062723c751e8b465ee728b) (PreviewImporter) -> (artifact id: 'b62e45feca9f06a30e91ea10dab9dd88') in 0.0262485 seconds
Number of updated asset objects reloaded before import = 0Number of asset objects unloaded after import = 3

========================================================================
Received Import Request.
  Time since last request: 0.014001 seconds.
  path: Assets/FeonY/Animated Pixel-Art Backgrounds/Art/Animations/Pixel-Art Background 1/frame0068.png
  artifactKey: Guid(5c742a66a3d7ecc459fe30f1204baa6f) Importer(815301076,1909f56bfc062723c751e8b465ee728b)
Start importing Assets/FeonY/Animated Pixel-Art Backgrounds/Art/Animations/Pixel-Art Background 1/frame0068.png using Guid(5c742a66a3d7ecc459fe30f1204baa6f) Importer(815301076,1909f56bfc062723c751e8b465ee728b) (PreviewImporter) -> (artifact id: '6e1cc0f78beb6c787623040f03c262d1') in 0.0273498 seconds
Number of updated asset objects reloaded before import = 0Number of asset objects unloaded after import = 3

========================================================================
Received Import Request.
  Time since last request: 0.000032 seconds.
  path: Assets/FeonY/Animated Pixel-Art Backgrounds/Art/Animations/Pixel-Art Background 3/frame0068.png
  artifactKey: Guid(397216ee5b463f5489cc20df3561491c) Importer(815301076,1909f56bfc062723c751e8b465ee728b)
Start importing Assets/FeonY/Animated Pixel-Art Backgrounds/Art/Animations/Pixel-Art Background 3/frame0068.png using Guid(397216ee5b463f5489cc20df3561491c) Importer(815301076,1909f56bfc062723c751e8b465ee728b) (PreviewImporter) -> (artifact id: '0b916f78d16cd90f6f2eb4a4a5bc85ab') in 0.0326643 seconds
Number of updated asset objects reloaded before import = 0Number of asset objects unloaded after import = 3

========================================================================
Received Import Request.
  Time since last request: 0.000039 seconds.
  path: Assets/FeonY/Animated Pixel-Art Backgrounds/Art/Animations/Pixel-Art Background 1/frame0069.png
  artifactKey: Guid(f958e78c3fcd1e049b0e5830bec1787a) Importer(815301076,1909f56bfc062723c751e8b465ee728b)
Start importing Assets/FeonY/Animated Pixel-Art Backgrounds/Art/Animations/Pixel-Art Background 1/frame0069.png using Guid(f958e78c3fcd1e049b0e5830bec1787a) Importer(815301076,1909f56bfc062723c751e8b465ee728b) (PreviewImporter) -> (artifact id: '19227c2fa23bae7a33540d7b73ec41ad') in 0.0336005 seconds
Number of updated asset objects reloaded before import = 0Number of asset objects unloaded after import = 3

========================================================================
Received Import Request.
  Time since last request: 0.013208 seconds.
  path: Assets/FeonY/Animated Pixel-Art Backgrounds/Art/Animations/Pixel-Art Background 3/frame0069.png
  artifactKey: Guid(9df8336d8a29c034b8ce3fb52c403499) Importer(815301076,1909f56bfc062723c751e8b465ee728b)
Start importing Assets/FeonY/Animated Pixel-Art Backgrounds/Art/Animations/Pixel-Art Background 3/frame0069.png using Guid(9df8336d8a29c034b8ce3fb52c403499) Importer(815301076,1909f56bfc062723c751e8b465ee728b) (PreviewImporter) -> (artifact id: 'a98b7476c96922857fc8e3597a63e7a3') in 0.0253377 seconds
Number of updated asset objects reloaded before import = 0Number of asset objects unloaded after import = 3

========================================================================
Received Import Request.
  Time since last request: 0.006194 seconds.
  path: Assets/FeonY/Animated Pixel-Art Backgrounds/Art/Animations/Pixel-Art Background 1/frame0070.png
  artifactKey: Guid(57e33d11a56b7ff429a9a584c066e99e) Importer(815301076,1909f56bfc062723c751e8b465ee728b)
Start importing Assets/FeonY/Animated Pixel-Art Backgrounds/Art/Animations/Pixel-Art Background 1/frame0070.png using Guid(57e33d11a56b7ff429a9a584c066e99e) Importer(815301076,1909f56bfc062723c751e8b465ee728b) (PreviewImporter) -> (artifact id: 'fd5d59b36b3f5d489f9a67cc8ef5cd63') in 0.0247628 seconds
Number of updated asset objects reloaded before import = 0Number of asset objects unloaded after import = 3

========================================================================
Received Import Request.
  Time since last request: 0.010768 seconds.
  path: Assets/FeonY/Animated Pixel-Art Backgrounds/Art/Animations/Pixel-Art Background 3/frame0070.png
  artifactKey: Guid(b74c66791b296bb43a013abc459a69b3) Importer(815301076,1909f56bfc062723c751e8b465ee728b)
Start importing Assets/FeonY/Animated Pixel-Art Backgrounds/Art/Animations/Pixel-Art Background 3/frame0070.png using Guid(b74c66791b296bb43a013abc459a69b3) Importer(815301076,1909f56bfc062723c751e8b465ee728b) (PreviewImporter) -> (artifact id: '59b11c0a664dfd4726318b917502031e') in 0.0329191 seconds
Number of updated asset objects reloaded before import = 0Number of asset objects unloaded after import = 3

========================================================================
Received Import Request.
  Time since last request: 0.000037 seconds.
  path: Assets/FeonY/Animated Pixel-Art Backgrounds/Art/Animations/Pixel-Art Background 2/frame0070.png
  artifactKey: Guid(a9a1afac2e0470f418bf9c0f45ec4c30) Importer(815301076,1909f56bfc062723c751e8b465ee728b)
Start importing Assets/FeonY/Animated Pixel-Art Backgrounds/Art/Animations/Pixel-Art Background 2/frame0070.png using Guid(a9a1afac2e0470f418bf9c0f45ec4c30) Importer(815301076,1909f56bfc062723c751e8b465ee728b) (PreviewImporter) -> (artifact id: '65b5e877d5a3a3d8c528ae4ad8c097e1') in 0.0561102 seconds
Number of updated asset objects reloaded before import = 0Number of asset objects unloaded after import = 3

========================================================================
Received Import Request.
  Time since last request: 0.002353 seconds.
  path: Assets/FeonY/Animated Pixel-Art Backgrounds/Art/Animations/Pixel-Art Background 3/frame0071.png
  artifactKey: Guid(8bb74a9e588cfbe4cbea750ece243f56) Importer(815301076,1909f56bfc062723c751e8b465ee728b)
Start importing Assets/FeonY/Animated Pixel-Art Backgrounds/Art/Animations/Pixel-Art Background 3/frame0071.png using Guid(8bb74a9e588cfbe4cbea750ece243f56) Importer(815301076,1909f56bfc062723c751e8b465ee728b) (PreviewImporter) -> (artifact id: '2e1277651046c84847a10a77c3fc1b6a') in 0.0275817 seconds
Number of updated asset objects reloaded before import = 0Number of asset objects unloaded after import = 3

========================================================================
Received Import Request.
  Time since last request: 0.000757 seconds.
  path: Assets/FeonY/Animated Pixel-Art Backgrounds/Art/Animations/Pixel-Art Background 2/frame0071.png
  artifactKey: Guid(72dead20587b39346ad1a4ab1b677f23) Importer(815301076,1909f56bfc062723c751e8b465ee728b)
Start importing Assets/FeonY/Animated Pixel-Art Backgrounds/Art/Animations/Pixel-Art Background 2/frame0071.png using Guid(72dead20587b39346ad1a4ab1b677f23) Importer(815301076,1909f56bfc062723c751e8b465ee728b) (PreviewImporter) -> (artifact id: '073f4ab8fe63fd4b11c8c0d9aa7de0fb') in 0.0270643 seconds
Number of updated asset objects reloaded before import = 0Number of asset objects unloaded after import = 3

========================================================================
Received Import Request.
  Time since last request: 0.000027 seconds.
  path: Assets/FeonY/Animated Pixel-Art Backgrounds/Art/Animations/Pixel-Art Background 3/frame0072.png
  artifactKey: Guid(348e8fadefb46e84fb5d9a7c73970b44) Importer(815301076,1909f56bfc062723c751e8b465ee728b)
Start importing Assets/FeonY/Animated Pixel-Art Backgrounds/Art/Animations/Pixel-Art Background 3/frame0072.png using Guid(348e8fadefb46e84fb5d9a7c73970b44) Importer(815301076,1909f56bfc062723c751e8b465ee728b) (PreviewImporter) -> (artifact id: 'dff87e91cf2e76e41c3690d4b102d7bc') in 0.0231168 seconds
Number of updated asset objects reloaded before import = 0Number of asset objects unloaded after import = 3

========================================================================
Received Import Request.
  Time since last request: 0.012125 seconds.
  path: Assets/FeonY/Animated Pixel-Art Backgrounds/Art/Animations/Pixel-Art Background 1/frame0072.png
  artifactKey: Guid(2c5e034986442db4aa85386b8c9c97e6) Importer(815301076,1909f56bfc062723c751e8b465ee728b)
Start importing Assets/FeonY/Animated Pixel-Art Backgrounds/Art/Animations/Pixel-Art Background 1/frame0072.png using Guid(2c5e034986442db4aa85386b8c9c97e6) Importer(815301076,1909f56bfc062723c751e8b465ee728b) (PreviewImporter) -> (artifact id: '00c365d71ebcf8c1a84e230f03f35737') in 0.0280465 seconds
Number of updated asset objects reloaded before import = 0Number of asset objects unloaded after import = 3

========================================================================
Received Import Request.
  Time since last request: 0.012036 seconds.
  path: Assets/FeonY/Animated Pixel-Art Backgrounds/Art/Animations/Pixel-Art Background 4/frame0064.png
  artifactKey: Guid(96f62ec4bdb5fd440889694f4f360d05) Importer(815301076,1909f56bfc062723c751e8b465ee728b)
Start importing Assets/FeonY/Animated Pixel-Art Backgrounds/Art/Animations/Pixel-Art Background 4/frame0064.png using Guid(96f62ec4bdb5fd440889694f4f360d05) Importer(815301076,1909f56bfc062723c751e8b465ee728b) (PreviewImporter) -> (artifact id: '40d16c286764c7625ea1995e104e4f7b') in 0.0621589 seconds
Number of updated asset objects reloaded before import = 0Number of asset objects unloaded after import = 3

========================================================================
Received Import Request.
  Time since last request: 0.000039 seconds.
  path: Assets/FeonY/Animated Pixel-Art Backgrounds/Art/Animations/Pixel-Art Background 3/frame0064.png
  artifactKey: Guid(52ad1b30d4925ee42ae9c581395ddaf3) Importer(815301076,1909f56bfc062723c751e8b465ee728b)
Start importing Assets/FeonY/Animated Pixel-Art Backgrounds/Art/Animations/Pixel-Art Background 3/frame0064.png using Guid(52ad1b30d4925ee42ae9c581395ddaf3) Importer(815301076,1909f56bfc062723c751e8b465ee728b) (PreviewImporter) -> (artifact id: 'f5c0aae40de567b0e724c734fdc305a1') in 0.0953408 seconds
Number of updated asset objects reloaded before import = 0Number of asset objects unloaded after import = 3

========================================================================
Received Import Request.
  Time since last request: 0.004597 seconds.
  path: Assets/FeonY/Animated Pixel-Art Backgrounds/Art/Animations/Pixel-Art Background 4/frame0065.png
  artifactKey: Guid(32ef433413458584b85a736c69d791c2) Importer(815301076,1909f56bfc062723c751e8b465ee728b)
Start importing Assets/FeonY/Animated Pixel-Art Backgrounds/Art/Animations/Pixel-Art Background 4/frame0065.png using Guid(32ef433413458584b85a736c69d791c2) Importer(815301076,1909f56bfc062723c751e8b465ee728b) (PreviewImporter) -> (artifact id: '4b02641d840a8ea52ac8a3a17e0e7161') in 0.0585589 seconds
Number of updated asset objects reloaded before import = 0Number of asset objects unloaded after import = 3

========================================================================
Received Import Request.
  Time since last request: 0.024523 seconds.
  path: Assets/FeonY/Animated Pixel-Art Backgrounds/Art/Animations/Pixel-Art Background 1/frame0065.png
  artifactKey: Guid(c91a2fc58b358a74c891a06a855212d4) Importer(815301076,1909f56bfc062723c751e8b465ee728b)
Start importing Assets/FeonY/Animated Pixel-Art Backgrounds/Art/Animations/Pixel-Art Background 1/frame0065.png using Guid(c91a2fc58b358a74c891a06a855212d4) Importer(815301076,1909f56bfc062723c751e8b465ee728b) (PreviewImporter) -> (artifact id: '35f1a9be02858295e26fc97b5421ce64') in 0.0260014 seconds
Number of updated asset objects reloaded before import = 0Number of asset objects unloaded after import = 3

========================================================================
Received Import Request.
  Time since last request: 0.000037 seconds.
  path: Assets/FeonY/Animated Pixel-Art Backgrounds/Art/Animations/Pixel-Art Background 3/frame0065.png
  artifactKey: Guid(313b1014248c3a7459e465f5afcd58d5) Importer(815301076,1909f56bfc062723c751e8b465ee728b)
Start importing Assets/FeonY/Animated Pixel-Art Backgrounds/Art/Animations/Pixel-Art Background 3/frame0065.png using Guid(313b1014248c3a7459e465f5afcd58d5) Importer(815301076,1909f56bfc062723c751e8b465ee728b) (PreviewImporter) -> (artifact id: 'e905d46fb97598ad79990eb96841be46') in 0.0327288 seconds
Number of updated asset objects reloaded before import = 0Number of asset objects unloaded after import = 3

========================================================================
Received Import Request.
  Time since last request: 0.065898 seconds.
  path: Assets/FeonY/Animated Pixel-Art Backgrounds/Art/Animations/Pixel-Art Background 2/frame0066.png
  artifactKey: Guid(f54edc86f0b0adf48b33f1879c270c53) Importer(815301076,1909f56bfc062723c751e8b465ee728b)
Start importing Assets/FeonY/Animated Pixel-Art Backgrounds/Art/Animations/Pixel-Art Background 2/frame0066.png using Guid(f54edc86f0b0adf48b33f1879c270c53) Importer(815301076,1909f56bfc062723c751e8b465ee728b) (PreviewImporter) -> (artifact id: '3e0e6db2fdc24ff563d63ea66c4e7d59') in 0.0245361 seconds
Number of updated asset objects reloaded before import = 0Number of asset objects unloaded after import = 3

========================================================================
Received Import Request.
  Time since last request: 0.000039 seconds.
  path: Assets/FeonY/Animated Pixel-Art Backgrounds/Art/Animations/Pixel-Art Background 1/frame0066.png
  artifactKey: Guid(c955e9168de09cd4096cb5cb25c138dc) Importer(815301076,1909f56bfc062723c751e8b465ee728b)
Start importing Assets/FeonY/Animated Pixel-Art Backgrounds/Art/Animations/Pixel-Art Background 1/frame0066.png using Guid(c955e9168de09cd4096cb5cb25c138dc) Importer(815301076,1909f56bfc062723c751e8b465ee728b) (PreviewImporter) -> (artifact id: 'fc95efa4246ce9beceebe1e4b886eb0e') in 0.0262243 seconds
Number of updated asset objects reloaded before import = 0Number of asset objects unloaded after import = 3

========================================================================
Received Import Request.
  Time since last request: 0.000034 seconds.
  path: Assets/FeonY/Animated Pixel-Art Backgrounds/Art/Animations/Pixel-Art Background 3/frame0066.png
  artifactKey: Guid(ba6ac65b0ff26e34aa8147830942d8d2) Importer(815301076,1909f56bfc062723c751e8b465ee728b)
Start importing Assets/FeonY/Animated Pixel-Art Backgrounds/Art/Animations/Pixel-Art Background 3/frame0066.png using Guid(ba6ac65b0ff26e34aa8147830942d8d2) Importer(815301076,1909f56bfc062723c751e8b465ee728b) (PreviewImporter) -> (artifact id: '46eeb65b595e58159380768b59cd6034') in 0.0272616 seconds
Number of updated asset objects reloaded before import = 0Number of asset objects unloaded after import = 3

========================================================================
Received Import Request.
  Time since last request: 0.000055 seconds.
  path: Assets/FeonY/Animated Pixel-Art Backgrounds/Art/Animations/Pixel-Art Background 1/frame0067.png
  artifactKey: Guid(af95e8055a0c7bc449843c7e2a437ea4) Importer(815301076,1909f56bfc062723c751e8b465ee728b)
Start importing Assets/FeonY/Animated Pixel-Art Backgrounds/Art/Animations/Pixel-Art Background 1/frame0067.png using Guid(af95e8055a0c7bc449843c7e2a437ea4) Importer(815301076,1909f56bfc062723c751e8b465ee728b) (PreviewImporter) -> (artifact id: '9a445d95a5ea6adf961288a3fc525387') in 0.0362382 seconds
Number of updated asset objects reloaded before import = 0Number of asset objects unloaded after import = 3

========================================================================
Received Import Request.
  Time since last request: 0.005259 seconds.
  path: Assets/FeonY/Animated Pixel-Art Backgrounds/Art/Animations/Pixel-Art Background 4/frame0058.png
  artifactKey: Guid(77f65498be0943b419c4c7e5b918d4e1) Importer(815301076,1909f56bfc062723c751e8b465ee728b)
Start importing Assets/FeonY/Animated Pixel-Art Backgrounds/Art/Animations/Pixel-Art Background 4/frame0058.png using Guid(77f65498be0943b419c4c7e5b918d4e1) Importer(815301076,1909f56bfc062723c751e8b465ee728b) (PreviewImporter) -> (artifact id: '0fa8ef7fcffa878b5eec23d863c59a4c') in 0.037238 seconds
Number of updated asset objects reloaded before import = 0Number of asset objects unloaded after import = 3

========================================================================
Received Import Request.
  Time since last request: 0.033330 seconds.
  path: Assets/FeonY/Animated Pixel-Art Backgrounds/Art/Animations/Pixel-Art Background 2/frame0058.png
  artifactKey: Guid(0fa707ef7d49bed4481b5ecb89b0e62c) Importer(815301076,1909f56bfc062723c751e8b465ee728b)
Start importing Assets/FeonY/Animated Pixel-Art Backgrounds/Art/Animations/Pixel-Art Background 2/frame0058.png using Guid(0fa707ef7d49bed4481b5ecb89b0e62c) Importer(815301076,1909f56bfc062723c751e8b465ee728b) (PreviewImporter) -> (artifact id: '8c41a7c3482c346fb1cd123b210655c9') in 0.0248394 seconds
Number of updated asset objects reloaded before import = 0Number of asset objects unloaded after import = 3

========================================================================
Received Import Request.
  Time since last request: 0.055736 seconds.
  path: Assets/FeonY/Animated Pixel-Art Backgrounds/Art/Animations/Pixel-Art Background 2/frame0059.png
  artifactKey: Guid(3916ec9a3c45ddc43985437ec3c5c3f0) Importer(815301076,1909f56bfc062723c751e8b465ee728b)
Start importing Assets/FeonY/Animated Pixel-Art Backgrounds/Art/Animations/Pixel-Art Background 2/frame0059.png using Guid(3916ec9a3c45ddc43985437ec3c5c3f0) Importer(815301076,1909f56bfc062723c751e8b465ee728b) (PreviewImporter) -> (artifact id: 'e9e49ae8174a12615a149644c611b072') in 0.0698491 seconds
Number of updated asset objects reloaded before import = 0Number of asset objects unloaded after import = 3

========================================================================
Received Import Request.
  Time since last request: 0.046704 seconds.
  path: Assets/FeonY/Animated Pixel-Art Backgrounds/Art/Animations/Pixel-Art Background 4/frame0059.png
  artifactKey: Guid(624c078dcbea2f444ac41718950a79bd) Importer(815301076,1909f56bfc062723c751e8b465ee728b)
Start importing Assets/FeonY/Animated Pixel-Art Backgrounds/Art/Animations/Pixel-Art Background 4/frame0059.png using Guid(624c078dcbea2f444ac41718950a79bd) Importer(815301076,1909f56bfc062723c751e8b465ee728b) (PreviewImporter) -> (artifact id: 'e7b1662760ca82479cba365833c8b0ea') in 0.070167 seconds
Number of updated asset objects reloaded before import = 0Number of asset objects unloaded after import = 3

========================================================================
Received Import Request.
  Time since last request: 0.045599 seconds.
  path: Assets/FeonY/Animated Pixel-Art Backgrounds/Art/Animations/Pixel-Art Background 2/frame0060.png
  artifactKey: Guid(7cc1e56b02a181d4b9a40632b5a32a99) Importer(815301076,1909f56bfc062723c751e8b465ee728b)
Start importing Assets/FeonY/Animated Pixel-Art Backgrounds/Art/Animations/Pixel-Art Background 2/frame0060.png using Guid(7cc1e56b02a181d4b9a40632b5a32a99) Importer(815301076,1909f56bfc062723c751e8b465ee728b) (PreviewImporter) -> (artifact id: 'fe312d86499c3f3c28eab831ba2fd044') in 0.059207 seconds
Number of updated asset objects reloaded before import = 0Number of asset objects unloaded after import = 3

========================================================================
Received Import Request.
  Time since last request: 0.000043 seconds.
  path: Assets/FeonY/Animated Pixel-Art Backgrounds/Art/Animations/Pixel-Art Background 4/frame0060.png
  artifactKey: Guid(a1b23cd9663b0f447bdb33793c0ae77c) Importer(815301076,1909f56bfc062723c751e8b465ee728b)
Start importing Assets/FeonY/Animated Pixel-Art Backgrounds/Art/Animations/Pixel-Art Background 4/frame0060.png using Guid(a1b23cd9663b0f447bdb33793c0ae77c) Importer(815301076,1909f56bfc062723c751e8b465ee728b) (PreviewImporter) -> (artifact id: 'e1735220f73425091dffeb3f9d993446') in 0.0731342 seconds
Number of updated asset objects reloaded before import = 0Number of asset objects unloaded after import = 3

========================================================================
Received Import Request.
  Time since last request: 0.000040 seconds.
  path: Assets/FeonY/Animated Pixel-Art Backgrounds/Art/Animations/Pixel-Art Background 1/frame0060.png
  artifactKey: Guid(ccc063dd8b6387747826323d1fe192e4) Importer(815301076,1909f56bfc062723c751e8b465ee728b)
Start importing Assets/FeonY/Animated Pixel-Art Backgrounds/Art/Animations/Pixel-Art Background 1/frame0060.png using Guid(ccc063dd8b6387747826323d1fe192e4) Importer(815301076,1909f56bfc062723c751e8b465ee728b) (PreviewImporter) -> (artifact id: '06838489f8ed0acbc9561da564c6d534') in 0.0248342 seconds
Number of updated asset objects reloaded before import = 0Number of asset objects unloaded after import = 3

========================================================================
Received Import Request.
  Time since last request: 0.000049 seconds.
  path: Assets/FeonY/Animated Pixel-Art Backgrounds/Art/Animations/Pixel-Art Background 3/frame0060.png
  artifactKey: Guid(5275a438efe1230419995e95992a5abd) Importer(815301076,1909f56bfc062723c751e8b465ee728b)
Start importing Assets/FeonY/Animated Pixel-Art Backgrounds/Art/Animations/Pixel-Art Background 3/frame0060.png using Guid(5275a438efe1230419995e95992a5abd) Importer(815301076,1909f56bfc062723c751e8b465ee728b) (PreviewImporter) -> (artifact id: 'd1f49376b11e7e71889ccb0bba6b12d7') in 0.0465527 seconds
Number of updated asset objects reloaded before import = 0Number of asset objects unloaded after import = 3

========================================================================
Received Import Request.
  Time since last request: 0.012105 seconds.
  path: Assets/FeonY/Animated Pixel-Art Backgrounds/Art/Animations/Pixel-Art Background 4/frame0061.png
  artifactKey: Guid(0e20a9f3f46a6884cad5c192b9b2adaa) Importer(815301076,1909f56bfc062723c751e8b465ee728b)
Start importing Assets/FeonY/Animated Pixel-Art Backgrounds/Art/Animations/Pixel-Art Background 4/frame0061.png using Guid(0e20a9f3f46a6884cad5c192b9b2adaa) Importer(815301076,1909f56bfc062723c751e8b465ee728b) (PreviewImporter) -> (artifact id: '11eed803e205f05f7401f8862e3f92cd') in 0.0667571 seconds
Number of updated asset objects reloaded before import = 0Number of asset objects unloaded after import = 3

========================================================================
Received Import Request.
  Time since last request: 0.047247 seconds.
  path: Assets/FeonY/Animated Pixel-Art Backgrounds/Art/Animations/Pixel-Art Background 3/frame0061.png
  artifactKey: Guid(83f0b1600db1a174082ec7b1e886b5b4) Importer(815301076,1909f56bfc062723c751e8b465ee728b)
Start importing Assets/FeonY/Animated Pixel-Art Backgrounds/Art/Animations/Pixel-Art Background 3/frame0061.png using Guid(83f0b1600db1a174082ec7b1e886b5b4) Importer(815301076,1909f56bfc062723c751e8b465ee728b) (PreviewImporter) -> (artifact id: '2ead23a108ca246eb016e4085351f787') in 0.0343559 seconds
Number of updated asset objects reloaded before import = 0Number of asset objects unloaded after import = 3

========================================================================
Received Import Request.
  Time since last request: 0.028285 seconds.
  path: Assets/FeonY/Animated Pixel-Art Backgrounds/Art/Animations/Pixel-Art Background 2/frame0062.png
  artifactKey: Guid(92ba351e717a1f84f9d9b4986cd75938) Importer(815301076,1909f56bfc062723c751e8b465ee728b)
Start importing Assets/FeonY/Animated Pixel-Art Backgrounds/Art/Animations/Pixel-Art Background 2/frame0062.png using Guid(92ba351e717a1f84f9d9b4986cd75938) Importer(815301076,1909f56bfc062723c751e8b465ee728b) (PreviewImporter) -> (artifact id: '39caf23ce1b1813c7e09ca8d0201eade') in 0.0239341 seconds
Number of updated asset objects reloaded before import = 0Number of asset objects unloaded after import = 3

========================================================================
Received Import Request.
  Time since last request: 0.000047 seconds.
  path: Assets/FeonY/Animated Pixel-Art Backgrounds/Art/Animations/Pixel-Art Background 4/frame0062.png
  artifactKey: Guid(2f3cbcc7bf0416649b40d69cde955e2b) Importer(815301076,1909f56bfc062723c751e8b465ee728b)
Start importing Assets/FeonY/Animated Pixel-Art Backgrounds/Art/Animations/Pixel-Art Background 4/frame0062.png using Guid(2f3cbcc7bf0416649b40d69cde955e2b) Importer(815301076,1909f56bfc062723c751e8b465ee728b) (PreviewImporter) -> (artifact id: 'f9f2f02873a58671ab9545d1d884e841') in 0.1314114 seconds
Number of updated asset objects reloaded before import = 0Number of asset objects unloaded after import = 3

========================================================================
Received Import Request.
  Time since last request: 0.000058 seconds.
  path: Assets/FeonY/Animated Pixel-Art Backgrounds/Art/Animations/Pixel-Art Background 3/frame0062.png
  artifactKey: Guid(e0abe05f5ef02db4e9455531499cd56b) Importer(815301076,1909f56bfc062723c751e8b465ee728b)
Start importing Assets/FeonY/Animated Pixel-Art Backgrounds/Art/Animations/Pixel-Art Background 3/frame0062.png using Guid(e0abe05f5ef02db4e9455531499cd56b) Importer(815301076,1909f56bfc062723c751e8b465ee728b) (PreviewImporter) -> (artifact id: '94dd1ad97a8c1159b52cba1524e41050') in 0.0316713 seconds
Number of updated asset objects reloaded before import = 0Number of asset objects unloaded after import = 3

========================================================================
Received Import Request.
  Time since last request: 0.017245 seconds.
  path: Assets/FeonY/Animated Pixel-Art Backgrounds/Art/Animations/Pixel-Art Background 1/frame0063.png
  artifactKey: Guid(2a67b9c15e3a61043bfd5f24b5950d7c) Importer(815301076,1909f56bfc062723c751e8b465ee728b)
Start importing Assets/FeonY/Animated Pixel-Art Backgrounds/Art/Animations/Pixel-Art Background 1/frame0063.png using Guid(2a67b9c15e3a61043bfd5f24b5950d7c) Importer(815301076,1909f56bfc062723c751e8b465ee728b) (PreviewImporter) -> (artifact id: 'ea0363c9e790beed539176031e183745') in 0.027311 seconds
Number of updated asset objects reloaded before import = 0Number of asset objects unloaded after import = 3

========================================================================
Received Import Request.
  Time since last request: 0.000026 seconds.
  path: Assets/FeonY/Animated Pixel-Art Backgrounds/Art/Animations/Pixel-Art Background 2/frame0063.png
  artifactKey: Guid(0ca142b745725b346a985748f71299a8) Importer(815301076,1909f56bfc062723c751e8b465ee728b)
Start importing Assets/FeonY/Animated Pixel-Art Backgrounds/Art/Animations/Pixel-Art Background 2/frame0063.png using Guid(0ca142b745725b346a985748f71299a8) Importer(815301076,1909f56bfc062723c751e8b465ee728b) (PreviewImporter) -> (artifact id: '7c1384d18bceaf91f9971fdb4fd632a9') in 0.0234585 seconds
Number of updated asset objects reloaded before import = 0Number of asset objects unloaded after import = 3

========================================================================
Received Import Request.
  Time since last request: 0.002709 seconds.
  path: Assets/FeonY/Animated Pixel-Art Backgrounds/Art/Animations/Pixel-Art Background 3/frame0063.png
  artifactKey: Guid(77f24b6170140594baadc99834861696) Importer(815301076,1909f56bfc062723c751e8b465ee728b)
Start importing Assets/FeonY/Animated Pixel-Art Backgrounds/Art/Animations/Pixel-Art Background 3/frame0063.png using Guid(77f24b6170140594baadc99834861696) Importer(815301076,1909f56bfc062723c751e8b465ee728b) (PreviewImporter) -> (artifact id: 'ee6e0e5edb16ccabe99ce1f0b548669f') in 0.0276413 seconds
Number of updated asset objects reloaded before import = 0Number of asset objects unloaded after import = 3

========================================================================
Received Import Request.
  Time since last request: 0.083345 seconds.
  path: Assets/FeonY/Animated Pixel-Art Backgrounds/Art/Animations/Pixel-Art Background 2/frame0064.png
  artifactKey: Guid(5436d5faaed41b34db6b6b6507dbe364) Importer(815301076,1909f56bfc062723c751e8b465ee728b)
Start importing Assets/FeonY/Animated Pixel-Art Backgrounds/Art/Animations/Pixel-Art Background 2/frame0064.png using Guid(5436d5faaed41b34db6b6b6507dbe364) Importer(815301076,1909f56bfc062723c751e8b465ee728b) (PreviewImporter) -> (artifact id: '309b38d83148d8ee518cd2e3e165c822') in 0.0391705 seconds
Number of updated asset objects reloaded before import = 0Number of asset objects unloaded after import = 3

========================================================================
Received Import Request.
  Time since last request: 0.027012 seconds.
  path: Assets/FeonY/Animated Pixel-Art Backgrounds/Art/Animations/Pixel-Art Background 4/frame0032.png
  artifactKey: Guid(f262facf311f68f4b974461c0c2b62b3) Importer(815301076,1909f56bfc062723c751e8b465ee728b)
Start importing Assets/FeonY/Animated Pixel-Art Backgrounds/Art/Animations/Pixel-Art Background 4/frame0032.png using Guid(f262facf311f68f4b974461c0c2b62b3) Importer(815301076,1909f56bfc062723c751e8b465ee728b) (PreviewImporter) -> (artifact id: '1de0712ea4cc7af6c407ac11b68abc52') in 0.0546344 seconds
Number of updated asset objects reloaded before import = 0Number of asset objects unloaded after import = 3

========================================================================
Received Import Request.
  Time since last request: 0.034185 seconds.
  path: Assets/FeonY/Animated Pixel-Art Backgrounds/Art/Animations/Pixel-Art Background 1/frame0032.png
  artifactKey: Guid(a2b792c7f4fcf6246b0f2760d6b92ea0) Importer(815301076,1909f56bfc062723c751e8b465ee728b)
Start importing Assets/FeonY/Animated Pixel-Art Backgrounds/Art/Animations/Pixel-Art Background 1/frame0032.png using Guid(a2b792c7f4fcf6246b0f2760d6b92ea0) Importer(815301076,1909f56bfc062723c751e8b465ee728b) (PreviewImporter) -> (artifact id: '8893c891e9d5994596fa9207f3c96855') in 0.0875141 seconds
Number of updated asset objects reloaded before import = 0Number of asset objects unloaded after import = 3

========================================================================
Received Import Request.
  Time since last request: 0.000039 seconds.
  path: Assets/FeonY/Animated Pixel-Art Backgrounds/Art/Animations/Pixel-Art Background 4/frame0033.png
  artifactKey: Guid(9b419afc5a4a7bd43bb32e61bb9c3c52) Importer(815301076,1909f56bfc062723c751e8b465ee728b)
Start importing Assets/FeonY/Animated Pixel-Art Backgrounds/Art/Animations/Pixel-Art Background 4/frame0033.png using Guid(9b419afc5a4a7bd43bb32e61bb9c3c52) Importer(815301076,1909f56bfc062723c751e8b465ee728b) (PreviewImporter) -> (artifact id: 'ac79664261ecfa892529937231833b55') in 0.0619882 seconds
Number of updated asset objects reloaded before import = 0Number of asset objects unloaded after import = 3

========================================================================
Received Import Request.
  Time since last request: 0.013040 seconds.
  path: Assets/FeonY/Animated Pixel-Art Backgrounds/Art/Animations/Pixel-Art Background 1/frame0033.png
  artifactKey: Guid(a5a6b33dadb93d24a94b13a5cd00bc3a) Importer(815301076,1909f56bfc062723c751e8b465ee728b)
Start importing Assets/FeonY/Animated Pixel-Art Backgrounds/Art/Animations/Pixel-Art Background 1/frame0033.png using Guid(a5a6b33dadb93d24a94b13a5cd00bc3a) Importer(815301076,1909f56bfc062723c751e8b465ee728b) (PreviewImporter) -> (artifact id: '63a946da73715297900afd3c4282e391') in 0.0281722 seconds
Number of updated asset objects reloaded before import = 0Number of asset objects unloaded after import = 3

========================================================================
Received Import Request.
  Time since last request: 0.000027 seconds.
  path: Assets/FeonY/Animated Pixel-Art Backgrounds/Art/Animations/Pixel-Art Background 2/frame0034.png
  artifactKey: Guid(4c841249314a995438e1a58164a1b4b2) Importer(815301076,1909f56bfc062723c751e8b465ee728b)
Start importing Assets/FeonY/Animated Pixel-Art Backgrounds/Art/Animations/Pixel-Art Background 2/frame0034.png using Guid(4c841249314a995438e1a58164a1b4b2) Importer(815301076,1909f56bfc062723c751e8b465ee728b) (PreviewImporter) -> (artifact id: 'd5bb5593e6d4139e79ac83eacb5c0501') in 0.0292238 seconds
Number of updated asset objects reloaded before import = 0Number of asset objects unloaded after import = 3

========================================================================
Received Import Request.
  Time since last request: 0.000051 seconds.
  path: Assets/FeonY/Animated Pixel-Art Backgrounds/Art/Animations/Pixel-Art Background 4/frame0034.png
  artifactKey: Guid(a98ddf01c7ef9b94f9e4681ce6ff5f89) Importer(815301076,1909f56bfc062723c751e8b465ee728b)
Start importing Assets/FeonY/Animated Pixel-Art Backgrounds/Art/Animations/Pixel-Art Background 4/frame0034.png using Guid(a98ddf01c7ef9b94f9e4681ce6ff5f89) Importer(815301076,1909f56bfc062723c751e8b465ee728b) (PreviewImporter) -> (artifact id: '66cd0e8e6b6c77212208fedb2c506105') in 0.0664011 seconds
Number of updated asset objects reloaded before import = 0Number of asset objects unloaded after import = 3

========================================================================
Received Import Request.
  Time since last request: 0.023919 seconds.
  path: Assets/FeonY/Animated Pixel-Art Backgrounds/Art/Animations/Pixel-Art Background 3/frame0035.png
  artifactKey: Guid(fd1b5cac00b2a4b4dad9df567ad20dd6) Importer(815301076,1909f56bfc062723c751e8b465ee728b)
Start importing Assets/FeonY/Animated Pixel-Art Backgrounds/Art/Animations/Pixel-Art Background 3/frame0035.png using Guid(fd1b5cac00b2a4b4dad9df567ad20dd6) Importer(815301076,1909f56bfc062723c751e8b465ee728b) (PreviewImporter) -> (artifact id: '1e5eba7cdfe6a71b6d84c2b1e7a79175') in 0.025525 seconds
Number of updated asset objects reloaded before import = 0Number of asset objects unloaded after import = 3

========================================================================
Received Import Request.
  Time since last request: 0.029220 seconds.
  path: Assets/FeonY/Animated Pixel-Art Backgrounds/Art/Animations/Pixel-Art Background 2/frame0035.png
  artifactKey: Guid(0a8886119b62a744fb1ade0149d64668) Importer(815301076,1909f56bfc062723c751e8b465ee728b)
Start importing Assets/FeonY/Animated Pixel-Art Backgrounds/Art/Animations/Pixel-Art Background 2/frame0035.png using Guid(0a8886119b62a744fb1ade0149d64668) Importer(815301076,1909f56bfc062723c751e8b465ee728b) (PreviewImporter) -> (artifact id: '71836d2d94f49fc4a050361bea3f1f70') in 0.0820273 seconds
Number of updated asset objects reloaded before import = 0Number of asset objects unloaded after import = 3

========================================================================
Received Import Request.
  Time since last request: 0.000044 seconds.
  path: Assets/FeonY/Animated Pixel-Art Backgrounds/Art/Animations/Pixel-Art Background 4/frame0035.png
  artifactKey: Guid(7513c777507075341a21f7a55d964057) Importer(815301076,1909f56bfc062723c751e8b465ee728b)
Start importing Assets/FeonY/Animated Pixel-Art Backgrounds/Art/Animations/Pixel-Art Background 4/frame0035.png using Guid(7513c777507075341a21f7a55d964057) Importer(815301076,1909f56bfc062723c751e8b465ee728b) (PreviewImporter) -> (artifact id: 'f31e259a9b30faf5d7ba2c7852123556') in 0.0502899 seconds
Number of updated asset objects reloaded before import = 0Number of asset objects unloaded after import = 3

========================================================================
Received Import Request.
  Time since last request: 0.020329 seconds.
  path: Assets/FeonY/Animated Pixel-Art Backgrounds/Art/Animations/Pixel-Art Background 3/frame0036.png
  artifactKey: Guid(3108aff4937f40443a5b67107d3bb209) Importer(815301076,1909f56bfc062723c751e8b465ee728b)
Start importing Assets/FeonY/Animated Pixel-Art Backgrounds/Art/Animations/Pixel-Art Background 3/frame0036.png using Guid(3108aff4937f40443a5b67107d3bb209) Importer(815301076,1909f56bfc062723c751e8b465ee728b) (PreviewImporter) -> (artifact id: '486c95bb9ab8ff5b8a475ab19266e6ca') in 0.0240936 seconds
Number of updated asset objects reloaded before import = 0Number of asset objects unloaded after import = 3

========================================================================
Received Import Request.
  Time since last request: 0.021795 seconds.
  path: Assets/FeonY/Animated Pixel-Art Backgrounds/Art/Animations/Pixel-Art Background 1/frame0036.png
  artifactKey: Guid(b7f7a5285758d334cba097a18d20c78b) Importer(815301076,1909f56bfc062723c751e8b465ee728b)
Start importing Assets/FeonY/Animated Pixel-Art Backgrounds/Art/Animations/Pixel-Art Background 1/frame0036.png using Guid(b7f7a5285758d334cba097a18d20c78b) Importer(815301076,1909f56bfc062723c751e8b465ee728b) (PreviewImporter) -> (artifact id: '1f98d6ed5918b0fbd282e047c0e05822') in 0.0259388 seconds
Number of updated asset objects reloaded before import = 0Number of asset objects unloaded after import = 3

========================================================================
Received Import Request.
  Time since last request: 0.022690 seconds.
  path: Assets/FeonY/Animated Pixel-Art Backgrounds/Art/Animations/Pixel-Art Background 2/frame0036.png
  artifactKey: Guid(ad68bcee0da697544810a5f0d89afea3) Importer(815301076,1909f56bfc062723c751e8b465ee728b)
Start importing Assets/FeonY/Animated Pixel-Art Backgrounds/Art/Animations/Pixel-Art Background 2/frame0036.png using Guid(ad68bcee0da697544810a5f0d89afea3) Importer(815301076,1909f56bfc062723c751e8b465ee728b) (PreviewImporter) -> (artifact id: '3b7196fd3c268be20a4a8fc90270214d') in 0.0872034 seconds
Number of updated asset objects reloaded before import = 0Number of asset objects unloaded after import = 3

========================================================================
Received Import Request.
  Time since last request: 0.000042 seconds.
  path: Assets/FeonY/Animated Pixel-Art Backgrounds/Art/Animations/Pixel-Art Background 1/frame0037.png
  artifactKey: Guid(a30207c57ce0fa045b66e132275eeb2b) Importer(815301076,1909f56bfc062723c751e8b465ee728b)
Start importing Assets/FeonY/Animated Pixel-Art Backgrounds/Art/Animations/Pixel-Art Background 1/frame0037.png using Guid(a30207c57ce0fa045b66e132275eeb2b) Importer(815301076,1909f56bfc062723c751e8b465ee728b) (PreviewImporter) -> (artifact id: '350065c5a6eec3795e310d1568784d4f') in 0.024542 seconds
Number of updated asset objects reloaded before import = 0Number of asset objects unloaded after import = 3

========================================================================
Received Import Request.
  Time since last request: 0.005742 seconds.
  path: Assets/FeonY/Animated Pixel-Art Backgrounds/Art/Animations/Pixel-Art Background 3/frame0037.png
  artifactKey: Guid(08a24e69266b7bd4c88bac8947884f69) Importer(815301076,1909f56bfc062723c751e8b465ee728b)
Start importing Assets/FeonY/Animated Pixel-Art Backgrounds/Art/Animations/Pixel-Art Background 3/frame0037.png using Guid(08a24e69266b7bd4c88bac8947884f69) Importer(815301076,1909f56bfc062723c751e8b465ee728b) (PreviewImporter) -> (artifact id: 'ed056780e4dd542d9a71d4e04e6806cc') in 0.0518193 seconds
Number of updated asset objects reloaded before import = 0Number of asset objects unloaded after import = 3

========================================================================
Received Import Request.
  Time since last request: 0.000084 seconds.
  path: Assets/FeonY/Animated Pixel-Art Backgrounds/Art/Animations/Pixel-Art Background 2/frame0037.png
  artifactKey: Guid(3aca11c690d28754e950feb1bde3287c) Importer(815301076,1909f56bfc062723c751e8b465ee728b)
Start importing Assets/FeonY/Animated Pixel-Art Backgrounds/Art/Animations/Pixel-Art Background 2/frame0037.png using Guid(3aca11c690d28754e950feb1bde3287c) Importer(815301076,1909f56bfc062723c751e8b465ee728b) (PreviewImporter) -> (artifact id: 'cbb03c31ea4cfa76c0b935a164d419ab') in 0.1025125 seconds
Number of updated asset objects reloaded before import = 0Number of asset objects unloaded after import = 3

========================================================================
Received Import Request.
  Time since last request: 0.038962 seconds.
  path: Assets/FeonY/Animated Pixel-Art Backgrounds/Art/Animations/Pixel-Art Background 2/frame0038.png
  artifactKey: Guid(d19103468994f1541918977c59f10e2d) Importer(815301076,1909f56bfc062723c751e8b465ee728b)
Start importing Assets/FeonY/Animated Pixel-Art Backgrounds/Art/Animations/Pixel-Art Background 2/frame0038.png using Guid(d19103468994f1541918977c59f10e2d) Importer(815301076,1909f56bfc062723c751e8b465ee728b) (PreviewImporter) -> (artifact id: 'd3b0119b01496d255a5f8423dd75aeec') in 0.043368 seconds
Number of updated asset objects reloaded before import = 0Number of asset objects unloaded after import = 3

========================================================================
Received Import Request.
  Time since last request: 0.000026 seconds.
  path: Assets/FeonY/Animated Pixel-Art Backgrounds/Art/Animations/Pixel-Art Background 4/frame0038.png
  artifactKey: Guid(709188099bbfccb4ba49899d183cb975) Importer(815301076,1909f56bfc062723c751e8b465ee728b)
Start importing Assets/FeonY/Animated Pixel-Art Backgrounds/Art/Animations/Pixel-Art Background 4/frame0038.png using Guid(709188099bbfccb4ba49899d183cb975) Importer(815301076,1909f56bfc062723c751e8b465ee728b) (PreviewImporter) -> (artifact id: '344c8a5806f390ea0c2efbddde8904be') in 0.056543 seconds
Number of updated asset objects reloaded before import = 0Number of asset objects unloaded after import = 3

========================================================================
Received Import Request.
  Time since last request: 0.046177 seconds.
  path: Assets/FeonY/Animated Pixel-Art Backgrounds/Art/Animations/Pixel-Art Background 4/frame0021.png
  artifactKey: Guid(9cdd0883d6815e64fa12e9d59ac35e9d) Importer(815301076,1909f56bfc062723c751e8b465ee728b)
Start importing Assets/FeonY/Animated Pixel-Art Backgrounds/Art/Animations/Pixel-Art Background 4/frame0021.png using Guid(9cdd0883d6815e64fa12e9d59ac35e9d) Importer(815301076,1909f56bfc062723c751e8b465ee728b) (PreviewImporter) -> (artifact id: '3f39277ffa970795f17d422db1a7ee7f') in 0.0738246 seconds
Number of updated asset objects reloaded before import = 0Number of asset objects unloaded after import = 3

========================================================================
Received Import Request.
  Time since last request: 0.000025 seconds.
  path: Assets/FeonY/Animated Pixel-Art Backgrounds/Art/Animations/Pixel-Art Background 2/frame0021.png
  artifactKey: Guid(1a4b53abc1e6c98429f9f6337b9298a4) Importer(815301076,1909f56bfc062723c751e8b465ee728b)
Start importing Assets/FeonY/Animated Pixel-Art Backgrounds/Art/Animations/Pixel-Art Background 2/frame0021.png using Guid(1a4b53abc1e6c98429f9f6337b9298a4) Importer(815301076,1909f56bfc062723c751e8b465ee728b) (PreviewImporter) -> (artifact id: '42bf7489eaba7e8bb3b7865c6fd06e38') in 0.0267966 seconds
Number of updated asset objects reloaded before import = 0Number of asset objects unloaded after import = 3

========================================================================
Received Import Request.
  Time since last request: 0.000028 seconds.
  path: Assets/FeonY/Animated Pixel-Art Backgrounds/Art/Animations/Pixel-Art Background 4/frame0022.png
  artifactKey: Guid(f752f1cede9f1d749be34223d98b2fcb) Importer(815301076,1909f56bfc062723c751e8b465ee728b)
Start importing Assets/FeonY/Animated Pixel-Art Backgrounds/Art/Animations/Pixel-Art Background 4/frame0022.png using Guid(f752f1cede9f1d749be34223d98b2fcb) Importer(815301076,1909f56bfc062723c751e8b465ee728b) (PreviewImporter) -> (artifact id: '22d0069faaf75dbf8bb9c635f9018e70') in 0.085166 seconds
Number of updated asset objects reloaded before import = 0Number of asset objects unloaded after import = 3

========================================================================
Received Import Request.
  Time since last request: 0.046095 seconds.
  path: Assets/FeonY/Animated Pixel-Art Backgrounds/Art/Animations/Pixel-Art Background 3/frame0022.png
  artifactKey: Guid(390409f6035858e4194f075fdf62f51e) Importer(815301076,1909f56bfc062723c751e8b465ee728b)
Start importing Assets/FeonY/Animated Pixel-Art Backgrounds/Art/Animations/Pixel-Art Background 3/frame0022.png using Guid(390409f6035858e4194f075fdf62f51e) Importer(815301076,1909f56bfc062723c751e8b465ee728b) (PreviewImporter) -> (artifact id: '14517dcae981914a5886fd34124e9ff9') in 0.030223 seconds
Number of updated asset objects reloaded before import = 0Number of asset objects unloaded after import = 3

========================================================================
Received Import Request.
  Time since last request: 0.000034 seconds.
  path: Assets/FeonY/Animated Pixel-Art Backgrounds/Art/Animations/Pixel-Art Background 2/frame0022.png
  artifactKey: Guid(2ca5c8ddc99896f4a96381841818e6ef) Importer(815301076,1909f56bfc062723c751e8b465ee728b)
Start importing Assets/FeonY/Animated Pixel-Art Backgrounds/Art/Animations/Pixel-Art Background 2/frame0022.png using Guid(2ca5c8ddc99896f4a96381841818e6ef) Importer(815301076,1909f56bfc062723c751e8b465ee728b) (PreviewImporter) -> (artifact id: '22ec0d355339c741a1cab4c6fa10d00e') in 0.0629527 seconds
Number of updated asset objects reloaded before import = 0Number of asset objects unloaded after import = 3

========================================================================
Received Import Request.
  Time since last request: 0.028981 seconds.
  path: Assets/FeonY/Animated Pixel-Art Backgrounds/Art/Animations/Pixel-Art Background 3/frame0023.png
  artifactKey: Guid(8b46c0a34de8b164b8568387da032bd6) Importer(815301076,1909f56bfc062723c751e8b465ee728b)
Start importing Assets/FeonY/Animated Pixel-Art Backgrounds/Art/Animations/Pixel-Art Background 3/frame0023.png using Guid(8b46c0a34de8b164b8568387da032bd6) Importer(815301076,1909f56bfc062723c751e8b465ee728b) (PreviewImporter) -> (artifact id: '01f40837587b20c52846eaa413c15b58') in 0.0597879 seconds
Number of updated asset objects reloaded before import = 0Number of asset objects unloaded after import = 3

========================================================================
Received Import Request.
  Time since last request: 0.011913 seconds.
  path: Assets/FeonY/Animated Pixel-Art Backgrounds/Art/Animations/Pixel-Art Background 2/frame0023.png
  artifactKey: Guid(80a6d484ff2d9de4593b5814c3f47c87) Importer(815301076,1909f56bfc062723c751e8b465ee728b)
Start importing Assets/FeonY/Animated Pixel-Art Backgrounds/Art/Animations/Pixel-Art Background 2/frame0023.png using Guid(80a6d484ff2d9de4593b5814c3f47c87) Importer(815301076,1909f56bfc062723c751e8b465ee728b) (PreviewImporter) -> (artifact id: '63a80a0db173aef5e89d987b6f0d1392') in 0.0976154 seconds
Number of updated asset objects reloaded before import = 0Number of asset objects unloaded after import = 3

========================================================================
Received Import Request.
  Time since last request: 0.027328 seconds.
  path: Assets/FeonY/Animated Pixel-Art Backgrounds/Art/Animations/Pixel-Art Background 3/frame0024.png
  artifactKey: Guid(5f43d237e341b4049a99ad7a876e51e4) Importer(815301076,1909f56bfc062723c751e8b465ee728b)
Start importing Assets/FeonY/Animated Pixel-Art Backgrounds/Art/Animations/Pixel-Art Background 3/frame0024.png using Guid(5f43d237e341b4049a99ad7a876e51e4) Importer(815301076,1909f56bfc062723c751e8b465ee728b) (PreviewImporter) -> (artifact id: 'eec6faffb422dee9598ecdabe8d089da') in 0.0255198 seconds
Number of updated asset objects reloaded before import = 0Number of asset objects unloaded after import = 3

========================================================================
Received Import Request.
  Time since last request: 0.023911 seconds.
  path: Assets/FeonY/Animated Pixel-Art Backgrounds/Art/Animations/Pixel-Art Background 2/frame0024.png
  artifactKey: Guid(e7acf1a7424c1b14c8b3bf5a3b43b872) Importer(815301076,1909f56bfc062723c751e8b465ee728b)
Start importing Assets/FeonY/Animated Pixel-Art Backgrounds/Art/Animations/Pixel-Art Background 2/frame0024.png using Guid(e7acf1a7424c1b14c8b3bf5a3b43b872) Importer(815301076,1909f56bfc062723c751e8b465ee728b) (PreviewImporter) -> (artifact id: 'b252d5b14a2b3989840ddc9c897618e9') in 0.0283436 seconds
Number of updated asset objects reloaded before import = 0Number of asset objects unloaded after import = 3

========================================================================
Received Import Request.
  Time since last request: 0.017334 seconds.
  path: Assets/FeonY/Animated Pixel-Art Backgrounds/Art/Animations/Pixel-Art Background 4/frame0024.png
  artifactKey: Guid(8cc40aabba2a86640b84d378c70fc766) Importer(815301076,1909f56bfc062723c751e8b465ee728b)
Start importing Assets/FeonY/Animated Pixel-Art Backgrounds/Art/Animations/Pixel-Art Background 4/frame0024.png using Guid(8cc40aabba2a86640b84d378c70fc766) Importer(815301076,1909f56bfc062723c751e8b465ee728b) (PreviewImporter) -> (artifact id: '2de32f9763204fb91c3c3faed621a664') in 0.0773085 seconds
Number of updated asset objects reloaded before import = 0Number of asset objects unloaded after import = 3

========================================================================
Received Import Request.
  Time since last request: 0.000024 seconds.
  path: Assets/FeonY/Animated Pixel-Art Backgrounds/Art/Animations/Pixel-Art Background 1/frame0024.png
  artifactKey: Guid(0b6dbc71757073046bd2a3dad5a8bd08) Importer(815301076,1909f56bfc062723c751e8b465ee728b)
Start importing Assets/FeonY/Animated Pixel-Art Backgrounds/Art/Animations/Pixel-Art Background 1/frame0024.png using Guid(0b6dbc71757073046bd2a3dad5a8bd08) Importer(815301076,1909f56bfc062723c751e8b465ee728b) (PreviewImporter) -> (artifact id: '5ee8560e1577a450d8d36da43415d235') in 0.0760777 seconds
Number of updated asset objects reloaded before import = 0Number of asset objects unloaded after import = 3

========================================================================
Received Import Request.
  Time since last request: 0.352923 seconds.
  path: Assets/FeonY/Animated Pixel-Art Backgrounds/Art/Animations/Pixel-Art Background 4/frame0025.png
  artifactKey: Guid(9637043bb33215d4eba80a382f822c4d) Importer(815301076,1909f56bfc062723c751e8b465ee728b)
Start importing Assets/FeonY/Animated Pixel-Art Backgrounds/Art/Animations/Pixel-Art Background 4/frame0025.png using Guid(9637043bb33215d4eba80a382f822c4d) Importer(815301076,1909f56bfc062723c751e8b465ee728b) (PreviewImporter) -> (artifact id: 'd08769677c01c21c5d0f4bca34f6442d') in 0.0752912 seconds
Number of updated asset objects reloaded before import = 0Number of asset objects unloaded after import = 3

========================================================================
Received Import Request.
  Time since last request: 0.025494 seconds.
  path: Assets/FeonY/Animated Pixel-Art Backgrounds/Art/Animations/Pixel-Art Background 2/frame0025.png
  artifactKey: Guid(af2279f29f69fb944b9301d677fdb686) Importer(815301076,1909f56bfc062723c751e8b465ee728b)
Start importing Assets/FeonY/Animated Pixel-Art Backgrounds/Art/Animations/Pixel-Art Background 2/frame0025.png using Guid(af2279f29f69fb944b9301d677fdb686) Importer(815301076,1909f56bfc062723c751e8b465ee728b) (PreviewImporter) -> (artifact id: '1ad16d452bb190ac9aae9f4c4bce8d30') in 0.0227084 seconds
Number of updated asset objects reloaded before import = 0Number of asset objects unloaded after import = 3

========================================================================
Received Import Request.
  Time since last request: 0.042167 seconds.
  path: Assets/FeonY/Animated Pixel-Art Backgrounds/Art/Animations/Pixel-Art Background 3/frame0026.png
  artifactKey: Guid(a2d623787be5e304098c8ba6af65d10b) Importer(815301076,1909f56bfc062723c751e8b465ee728b)
Start importing Assets/FeonY/Animated Pixel-Art Backgrounds/Art/Animations/Pixel-Art Background 3/frame0026.png using Guid(a2d623787be5e304098c8ba6af65d10b) Importer(815301076,1909f56bfc062723c751e8b465ee728b) (PreviewImporter) -> (artifact id: 'eaf26f294acc56b61180d7d4e4702012') in 0.0547305 seconds
Number of updated asset objects reloaded before import = 0Number of asset objects unloaded after import = 3

========================================================================
Received Import Request.
  Time since last request: 0.008695 seconds.
  path: Assets/FeonY/Animated Pixel-Art Backgrounds/Art/Animations/Pixel-Art Background 4/frame0026.png
  artifactKey: Guid(dd23a7e81125c6941b2e078794f3aa02) Importer(815301076,1909f56bfc062723c751e8b465ee728b)
Start importing Assets/FeonY/Animated Pixel-Art Backgrounds/Art/Animations/Pixel-Art Background 4/frame0026.png using Guid(dd23a7e81125c6941b2e078794f3aa02) Importer(815301076,1909f56bfc062723c751e8b465ee728b) (PreviewImporter) -> (artifact id: 'ba33fccc00edfc6e992993b14997a101') in 0.0736112 seconds
Number of updated asset objects reloaded before import = 0Number of asset objects unloaded after import = 3

========================================================================
Received Import Request.
  Time since last request: 0.038229 seconds.
  path: Assets/FeonY/Animated Pixel-Art Backgrounds/Art/Animations/Pixel-Art Background 1/frame0026.png
  artifactKey: Guid(63835696bbc9a494292f8477e25e7c8f) Importer(815301076,1909f56bfc062723c751e8b465ee728b)
Start importing Assets/FeonY/Animated Pixel-Art Backgrounds/Art/Animations/Pixel-Art Background 1/frame0026.png using Guid(63835696bbc9a494292f8477e25e7c8f) Importer(815301076,1909f56bfc062723c751e8b465ee728b) (PreviewImporter) -> (artifact id: '87a2047ce45e3af4f8faecda39140272') in 0.0288811 seconds
Number of updated asset objects reloaded before import = 0Number of asset objects unloaded after import = 3

========================================================================
Received Import Request.
  Time since last request: 0.026302 seconds.
  path: Assets/FeonY/Animated Pixel-Art Backgrounds/Art/Animations/Pixel-Art Background 3/frame0027.png
  artifactKey: Guid(e3dc436c78df6c6428e04b5ee907e23e) Importer(815301076,1909f56bfc062723c751e8b465ee728b)
Start importing Assets/FeonY/Animated Pixel-Art Backgrounds/Art/Animations/Pixel-Art Background 3/frame0027.png using Guid(e3dc436c78df6c6428e04b5ee907e23e) Importer(815301076,1909f56bfc062723c751e8b465ee728b) (PreviewImporter) -> (artifact id: 'e4f6b80599f8dcaf7a20e0703ff9a1c3') in 0.0463547 seconds
Number of updated asset objects reloaded before import = 0Number of asset objects unloaded after import = 3

========================================================================
Received Import Request.
  Time since last request: 0.000069 seconds.
  path: Assets/FeonY/Animated Pixel-Art Backgrounds/Art/Animations/Pixel-Art Background 4/frame0014.png
  artifactKey: Guid(e848f792fa656be4badd4051e164606a) Importer(815301076,1909f56bfc062723c751e8b465ee728b)
Start importing Assets/FeonY/Animated Pixel-Art Backgrounds/Art/Animations/Pixel-Art Background 4/frame0014.png using Guid(e848f792fa656be4badd4051e164606a) Importer(815301076,1909f56bfc062723c751e8b465ee728b) (PreviewImporter) -> (artifact id: '2b7d0c1a62335f8625c45e2a40599eeb') in 0.1825292 seconds
Number of updated asset objects reloaded before import = 0Number of asset objects unloaded after import = 3

========================================================================
Received Import Request.
  Time since last request: 0.000039 seconds.
  path: Assets/FeonY/Animated Pixel-Art Backgrounds/Art/Animations/Pixel-Art Background 2/frame0014.png
  artifactKey: Guid(ea4875d73cddc024b8394df3aaaa71f8) Importer(815301076,1909f56bfc062723c751e8b465ee728b)
Start importing Assets/FeonY/Animated Pixel-Art Backgrounds/Art/Animations/Pixel-Art Background 2/frame0014.png using Guid(ea4875d73cddc024b8394df3aaaa71f8) Importer(815301076,1909f56bfc062723c751e8b465ee728b) (PreviewImporter) -> (artifact id: '00436c4e927797e13d592d3b55dcc32b') in 0.0324544 seconds
Number of updated asset objects reloaded before import = 0Number of asset objects unloaded after import = 3

========================================================================
Received Import Request.
  Time since last request: 0.040080 seconds.
  path: Assets/FeonY/Animated Pixel-Art Backgrounds/Art/Animations/Pixel-Art Background 1/frame0015.png
  artifactKey: Guid(7972ee273bdd12941bd030045b7b7439) Importer(815301076,1909f56bfc062723c751e8b465ee728b)
Start importing Assets/FeonY/Animated Pixel-Art Backgrounds/Art/Animations/Pixel-Art Background 1/frame0015.png using Guid(7972ee273bdd12941bd030045b7b7439) Importer(815301076,1909f56bfc062723c751e8b465ee728b) (PreviewImporter) -> (artifact id: 'be452f04d39413a72df8c4e1bb3c5938') in 0.0847363 seconds
Number of updated asset objects reloaded before import = 0Number of asset objects unloaded after import = 3

========================================================================
Received Import Request.
  Time since last request: 0.000027 seconds.
  path: Assets/FeonY/Animated Pixel-Art Backgrounds/Art/Animations/Pixel-Art Background 4/frame0015.png
  artifactKey: Guid(ffb8542dbad4b7049924818cb0cab4da) Importer(815301076,1909f56bfc062723c751e8b465ee728b)
Start importing Assets/FeonY/Animated Pixel-Art Backgrounds/Art/Animations/Pixel-Art Background 4/frame0015.png using Guid(ffb8542dbad4b7049924818cb0cab4da) Importer(815301076,1909f56bfc062723c751e8b465ee728b) (PreviewImporter) -> (artifact id: '8a83b9db76dc4f64c421ee7b700c42f0') in 0.0616383 seconds
Number of updated asset objects reloaded before import = 0Number of asset objects unloaded after import = 3

========================================================================
Received Import Request.
  Time since last request: 0.023233 seconds.
  path: Assets/FeonY/Animated Pixel-Art Backgrounds/Art/Animations/Pixel-Art Background 3/frame0016.png
  artifactKey: Guid(ce2d7ab24eaea3046b1963dc4ae15b99) Importer(815301076,1909f56bfc062723c751e8b465ee728b)
Start importing Assets/FeonY/Animated Pixel-Art Backgrounds/Art/Animations/Pixel-Art Background 3/frame0016.png using Guid(ce2d7ab24eaea3046b1963dc4ae15b99) Importer(815301076,1909f56bfc062723c751e8b465ee728b) (PreviewImporter) -> (artifact id: '3964bf3c2298c48178bad1867d605431') in 0.0523197 seconds
Number of updated asset objects reloaded before import = 0Number of asset objects unloaded after import = 3

========================================================================
Received Import Request.
  Time since last request: 0.000033 seconds.
  path: Assets/FeonY/Animated Pixel-Art Backgrounds/Art/Animations/Pixel-Art Background 2/frame0016.png
  artifactKey: Guid(271da63767d027d43bb40f06265dd886) Importer(815301076,1909f56bfc062723c751e8b465ee728b)
Start importing Assets/FeonY/Animated Pixel-Art Backgrounds/Art/Animations/Pixel-Art Background 2/frame0016.png using Guid(271da63767d027d43bb40f06265dd886) Importer(815301076,1909f56bfc062723c751e8b465ee728b) (PreviewImporter) -> (artifact id: '96618a4faac483e69956ee426970fd71') in 0.0657312 seconds
Number of updated asset objects reloaded before import = 0Number of asset objects unloaded after import = 3

========================================================================
Received Import Request.
  Time since last request: 0.000030 seconds.
  path: Assets/FeonY/Animated Pixel-Art Backgrounds/Art/Animations/Pixel-Art Background 1/frame0016.png
  artifactKey: Guid(c850e2689625b8f46b981b80e8642305) Importer(815301076,1909f56bfc062723c751e8b465ee728b)
Start importing Assets/FeonY/Animated Pixel-Art Backgrounds/Art/Animations/Pixel-Art Background 1/frame0016.png using Guid(c850e2689625b8f46b981b80e8642305) Importer(815301076,1909f56bfc062723c751e8b465ee728b) (PreviewImporter) -> (artifact id: 'c2e90a9abca794129a7f5ff607dce5b2') in 0.0278362 seconds
Number of updated asset objects reloaded before import = 0Number of asset objects unloaded after import = 3

========================================================================
Received Import Request.
  Time since last request: 0.000035 seconds.
  path: Assets/FeonY/Animated Pixel-Art Backgrounds/Art/Animations/Pixel-Art Background 3/frame0017.png
  artifactKey: Guid(3daa5ad89a0b5e54d85d2e131a0ccb68) Importer(815301076,1909f56bfc062723c751e8b465ee728b)
Start importing Assets/FeonY/Animated Pixel-Art Backgrounds/Art/Animations/Pixel-Art Background 3/frame0017.png using Guid(3daa5ad89a0b5e54d85d2e131a0ccb68) Importer(815301076,1909f56bfc062723c751e8b465ee728b) (PreviewImporter) -> (artifact id: 'a5391c01e5c13edbd22d6d6ea18a95ce') in 0.03008 seconds
Number of updated asset objects reloaded before import = 0Number of asset objects unloaded after import = 3

========================================================================
Received Import Request.
  Time since last request: 0.009023 seconds.
  path: Assets/FeonY/Animated Pixel-Art Backgrounds/Art/Animations/Pixel-Art Background 2/frame0017.png
  artifactKey: Guid(681c6ef1f70819e47886fe37d04c9b19) Importer(815301076,1909f56bfc062723c751e8b465ee728b)
Start importing Assets/FeonY/Animated Pixel-Art Backgrounds/Art/Animations/Pixel-Art Background 2/frame0017.png using Guid(681c6ef1f70819e47886fe37d04c9b19) Importer(815301076,1909f56bfc062723c751e8b465ee728b) (PreviewImporter) -> (artifact id: 'a0203af113bf40f18bdf821d3381fa86') in 0.0340229 seconds
Number of updated asset objects reloaded before import = 0Number of asset objects unloaded after import = 3

========================================================================
Received Import Request.
  Time since last request: 0.000046 seconds.
  path: Assets/FeonY/Animated Pixel-Art Backgrounds/Art/Animations/Pixel-Art Background 1/frame0017.png
  artifactKey: Guid(d4c01f4961fd95243a23a073a9e1d5d2) Importer(815301076,1909f56bfc062723c751e8b465ee728b)
Start importing Assets/FeonY/Animated Pixel-Art Backgrounds/Art/Animations/Pixel-Art Background 1/frame0017.png using Guid(d4c01f4961fd95243a23a073a9e1d5d2) Importer(815301076,1909f56bfc062723c751e8b465ee728b) (PreviewImporter) -> (artifact id: '48fd418a854a5fc1d21d27f170474579') in 0.0498013 seconds
Number of updated asset objects reloaded before import = 0Number of asset objects unloaded after import = 3

========================================================================
Received Import Request.
  Time since last request: 0.040553 seconds.
  path: Assets/FeonY/Animated Pixel-Art Backgrounds/Art/Animations/Pixel-Art Background 1/frame0018.png
  artifactKey: Guid(ab31f394bb708384eb2ecd65e44dbee5) Importer(815301076,1909f56bfc062723c751e8b465ee728b)
Start importing Assets/FeonY/Animated Pixel-Art Backgrounds/Art/Animations/Pixel-Art Background 1/frame0018.png using Guid(ab31f394bb708384eb2ecd65e44dbee5) Importer(815301076,1909f56bfc062723c751e8b465ee728b) (PreviewImporter) -> (artifact id: '8905668a1d09650e8facb61821c46f8f') in 0.0303245 seconds
Number of updated asset objects reloaded before import = 0Number of asset objects unloaded after import = 3

========================================================================
Received Import Request.
  Time since last request: 0.062420 seconds.
  path: Assets/FeonY/Animated Pixel-Art Backgrounds/Art/Animations/Pixel-Art Background 3/frame0018.png
  artifactKey: Guid(0600d7ee9904faf4892c90993960285b) Importer(815301076,1909f56bfc062723c751e8b465ee728b)
Start importing Assets/FeonY/Animated Pixel-Art Backgrounds/Art/Animations/Pixel-Art Background 3/frame0018.png using Guid(0600d7ee9904faf4892c90993960285b) Importer(815301076,1909f56bfc062723c751e8b465ee728b) (PreviewImporter) -> (artifact id: '1075b73d02446c65ceb5675685f8ff2c') in 0.063734 seconds
Number of updated asset objects reloaded before import = 0Number of asset objects unloaded after import = 3

========================================================================
Received Import Request.
  Time since last request: 0.030046 seconds.
  path: Assets/FeonY/Animated Pixel-Art Backgrounds/Art/Animations/Pixel-Art Background 3/frame0019.png
  artifactKey: Guid(2e706eb28213eb643b7044c308c85362) Importer(815301076,1909f56bfc062723c751e8b465ee728b)
Start importing Assets/FeonY/Animated Pixel-Art Backgrounds/Art/Animations/Pixel-Art Background 3/frame0019.png using Guid(2e706eb28213eb643b7044c308c85362) Importer(815301076,1909f56bfc062723c751e8b465ee728b) (PreviewImporter) -> (artifact id: 'bc5101fc1ce83d1741e0ac2796b3bc37') in 0.0279337 seconds
Number of updated asset objects reloaded before import = 0Number of asset objects unloaded after import = 3

========================================================================
Received Import Request.
  Time since last request: 0.000037 seconds.
  path: Assets/FeonY/Animated Pixel-Art Backgrounds/Art/Animations/Pixel-Art Background 4/frame0019.png
  artifactKey: Guid(46ac52c956818364cbf91cf29a52fb96) Importer(815301076,1909f56bfc062723c751e8b465ee728b)
Start importing Assets/FeonY/Animated Pixel-Art Backgrounds/Art/Animations/Pixel-Art Background 4/frame0019.png using Guid(46ac52c956818364cbf91cf29a52fb96) Importer(815301076,1909f56bfc062723c751e8b465ee728b) (PreviewImporter) -> (artifact id: 'c2927c45f8eac18baaa9d0087de27c64') in 0.0818252 seconds
Number of updated asset objects reloaded before import = 0Number of asset objects unloaded after import = 3

========================================================================
Received Import Request.
  Time since last request: 0.079977 seconds.
  path: Assets/FeonY/Animated Pixel-Art Backgrounds/Art/Animations/Pixel-Art Background 2/frame0019.png
  artifactKey: Guid(fab7cbe22a464304a8e96b2f637409bf) Importer(815301076,1909f56bfc062723c751e8b465ee728b)
Start importing Assets/FeonY/Animated Pixel-Art Backgrounds/Art/Animations/Pixel-Art Background 2/frame0019.png using Guid(fab7cbe22a464304a8e96b2f637409bf) Importer(815301076,1909f56bfc062723c751e8b465ee728b) (PreviewImporter) -> (artifact id: '9e855390d03770b72d6c562f1b153f9b') in 0.0287217 seconds
Number of updated asset objects reloaded before import = 0Number of asset objects unloaded after import = 3

========================================================================
Received Import Request.
  Time since last request: 0.000033 seconds.
  path: Assets/FeonY/Animated Pixel-Art Backgrounds/Art/Animations/Pixel-Art Background 4/frame0020.png
  artifactKey: Guid(caa541e65de2fab48ae59dda941ddb3e) Importer(815301076,1909f56bfc062723c751e8b465ee728b)
Start importing Assets/FeonY/Animated Pixel-Art Backgrounds/Art/Animations/Pixel-Art Background 4/frame0020.png using Guid(caa541e65de2fab48ae59dda941ddb3e) Importer(815301076,1909f56bfc062723c751e8b465ee728b) (PreviewImporter) -> (artifact id: 'd92567c4a15538086780a0cb1a8687ae') in 0.0566952 seconds
Number of updated asset objects reloaded before import = 0Number of asset objects unloaded after import = 3

========================================================================
Received Import Request.
  Time since last request: 0.060029 seconds.
  path: Assets/FeonY/Animated Pixel-Art Backgrounds/Art/Animations/Pixel-Art Background 4/frame0009.png
  artifactKey: Guid(ecc9660101f7cda43a72979490699f91) Importer(815301076,1909f56bfc062723c751e8b465ee728b)
Start importing Assets/FeonY/Animated Pixel-Art Backgrounds/Art/Animations/Pixel-Art Background 4/frame0009.png using Guid(ecc9660101f7cda43a72979490699f91) Importer(815301076,1909f56bfc062723c751e8b465ee728b) (PreviewImporter) -> (artifact id: '5f21457febe3531631d9d49f980c0413') in 0.0575016 seconds
Number of updated asset objects reloaded before import = 0Number of asset objects unloaded after import = 3

========================================================================
Received Import Request.
  Time since last request: 0.003574 seconds.
  path: Assets/FeonY/Animated Pixel-Art Backgrounds/Art/Animations/Pixel-Art Background 2/frame0009.png
  artifactKey: Guid(e0668bacb7792f94bbd36bdc8393b686) Importer(815301076,1909f56bfc062723c751e8b465ee728b)
Start importing Assets/FeonY/Animated Pixel-Art Backgrounds/Art/Animations/Pixel-Art Background 2/frame0009.png using Guid(e0668bacb7792f94bbd36bdc8393b686) Importer(815301076,1909f56bfc062723c751e8b465ee728b) (PreviewImporter) -> (artifact id: 'f0c3d41d9f175bf1048ff77f3ccfddac') in 0.0494538 seconds
Number of updated asset objects reloaded before import = 0Number of asset objects unloaded after import = 3

========================================================================
Received Import Request.
  Time since last request: 0.000026 seconds.
  path: Assets/FeonY/Animated Pixel-Art Backgrounds/Art/Animations/Pixel-Art Background 3/frame0010.png
  artifactKey: Guid(e57b9a51743a7f246ade2a6166bc1dbd) Importer(815301076,1909f56bfc062723c751e8b465ee728b)
Start importing Assets/FeonY/Animated Pixel-Art Backgrounds/Art/Animations/Pixel-Art Background 3/frame0010.png using Guid(e57b9a51743a7f246ade2a6166bc1dbd) Importer(815301076,1909f56bfc062723c751e8b465ee728b) (PreviewImporter) -> (artifact id: '1ae29baad41c217186925353c3dc57c1') in 0.0336909 seconds
Number of updated asset objects reloaded before import = 0Number of asset objects unloaded after import = 3

========================================================================
Received Import Request.
  Time since last request: 0.000027 seconds.
  path: Assets/FeonY/Animated Pixel-Art Backgrounds/Art/Animations/Pixel-Art Background 2/frame0010.png
  artifactKey: Guid(5a8a101aab946d447abf055de1543e13) Importer(815301076,1909f56bfc062723c751e8b465ee728b)
Start importing Assets/FeonY/Animated Pixel-Art Backgrounds/Art/Animations/Pixel-Art Background 2/frame0010.png using Guid(5a8a101aab946d447abf055de1543e13) Importer(815301076,1909f56bfc062723c751e8b465ee728b) (PreviewImporter) -> (artifact id: '677b90f7bd9c8ab7db3d95783c87877a') in 0.036627 seconds
Number of updated asset objects reloaded before import = 0Number of asset objects unloaded after import = 3

========================================================================
Received Import Request.
  Time since last request: 0.014622 seconds.
  path: Assets/FeonY/Animated Pixel-Art Backgrounds/Art/Animations/Pixel-Art Background 2/frame0011.png
  artifactKey: Guid(2b6816dbd4b813a4cafb204ee8928c2c) Importer(815301076,1909f56bfc062723c751e8b465ee728b)
Start importing Assets/FeonY/Animated Pixel-Art Backgrounds/Art/Animations/Pixel-Art Background 2/frame0011.png using Guid(2b6816dbd4b813a4cafb204ee8928c2c) Importer(815301076,1909f56bfc062723c751e8b465ee728b) (PreviewImporter) -> (artifact id: '4cf9c8abc199122e4359f55374dd1cd9') in 0.0289036 seconds
Number of updated asset objects reloaded before import = 0Number of asset objects unloaded after import = 3

========================================================================
Received Import Request.
  Time since last request: 0.001752 seconds.
  path: Assets/FeonY/Animated Pixel-Art Backgrounds/Art/Animations/Pixel-Art Background 3/frame0011.png
  artifactKey: Guid(01f0f5ed47f31374c994cf0bb0e97889) Importer(815301076,1909f56bfc062723c751e8b465ee728b)
Start importing Assets/FeonY/Animated Pixel-Art Backgrounds/Art/Animations/Pixel-Art Background 3/frame0011.png using Guid(01f0f5ed47f31374c994cf0bb0e97889) Importer(815301076,1909f56bfc062723c751e8b465ee728b) (PreviewImporter) -> (artifact id: '63aa56efcb8d6c64731585d60c2c6fb4') in 0.0261693 seconds
Number of updated asset objects reloaded before import = 0Number of asset objects unloaded after import = 3

========================================================================
Received Import Request.
  Time since last request: 0.021082 seconds.
  path: Assets/FeonY/Animated Pixel-Art Backgrounds/Art/Animations/Pixel-Art Background 1/frame0011.png
  artifactKey: Guid(64d15b402d23ec94c8c1a6cd801fa78c) Importer(815301076,1909f56bfc062723c751e8b465ee728b)
Start importing Assets/FeonY/Animated Pixel-Art Backgrounds/Art/Animations/Pixel-Art Background 1/frame0011.png using Guid(64d15b402d23ec94c8c1a6cd801fa78c) Importer(815301076,1909f56bfc062723c751e8b465ee728b) (PreviewImporter) -> (artifact id: '1008f48ac2dac0b823fe4457ccec96d6') in 0.0600142 seconds
Number of updated asset objects reloaded before import = 0Number of asset objects unloaded after import = 3

========================================================================
Received Import Request.
  Time since last request: 0.000042 seconds.
  path: Assets/FeonY/Animated Pixel-Art Backgrounds/Art/Animations/Pixel-Art Background 1/frame0012.png
  artifactKey: Guid(c8a55fc821255f04c95d6367aca637e5) Importer(815301076,1909f56bfc062723c751e8b465ee728b)
Start importing Assets/FeonY/Animated Pixel-Art Backgrounds/Art/Animations/Pixel-Art Background 1/frame0012.png using Guid(c8a55fc821255f04c95d6367aca637e5) Importer(815301076,1909f56bfc062723c751e8b465ee728b) (PreviewImporter) -> (artifact id: '53c088940d0ccbc3969e18f1f185ad64') in 0.0260977 seconds
Number of updated asset objects reloaded before import = 0Number of asset objects unloaded after import = 3

========================================================================
Received Import Request.
  Time since last request: 0.009859 seconds.
  path: Assets/FeonY/Animated Pixel-Art Backgrounds/Art/Animations/Pixel-Art Background 3/frame0012.png
  artifactKey: Guid(18a69677f24de554f8baf70aaf0f60b7) Importer(815301076,1909f56bfc062723c751e8b465ee728b)
Start importing Assets/FeonY/Animated Pixel-Art Backgrounds/Art/Animations/Pixel-Art Background 3/frame0012.png using Guid(18a69677f24de554f8baf70aaf0f60b7) Importer(815301076,1909f56bfc062723c751e8b465ee728b) (PreviewImporter) -> (artifact id: 'b510c8b00daa57075684124686ce69ff') in 0.0242126 seconds
Number of updated asset objects reloaded before import = 0Number of asset objects unloaded after import = 3

========================================================================
Received Import Request.
  Time since last request: 0.003375 seconds.
  path: Assets/FeonY/Animated Pixel-Art Backgrounds/Art/Animations/Pixel-Art Background 2/frame0012.png
  artifactKey: Guid(7602410e8e4571540868cc96bb5306af) Importer(815301076,1909f56bfc062723c751e8b465ee728b)
Start importing Assets/FeonY/Animated Pixel-Art Backgrounds/Art/Animations/Pixel-Art Background 2/frame0012.png using Guid(7602410e8e4571540868cc96bb5306af) Importer(815301076,1909f56bfc062723c751e8b465ee728b) (PreviewImporter) -> (artifact id: '7163329105803b5d20eb3a92d104596a') in 0.0361057 seconds
Number of updated asset objects reloaded before import = 0Number of asset objects unloaded after import = 3

========================================================================
Received Import Request.
  Time since last request: 0.000028 seconds.
  path: Assets/FeonY/Animated Pixel-Art Backgrounds/Art/Animations/Pixel-Art Background 4/frame0012.png
  artifactKey: Guid(f72600bb27dc89d409c799f7e42755a8) Importer(815301076,1909f56bfc062723c751e8b465ee728b)
Start importing Assets/FeonY/Animated Pixel-Art Backgrounds/Art/Animations/Pixel-Art Background 4/frame0012.png using Guid(f72600bb27dc89d409c799f7e42755a8) Importer(815301076,1909f56bfc062723c751e8b465ee728b) (PreviewImporter) -> (artifact id: '29efecba2d9068690dba9ca37366ae02') in 0.0824296 seconds
Number of updated asset objects reloaded before import = 0Number of asset objects unloaded after import = 3

========================================================================
Received Import Request.
  Time since last request: 0.009635 seconds.
  path: Assets/FeonY/Animated Pixel-Art Backgrounds/Art/Animations/Pixel-Art Background 2/frame0013.png
  artifactKey: Guid(08c637a623eb8524d95f5e6e853c920e) Importer(815301076,1909f56bfc062723c751e8b465ee728b)
Start importing Assets/FeonY/Animated Pixel-Art Backgrounds/Art/Animations/Pixel-Art Background 2/frame0013.png using Guid(08c637a623eb8524d95f5e6e853c920e) Importer(815301076,1909f56bfc062723c751e8b465ee728b) (PreviewImporter) -> (artifact id: '57d848892569299471d3b97f6bc06c8c') in 0.024149 seconds
Number of updated asset objects reloaded before import = 0Number of asset objects unloaded after import = 3

========================================================================
Received Import Request.
  Time since last request: 0.008697 seconds.
  path: Assets/FeonY/Animated Pixel-Art Backgrounds/Art/Animations/Pixel-Art Background 3/frame0013.png
  artifactKey: Guid(c0c2f79c75c2bd8438bff2c0cb286ad3) Importer(815301076,1909f56bfc062723c751e8b465ee728b)
Start importing Assets/FeonY/Animated Pixel-Art Backgrounds/Art/Animations/Pixel-Art Background 3/frame0013.png using Guid(c0c2f79c75c2bd8438bff2c0cb286ad3) Importer(815301076,1909f56bfc062723c751e8b465ee728b) (PreviewImporter) -> (artifact id: 'bf5cc527b4c95e9ebc2893b538eb69a8') in 0.0222499 seconds
Number of updated asset objects reloaded before import = 0Number of asset objects unloaded after import = 3

========================================================================
Received Import Request.
  Time since last request: 0.000099 seconds.
  path: Assets/FeonY/Animated Pixel-Art Backgrounds/Art/Animations/Pixel-Art Background 4/frame0013.png
  artifactKey: Guid(dabaac2d07d8ef64992d4103b96ee165) Importer(815301076,1909f56bfc062723c751e8b465ee728b)
Start importing Assets/FeonY/Animated Pixel-Art Backgrounds/Art/Animations/Pixel-Art Background 4/frame0013.png using Guid(dabaac2d07d8ef64992d4103b96ee165) Importer(815301076,1909f56bfc062723c751e8b465ee728b) (PreviewImporter) -> (artifact id: '57a476b60dbb2ca77e64c1d29afae8d3') in 0.0961204 seconds
Number of updated asset objects reloaded before import = 0Number of asset objects unloaded after import = 3

========================================================================
Received Import Request.
  Time since last request: 0.069674 seconds.
  path: Assets/FeonY/Animated Pixel-Art Backgrounds/Art/Animations/Pixel-Art Background 1/frame0006.png
  artifactKey: Guid(11dab5537fb71274e81a1f301aed93be) Importer(815301076,1909f56bfc062723c751e8b465ee728b)
Start importing Assets/FeonY/Animated Pixel-Art Backgrounds/Art/Animations/Pixel-Art Background 1/frame0006.png using Guid(11dab5537fb71274e81a1f301aed93be) Importer(815301076,1909f56bfc062723c751e8b465ee728b) (PreviewImporter) -> (artifact id: '0d7a7368f1b25f92e6b8aa2757741110') in 0.0272549 seconds
Number of updated asset objects reloaded before import = 0Number of asset objects unloaded after import = 3

========================================================================
Received Import Request.
  Time since last request: 0.022496 seconds.
  path: Assets/FeonY/Animated Pixel-Art Backgrounds/Art/Animations/Pixel-Art Background 2/frame0006.png
  artifactKey: Guid(69cdf95964aae714080c671865b4fe23) Importer(815301076,1909f56bfc062723c751e8b465ee728b)
Start importing Assets/FeonY/Animated Pixel-Art Backgrounds/Art/Animations/Pixel-Art Background 2/frame0006.png using Guid(69cdf95964aae714080c671865b4fe23) Importer(815301076,1909f56bfc062723c751e8b465ee728b) (PreviewImporter) -> (artifact id: '66111657663773e42dc3bd15a48dac05') in 0.0306822 seconds
Number of updated asset objects reloaded before import = 0Number of asset objects unloaded after import = 3

========================================================================
Received Import Request.
  Time since last request: 0.000029 seconds.
  path: Assets/FeonY/Animated Pixel-Art Backgrounds/Art/Animations/Pixel-Art Background 3/frame0006.png
  artifactKey: Guid(b3d04f312963f4441b3d4e6e6bd48da0) Importer(815301076,1909f56bfc062723c751e8b465ee728b)
Start importing Assets/FeonY/Animated Pixel-Art Backgrounds/Art/Animations/Pixel-Art Background 3/frame0006.png using Guid(b3d04f312963f4441b3d4e6e6bd48da0) Importer(815301076,1909f56bfc062723c751e8b465ee728b) (PreviewImporter) -> (artifact id: '76f2e63243bff87c6481b18a7074906c') in 0.0253624 seconds
Number of updated asset objects reloaded before import = 0Number of asset objects unloaded after import = 3

========================================================================
Received Import Request.
  Time since last request: 0.000816 seconds.
  path: Assets/FeonY/Animated Pixel-Art Backgrounds/Art/Animations/Pixel-Art Background 4/frame0007.png
  artifactKey: Guid(b4d1941d08ce4f840bff1baca0d9f0c6) Importer(815301076,1909f56bfc062723c751e8b465ee728b)
Start importing Assets/FeonY/Animated Pixel-Art Backgrounds/Art/Animations/Pixel-Art Background 4/frame0007.png using Guid(b4d1941d08ce4f840bff1baca0d9f0c6) Importer(815301076,1909f56bfc062723c751e8b465ee728b) (PreviewImporter) -> (artifact id: '8bcbf37b95c90b42c5ff1c3699568c13') in 0.0634493 seconds
Number of updated asset objects reloaded before import = 0Number of asset objects unloaded after import = 3

========================================================================
Received Import Request.
  Time since last request: 0.002298 seconds.
  path: Assets/FeonY/Animated Pixel-Art Backgrounds/Art/Animations/Pixel-Art Background 1/frame0007.png
  artifactKey: Guid(53936089231915f45b6d8e8ee600e8b9) Importer(815301076,1909f56bfc062723c751e8b465ee728b)
Start importing Assets/FeonY/Animated Pixel-Art Backgrounds/Art/Animations/Pixel-Art Background 1/frame0007.png using Guid(53936089231915f45b6d8e8ee600e8b9) Importer(815301076,1909f56bfc062723c751e8b465ee728b) (PreviewImporter) -> (artifact id: 'a5cf400c563e15d4d805a0bdcb3cdf9f') in 0.031848 seconds
Number of updated asset objects reloaded before import = 0Number of asset objects unloaded after import = 3

========================================================================
Received Import Request.
  Time since last request: 0.028017 seconds.
  path: Assets/FeonY/Animated Pixel-Art Backgrounds/Art/Animations/Pixel-Art Background 2/frame0008.png
  artifactKey: Guid(3294cf86e79ef0546832179e4cce7603) Importer(815301076,1909f56bfc062723c751e8b465ee728b)
Start importing Assets/FeonY/Animated Pixel-Art Backgrounds/Art/Animations/Pixel-Art Background 2/frame0008.png using Guid(3294cf86e79ef0546832179e4cce7603) Importer(815301076,1909f56bfc062723c751e8b465ee728b) (PreviewImporter) -> (artifact id: 'cf28ab44b8cac1cdea2b501a56bff7a7') in 0.0236822 seconds
Number of updated asset objects reloaded before import = 0Number of asset objects unloaded after import = 3

========================================================================
Received Import Request.
  Time since last request: 0.000025 seconds.
  path: Assets/FeonY/Animated Pixel-Art Backgrounds/Art/Animations/Pixel-Art Background 4/frame0008.png
  artifactKey: Guid(3d12be4492dfe33408e58690405acec4) Importer(815301076,1909f56bfc062723c751e8b465ee728b)
Start importing Assets/FeonY/Animated Pixel-Art Backgrounds/Art/Animations/Pixel-Art Background 4/frame0008.png using Guid(3d12be4492dfe33408e58690405acec4) Importer(815301076,1909f56bfc062723c751e8b465ee728b) (PreviewImporter) -> (artifact id: 'fab199eaf691b72f16bf2560d2d2c0ad') in 0.0576429 seconds
Number of updated asset objects reloaded before import = 0Number of asset objects unloaded after import = 3

========================================================================
Received Import Request.
  Time since last request: 0.000046 seconds.
  path: Assets/FeonY/Animated Pixel-Art Backgrounds/Art/Animations/Pixel-Art Background 1/frame0008.png
  artifactKey: Guid(01da7614ac2fbdd45a376ae9c8a94ad6) Importer(815301076,1909f56bfc062723c751e8b465ee728b)
Start importing Assets/FeonY/Animated Pixel-Art Backgrounds/Art/Animations/Pixel-Art Background 1/frame0008.png using Guid(01da7614ac2fbdd45a376ae9c8a94ad6) Importer(815301076,1909f56bfc062723c751e8b465ee728b) (PreviewImporter) -> (artifact id: '0a3f5bc7d2b71382ca873d7205fbfa8d') in 0.1122828 seconds
Number of updated asset objects reloaded before import = 0Number of asset objects unloaded after import = 3

========================================================================
Received Import Request.
  Time since last request: 0.035046 seconds.
  path: Assets/FeonY/Animated Pixel-Art Backgrounds/Art/Animations/Pixel-Art Background 1/frame0009.png
  artifactKey: Guid(9072d129476a5bf428b093eeac4d148e) Importer(815301076,1909f56bfc062723c751e8b465ee728b)
Start importing Assets/FeonY/Animated Pixel-Art Backgrounds/Art/Animations/Pixel-Art Background 1/frame0009.png using Guid(9072d129476a5bf428b093eeac4d148e) Importer(815301076,1909f56bfc062723c751e8b465ee728b) (PreviewImporter) -> (artifact id: '35f51cede4bf1c336d3533276dc6f99e') in 0.0327073 seconds
Number of updated asset objects reloaded before import = 0Number of asset objects unloaded after import = 3

========================================================================
Received Import Request.
  Time since last request: 0.688841 seconds.
  path: Assets/FeonY/Animated Pixel-Art Backgrounds/Art/Animations/Pixel-Art Background 4/frame0005.png
  artifactKey: Guid(1baf104ad87bdbd49b2a8770fc1e1b52) Importer(815301076,1909f56bfc062723c751e8b465ee728b)
Start importing Assets/FeonY/Animated Pixel-Art Backgrounds/Art/Animations/Pixel-Art Background 4/frame0005.png using Guid(1baf104ad87bdbd49b2a8770fc1e1b52) Importer(815301076,1909f56bfc062723c751e8b465ee728b) (PreviewImporter) -> (artifact id: '3c063ef9c07a64de9860c3edebcce052') in 0.0555864 seconds
Number of updated asset objects reloaded before import = 0Number of asset objects unloaded after import = 3

========================================================================
Received Import Request.
  Time since last request: 0.000042 seconds.
  path: Assets/FeonY/Animated Pixel-Art Backgrounds/Art/Animations/Pixel-Art Background 1/frame0005.png
  artifactKey: Guid(31f9bf66de4372646b558e1f31af970e) Importer(815301076,1909f56bfc062723c751e8b465ee728b)
Start importing Assets/FeonY/Animated Pixel-Art Backgrounds/Art/Animations/Pixel-Art Background 1/frame0005.png using Guid(31f9bf66de4372646b558e1f31af970e) Importer(815301076,1909f56bfc062723c751e8b465ee728b) (PreviewImporter) -> (artifact id: '38e4af654d2e8bd4d70a30e7643e5644') in 0.0245613 seconds
Number of updated asset objects reloaded before import = 0Number of asset objects unloaded after import = 3

========================================================================
Received Import Request.
  Time since last request: 0.000038 seconds.
  path: Assets/FeonY/Animated Pixel-Art Backgrounds/Art/Animations/Pixel-Art Background 3/frame0005.png
  artifactKey: Guid(cb7726179a6cf4b4db5810cbe918814f) Importer(815301076,1909f56bfc062723c751e8b465ee728b)
Start importing Assets/FeonY/Animated Pixel-Art Backgrounds/Art/Animations/Pixel-Art Background 3/frame0005.png using Guid(cb7726179a6cf4b4db5810cbe918814f) Importer(815301076,1909f56bfc062723c751e8b465ee728b) (PreviewImporter) -> (artifact id: 'c98c2ae56faaea7d6c4fef13d6e6b13a') in 0.0231291 seconds
Number of updated asset objects reloaded before import = 0Number of asset objects unloaded after import = 3

========================================================================
Received Import Request.
  Time since last request: 0.000032 seconds.
  path: Assets/FeonY/Animated Pixel-Art Backgrounds/Art/Animations/Pixel-Art Background 4/frame0006.png
  artifactKey: Guid(1e163523198d50d48b7ca44f63ec38d5) Importer(815301076,1909f56bfc062723c751e8b465ee728b)
Start importing Assets/FeonY/Animated Pixel-Art Backgrounds/Art/Animations/Pixel-Art Background 4/frame0006.png using Guid(1e163523198d50d48b7ca44f63ec38d5) Importer(815301076,1909f56bfc062723c751e8b465ee728b) (PreviewImporter) -> (artifact id: 'c40d17a0459be5b25a758c83e0a49a75') in 0.1286025 seconds
Number of updated asset objects reloaded before import = 0Number of asset objects unloaded after import = 3

========================================================================
Received Import Request.
  Time since last request: 0.017094 seconds.
  path: Assets/FeonY/Animated Pixel-Art Backgrounds/Art/Animations/Pixel-Art Background 2/frame0003.png
  artifactKey: Guid(65431f59a94b0274383ddef036ed79c0) Importer(815301076,1909f56bfc062723c751e8b465ee728b)
Start importing Assets/FeonY/Animated Pixel-Art Backgrounds/Art/Animations/Pixel-Art Background 2/frame0003.png using Guid(65431f59a94b0274383ddef036ed79c0) Importer(815301076,1909f56bfc062723c751e8b465ee728b) (PreviewImporter) -> (artifact id: '003ff01c7c3ede91577823c0cd25987d') in 0.0298133 seconds
Number of updated asset objects reloaded before import = 0Number of asset objects unloaded after import = 3

========================================================================
Received Import Request.
  Time since last request: 0.046728 seconds.
  path: Assets/FeonY/Animated Pixel-Art Backgrounds/Art/Animations/Pixel-Art Background 1/frame0003.png
  artifactKey: Guid(5c2b607647f64f047aa764ff20eea96e) Importer(815301076,1909f56bfc062723c751e8b465ee728b)
Start importing Assets/FeonY/Animated Pixel-Art Backgrounds/Art/Animations/Pixel-Art Background 1/frame0003.png using Guid(5c2b607647f64f047aa764ff20eea96e) Importer(815301076,1909f56bfc062723c751e8b465ee728b) (PreviewImporter) -> (artifact id: 'd76cc972e4d86322203cfb11f97efb8f') in 0.0282042 seconds
Number of updated asset objects reloaded before import = 0Number of asset objects unloaded after import = 3

========================================================================
Received Import Request.
  Time since last request: 0.057448 seconds.
  path: Assets/FeonY/Animated Pixel-Art Backgrounds/Art/Animations/Pixel-Art Background 2/frame0004.png
  artifactKey: Guid(32c827ea925f45b4f97b1d9b31604c48) Importer(815301076,1909f56bfc062723c751e8b465ee728b)
Start importing Assets/FeonY/Animated Pixel-Art Backgrounds/Art/Animations/Pixel-Art Background 2/frame0004.png using Guid(32c827ea925f45b4f97b1d9b31604c48) Importer(815301076,1909f56bfc062723c751e8b465ee728b) (PreviewImporter) -> (artifact id: '87ff631d0306bfb835fb2be5d311a42d') in 0.0236691 seconds
Number of updated asset objects reloaded before import = 0Number of asset objects unloaded after import = 3

========================================================================
Received Import Request.
  Time since last request: 0.021810 seconds.
  path: Assets/FeonY/Animated Pixel-Art Backgrounds/Art/Animations/Pixel-Art Background 3/frame0004.png
  artifactKey: Guid(a1d16844ae694ea4faa096f5082705da) Importer(815301076,1909f56bfc062723c751e8b465ee728b)
Start importing Assets/FeonY/Animated Pixel-Art Backgrounds/Art/Animations/Pixel-Art Background 3/frame0004.png using Guid(a1d16844ae694ea4faa096f5082705da) Importer(815301076,1909f56bfc062723c751e8b465ee728b) (PreviewImporter) -> (artifact id: 'db0b698e02b0de7735d7de9a07b5c93e') in 0.0309024 seconds
Number of updated asset objects reloaded before import = 0Number of asset objects unloaded after import = 3

========================================================================
Received Import Request.
  Time since last request: 0.000046 seconds.
  path: Assets/FeonY/Animated Pixel-Art Backgrounds/Art/Animations/Pixel-Art Background 2/frame0005.png
  artifactKey: Guid(c262e62a071c79847b0dbd63577057bd) Importer(815301076,1909f56bfc062723c751e8b465ee728b)
Start importing Assets/FeonY/Animated Pixel-Art Backgrounds/Art/Animations/Pixel-Art Background 2/frame0005.png using Guid(c262e62a071c79847b0dbd63577057bd) Importer(815301076,1909f56bfc062723c751e8b465ee728b) (PreviewImporter) -> (artifact id: '525f77ec36d82e6a5730a254f23c0d70') in 0.0672576 seconds
Number of updated asset objects reloaded before import = 0Number of asset objects unloaded after import = 3

========================================================================
Received Import Request.
  Time since last request: 0.537553 seconds.
  path: Assets/FeonY/Animated Pixel-Art Backgrounds/Art/Animations/Pixel-Art Background 4/frame0002.png
  artifactKey: Guid(d6f922f60e5989d4281313a8c70b9089) Importer(815301076,1909f56bfc062723c751e8b465ee728b)
Start importing Assets/FeonY/Animated Pixel-Art Backgrounds/Art/Animations/Pixel-Art Background 4/frame0002.png using Guid(d6f922f60e5989d4281313a8c70b9089) Importer(815301076,1909f56bfc062723c751e8b465ee728b) (PreviewImporter) -> (artifact id: 'a5f145810e5beb6edcd641d1de789cf3') in 0.0950211 seconds
Number of updated asset objects reloaded before import = 0Number of asset objects unloaded after import = 3

========================================================================
Received Import Request.
  Time since last request: 0.054002 seconds.
  path: Assets/FeonY/Animated Pixel-Art Backgrounds/Art/Animations/Pixel-Art Background 2/frame0002.png
  artifactKey: Guid(5c32019579463b4488ad59f3944a6c40) Importer(815301076,1909f56bfc062723c751e8b465ee728b)
Start importing Assets/FeonY/Animated Pixel-Art Backgrounds/Art/Animations/Pixel-Art Background 2/frame0002.png using Guid(5c32019579463b4488ad59f3944a6c40) Importer(815301076,1909f56bfc062723c751e8b465ee728b) (PreviewImporter) -> (artifact id: '4cf37564548c5910ef4808cfecb5338f') in 0.0648847 seconds
Number of updated asset objects reloaded before import = 0Number of asset objects unloaded after import = 3

========================================================================
Received Import Request.
  Time since last request: 0.054368 seconds.
  path: Assets/FeonY/Animated Pixel-Art Backgrounds/Art/Animations/Pixel-Art Background 4/frame0001.png
  artifactKey: Guid(290ac8c886cb8634a9f7be080c73ad39) Importer(815301076,1909f56bfc062723c751e8b465ee728b)
Start importing Assets/FeonY/Animated Pixel-Art Backgrounds/Art/Animations/Pixel-Art Background 4/frame0001.png using Guid(290ac8c886cb8634a9f7be080c73ad39) Importer(815301076,1909f56bfc062723c751e8b465ee728b) (PreviewImporter) -> (artifact id: 'db47e9682b8b9148ac14e4d4199b7092') in 0.0520098 seconds
Number of updated asset objects reloaded before import = 0Number of asset objects unloaded after import = 3

========================================================================
Received Import Request.
  Time since last request: 0.000041 seconds.
  path: Assets/FeonY/Animated Pixel-Art Backgrounds/Art/Animations/Pixel-Art Background 1/frame0001.png
  artifactKey: Guid(c1982d9a7299f964ebf2037f45650a2f) Importer(815301076,1909f56bfc062723c751e8b465ee728b)
Start importing Assets/FeonY/Animated Pixel-Art Backgrounds/Art/Animations/Pixel-Art Background 1/frame0001.png using Guid(c1982d9a7299f964ebf2037f45650a2f) Importer(815301076,1909f56bfc062723c751e8b465ee728b) (PreviewImporter) -> (artifact id: '21e46e7612f515594d32caaa1ff88c6a') in 0.0671186 seconds
Number of updated asset objects reloaded before import = 0Number of asset objects unloaded after import = 3

========================================================================
Received Import Request.
  Time since last request: 0.000124 seconds.
  path: Assets/FeonY/Animated Pixel-Art Backgrounds/Art/Animations/Pixel-Art Background 2/frame0001.png
  artifactKey: Guid(f6a9c097dd67686478c50767c234fdb7) Importer(815301076,1909f56bfc062723c751e8b465ee728b)
Start importing Assets/FeonY/Animated Pixel-Art Backgrounds/Art/Animations/Pixel-Art Background 2/frame0001.png using Guid(f6a9c097dd67686478c50767c234fdb7) Importer(815301076,1909f56bfc062723c751e8b465ee728b) (PreviewImporter) -> (artifact id: '2b20799210bb605947e0c59460aa3e8f') in 0.0280275 seconds
Number of updated asset objects reloaded before import = 0Number of asset objects unloaded after import = 3

========================================================================
Received Import Request.
  Time since last request: 0.018059 seconds.
  path: Assets/FeonY/Animated Pixel-Art Backgrounds/Art/Animations/Pixel-Art Background 1/frame0002.png
  artifactKey: Guid(b868465eb8f42734c85e2aceb73ff94c) Importer(815301076,1909f56bfc062723c751e8b465ee728b)
Start importing Assets/FeonY/Animated Pixel-Art Backgrounds/Art/Animations/Pixel-Art Background 1/frame0002.png using Guid(b868465eb8f42734c85e2aceb73ff94c) Importer(815301076,1909f56bfc062723c751e8b465ee728b) (PreviewImporter) -> (artifact id: '2f76954f3fa8c3431e5a8a57b64cd9d6') in 0.0317978 seconds
Number of updated asset objects reloaded before import = 0Number of asset objects unloaded after import = 3

========================================================================
Received Import Request.
  Time since last request: 0.411793 seconds.
  path: Assets/FeonY/Animated Pixel-Art Backgrounds/Art/Animations/Pixel-Art Background 1/frame0000.png
  artifactKey: Guid(170392485892c0943991129b9cbb3ef5) Importer(815301076,1909f56bfc062723c751e8b465ee728b)
Start importing Assets/FeonY/Animated Pixel-Art Backgrounds/Art/Animations/Pixel-Art Background 1/frame0000.png using Guid(170392485892c0943991129b9cbb3ef5) Importer(815301076,1909f56bfc062723c751e8b465ee728b) (PreviewImporter) -> (artifact id: '6e5d61fb95f5823fb6f7ef1307f7fca3') in 0.0533954 seconds
Number of updated asset objects reloaded before import = 0Number of asset objects unloaded after import = 3

========================================================================
Received Import Request.
  Time since last request: 0.000027 seconds.
  path: Assets/FeonY/Animated Pixel-Art Backgrounds/Art/Animations/Pixel-Art Background 4/frame0000.png
  artifactKey: Guid(eeb0e9f70ba6e664e9e6d064e13c821c) Importer(815301076,1909f56bfc062723c751e8b465ee728b)
Start importing Assets/FeonY/Animated Pixel-Art Backgrounds/Art/Animations/Pixel-Art Background 4/frame0000.png using Guid(eeb0e9f70ba6e664e9e6d064e13c821c) Importer(815301076,1909f56bfc062723c751e8b465ee728b) (PreviewImporter) -> (artifact id: '75a8da4e2ddb1d02f9e17f58d0fa1413') in 0.060767 seconds
Number of updated asset objects reloaded before import = 0Number of asset objects unloaded after import = 3

========================================================================
Received Import Request.
  Time since last request: 0.000035 seconds.
  path: Assets/FeonY/Animated Pixel-Art Backgrounds/Art/Animations/Pixel-Art Background 3/frame0000.png
  artifactKey: Guid(c60ad20e04a1ca548b2f6ae3eec213c4) Importer(815301076,1909f56bfc062723c751e8b465ee728b)
Start importing Assets/FeonY/Animated Pixel-Art Backgrounds/Art/Animations/Pixel-Art Background 3/frame0000.png using Guid(c60ad20e04a1ca548b2f6ae3eec213c4) Importer(815301076,1909f56bfc062723c751e8b465ee728b) (PreviewImporter) -> (artifact id: 'f40a7b11f106be769aa0ca01917801b5') in 0.0420605 seconds
Number of updated asset objects reloaded before import = 0Number of asset objects unloaded after import = 3

========================================================================
Received Import Request.
  Time since last request: 0.000034 seconds.
  path: Assets/FeonY/Animated Pixel-Art Backgrounds/Art/Animations/Pixel-Art Background 3/frame0001.png
  artifactKey: Guid(ee8b803cbc37c1946b065cd601fe338d) Importer(815301076,1909f56bfc062723c751e8b465ee728b)
Start importing Assets/FeonY/Animated Pixel-Art Backgrounds/Art/Animations/Pixel-Art Background 3/frame0001.png using Guid(ee8b803cbc37c1946b065cd601fe338d) Importer(815301076,1909f56bfc062723c751e8b465ee728b) (PreviewImporter) -> (artifact id: 'bc0ad1211e06c6c385ee23510a8544a1') in 0.079928 seconds
Number of updated asset objects reloaded before import = 0Number of asset objects unloaded after import = 3

========================================================================
Received Import Request.
  Time since last request: 0.000028 seconds.
  path: Assets/GameInputControllerIconsFree/keyboard/keyboard-outlined/f10.png
  artifactKey: Guid(e21c216e5494ca84295d23bc4e3ea650) Importer(815301076,1909f56bfc062723c751e8b465ee728b)
Start importing Assets/GameInputControllerIconsFree/keyboard/keyboard-outlined/f10.png using Guid(e21c216e5494ca84295d23bc4e3ea650) Importer(815301076,1909f56bfc062723c751e8b465ee728b) (PreviewImporter) -> (artifact id: 'b0737862a535efa029ece836a778021e') in 0.0299003 seconds
Number of updated asset objects reloaded before import = 0Number of asset objects unloaded after import = 3

========================================================================
Received Import Request.
  Time since last request: 0.000043 seconds.
  path: Assets/GameInputControllerIconsFree/keyboard/keyboard-outlined/f11.png
  artifactKey: Guid(e876a94f468c7094f86dd78fc4c3bf21) Importer(815301076,1909f56bfc062723c751e8b465ee728b)
Start importing Assets/GameInputControllerIconsFree/keyboard/keyboard-outlined/f11.png using Guid(e876a94f468c7094f86dd78fc4c3bf21) Importer(815301076,1909f56bfc062723c751e8b465ee728b) (PreviewImporter) -> (artifact id: 'f28a6597e0f37a152e241513903d0f32') in 0.0269398 seconds
Number of updated asset objects reloaded before import = 0Number of asset objects unloaded after import = 3

========================================================================
Received Import Request.
  Time since last request: 0.000024 seconds.
  path: Assets/GameInputControllerIconsFree/keyboard/keyboard-outlined/f12.png
  artifactKey: Guid(90b76194fbe0599499a900a8dd15fd4c) Importer(815301076,1909f56bfc062723c751e8b465ee728b)
Start importing Assets/GameInputControllerIconsFree/keyboard/keyboard-outlined/f12.png using Guid(90b76194fbe0599499a900a8dd15fd4c) Importer(815301076,1909f56bfc062723c751e8b465ee728b) (PreviewImporter) -> (artifact id: '3b14f8ab93b439b8bb79edbc79a776ed') in 0.0249677 seconds
Number of updated asset objects reloaded before import = 0Number of asset objects unloaded after import = 3

========================================================================
Received Import Request.
  Time since last request: 0.000028 seconds.
  path: Assets/GameInputControllerIconsFree/keyboard/keyboard-solid/f12.png
  artifactKey: Guid(fada063d091e7ed418dcb2543936aa55) Importer(815301076,1909f56bfc062723c751e8b465ee728b)
Start importing Assets/GameInputControllerIconsFree/keyboard/keyboard-solid/f12.png using Guid(fada063d091e7ed418dcb2543936aa55) Importer(815301076,1909f56bfc062723c751e8b465ee728b) (PreviewImporter) -> (artifact id: '9a2d54d719b236473bdca0e64889a85e') in 0.024356 seconds
Number of updated asset objects reloaded before import = 0Number of asset objects unloaded after import = 3

========================================================================
Received Import Request.
  Time since last request: 0.000040 seconds.
  path: Assets/GameInputControllerIconsFree/keyboard/keyboard-outlined/forward-slash.png
  artifactKey: Guid(d12701f2e0ad633498d330763b9feff4) Importer(815301076,1909f56bfc062723c751e8b465ee728b)
Start importing Assets/GameInputControllerIconsFree/keyboard/keyboard-outlined/forward-slash.png using Guid(d12701f2e0ad633498d330763b9feff4) Importer(815301076,1909f56bfc062723c751e8b465ee728b) (PreviewImporter) -> (artifact id: 'df053613701e98236b6f007695334585') in 0.075717 seconds
Number of updated asset objects reloaded before import = 0Number of asset objects unloaded after import = 3

========================================================================
Received Import Request.
  Time since last request: 0.000045 seconds.
  path: Assets/GameInputControllerIconsFree/keyboard/keyboard-solid/forward-slash.png
  artifactKey: Guid(4719e96bee1737842bdb79f148deb5e8) Importer(815301076,1909f56bfc062723c751e8b465ee728b)
Start importing Assets/GameInputControllerIconsFree/keyboard/keyboard-solid/forward-slash.png using Guid(4719e96bee1737842bdb79f148deb5e8) Importer(815301076,1909f56bfc062723c751e8b465ee728b) (PreviewImporter) -> (artifact id: 'd76b83b0e622ccc0597ae7adc818f8ad') in 0.0332093 seconds
Number of updated asset objects reloaded before import = 0Number of asset objects unloaded after import = 3

========================================================================
Received Import Request.
  Time since last request: 0.944680 seconds.
  path: Assets/GameInputControllerIconsFree/keyboard/keyboard-solid/f7.png
  artifactKey: Guid(2ddf008c8ece0874a8802be843fa2bc6) Importer(815301076,1909f56bfc062723c751e8b465ee728b)
Start importing Assets/GameInputControllerIconsFree/keyboard/keyboard-solid/f7.png using Guid(2ddf008c8ece0874a8802be843fa2bc6) Importer(815301076,1909f56bfc062723c751e8b465ee728b) (PreviewImporter) -> (artifact id: '3b4728d69be5263d7861a44f097493ca') in 0.0297535 seconds
Number of updated asset objects reloaded before import = 0Number of asset objects unloaded after import = 3

========================================================================
Received Import Request.
  Time since last request: 0.000036 seconds.
  path: Assets/GameInputControllerIconsFree/keyboard/keyboard-outlined/f8.png
  artifactKey: Guid(f9b3330d4cf77f0469d91b0d6a1efd15) Importer(815301076,1909f56bfc062723c751e8b465ee728b)
Start importing Assets/GameInputControllerIconsFree/keyboard/keyboard-outlined/f8.png using Guid(f9b3330d4cf77f0469d91b0d6a1efd15) Importer(815301076,1909f56bfc062723c751e8b465ee728b) (PreviewImporter) -> (artifact id: 'ff60593ccf151ec23cc4280576f9a65c') in 0.0350204 seconds
Number of updated asset objects reloaded before import = 0Number of asset objects unloaded after import = 3

========================================================================
Received Import Request.
  Time since last request: 0.522866 seconds.
  path: Assets/GameInputControllerIconsFree/keyboard/keyboard-outlined/f5.png
  artifactKey: Guid(40c9b03ba9c2ac742836264a1fb58244) Importer(815301076,1909f56bfc062723c751e8b465ee728b)
Start importing Assets/GameInputControllerIconsFree/keyboard/keyboard-outlined/f5.png using Guid(40c9b03ba9c2ac742836264a1fb58244) Importer(815301076,1909f56bfc062723c751e8b465ee728b) (PreviewImporter) -> (artifact id: '456c4fb345b42018379faedfb49f16e0') in 0.0288326 seconds
Number of updated asset objects reloaded before import = 0Number of asset objects unloaded after import = 3

========================================================================
Received Import Request.
  Time since last request: 0.007939 seconds.
  path: Assets/GameInputControllerIconsFree/keyboard/keyboard-outlined/f6.png
  artifactKey: Guid(41f4381cb90f85c4eb5269ce7cc84dca) Importer(815301076,1909f56bfc062723c751e8b465ee728b)
Start importing Assets/GameInputControllerIconsFree/keyboard/keyboard-outlined/f6.png using Guid(41f4381cb90f85c4eb5269ce7cc84dca) Importer(815301076,1909f56bfc062723c751e8b465ee728b) (PreviewImporter) -> (artifact id: '3a86c938bc1b0d1bb92c23dda5ad3902') in 0.0230934 seconds
Number of updated asset objects reloaded before import = 0Number of asset objects unloaded after import = 3

========================================================================
Received Import Request.
  Time since last request: 0.041342 seconds.
  path: Assets/GameInputControllerIconsFree/keyboard/keyboard-outlined/f3.png
  artifactKey: Guid(44cbead6b4b743648bf49bfcca3a64e0) Importer(815301076,1909f56bfc062723c751e8b465ee728b)
Start importing Assets/GameInputControllerIconsFree/keyboard/keyboard-outlined/f3.png using Guid(44cbead6b4b743648bf49bfcca3a64e0) Importer(815301076,1909f56bfc062723c751e8b465ee728b) (PreviewImporter) -> (artifact id: '3696463be6c9565e7ebe14e648402f37') in 0.0238047 seconds
Number of updated asset objects reloaded before import = 0Number of asset objects unloaded after import = 3

========================================================================
Received Import Request.
  Time since last request: 0.000025 seconds.
  path: Assets/GameInputControllerIconsFree/keyboard/keyboard-solid/f4.png
  artifactKey: Guid(535b8d87946c0db4a8b8a16acbef3981) Importer(815301076,1909f56bfc062723c751e8b465ee728b)
Start importing Assets/GameInputControllerIconsFree/keyboard/keyboard-solid/f4.png using Guid(535b8d87946c0db4a8b8a16acbef3981) Importer(815301076,1909f56bfc062723c751e8b465ee728b) (PreviewImporter) -> (artifact id: '788b8781674e0803e365b3fe4a32a56b') in 0.0248516 seconds
Number of updated asset objects reloaded before import = 0Number of asset objects unloaded after import = 3

========================================================================
Received Import Request.
  Time since last request: 0.000052 seconds.
  path: Assets/GameInputControllerIconsFree/keyboard/keyboard-solid/f5.png
  artifactKey: Guid(41ceb5eed1c658c40b7761b144b0bf43) Importer(815301076,1909f56bfc062723c751e8b465ee728b)
Start importing Assets/GameInputControllerIconsFree/keyboard/keyboard-solid/f5.png using Guid(41ceb5eed1c658c40b7761b144b0bf43) Importer(815301076,1909f56bfc062723c751e8b465ee728b) (PreviewImporter) -> (artifact id: '55ed5a754cdf123aefb17e3deaf5a0ac') in 0.0292735 seconds
Number of updated asset objects reloaded before import = 0Number of asset objects unloaded after import = 3

========================================================================
Received Import Request.
  Time since last request: 0.396338 seconds.
  path: Assets/GameInputControllerIconsFree/keyboard/keyboard-solid/f2.png
  artifactKey: Guid(eda0cf5d765bbd740b7c0d8c23f257e4) Importer(815301076,1909f56bfc062723c751e8b465ee728b)
Start importing Assets/GameInputControllerIconsFree/keyboard/keyboard-solid/f2.png using Guid(eda0cf5d765bbd740b7c0d8c23f257e4) Importer(815301076,1909f56bfc062723c751e8b465ee728b) (PreviewImporter) -> (artifact id: '43a4a35bdf70cda2ced66e4fa3464bb6') in 0.0328899 seconds
Number of updated asset objects reloaded before import = 0Number of asset objects unloaded after import = 3

========================================================================
Received Import Request.
  Time since last request: 0.000029 seconds.
  path: Assets/GameInputControllerIconsFree/keyboard/keyboard-solid/f.png
  artifactKey: Guid(2de94e7d51b53144ebf574a7637a9233) Importer(815301076,1909f56bfc062723c751e8b465ee728b)
Start importing Assets/GameInputControllerIconsFree/keyboard/keyboard-solid/f.png using Guid(2de94e7d51b53144ebf574a7637a9233) Importer(815301076,1909f56bfc062723c751e8b465ee728b) (PreviewImporter) -> (artifact id: '9c4330177d6a8550386ebac60a48a24f') in 0.028234 seconds
Number of updated asset objects reloaded before import = 0Number of asset objects unloaded after import = 3

========================================================================
Received Import Request.
  Time since last request: 0.004551 seconds.
  path: Assets/GameInputControllerIconsFree/keyboard/keyboard-solid/f1.png
  artifactKey: Guid(63b5c8c59c02fae4babc0af4a1010dd2) Importer(815301076,1909f56bfc062723c751e8b465ee728b)
Start importing Assets/GameInputControllerIconsFree/keyboard/keyboard-solid/f1.png using Guid(63b5c8c59c02fae4babc0af4a1010dd2) Importer(815301076,1909f56bfc062723c751e8b465ee728b) (PreviewImporter) -> (artifact id: 'c1acc733a98860813ea73afd9a9c4a01') in 0.0329666 seconds
Number of updated asset objects reloaded before import = 0Number of asset objects unloaded after import = 3

========================================================================
Received Import Request.
  Time since last request: 0.378199 seconds.
  path: Packages/com.unity.2d.animation/Editor/Assets/EditorIcons/Light/ErrorIcon_Small.png
  artifactKey: Guid(b907418b2ad9d40209c49fe8b7fbd43f) Importer(815301076,1909f56bfc062723c751e8b465ee728b)
Start importing Packages/com.unity.2d.animation/Editor/Assets/EditorIcons/Light/ErrorIcon_Small.png using Guid(b907418b2ad9d40209c49fe8b7fbd43f) Importer(815301076,1909f56bfc062723c751e8b465ee728b) (PreviewImporter) -> (artifact id: 'a15842ac18644f54163b005727f44f7e') in 0.0970295 seconds
Number of updated asset objects reloaded before import = 0Number of asset objects unloaded after import = 3

========================================================================
Received Import Request.
  Time since last request: 0.000081 seconds.
  path: Assets/GameInputControllerIconsFree/keyboard/keyboard-solid/esc.png
  artifactKey: Guid(a51aac4521ec79b4f99279d63e8c4d78) Importer(815301076,1909f56bfc062723c751e8b465ee728b)
Start importing Assets/GameInputControllerIconsFree/keyboard/keyboard-solid/esc.png using Guid(a51aac4521ec79b4f99279d63e8c4d78) Importer(815301076,1909f56bfc062723c751e8b465ee728b) (PreviewImporter) -> (artifact id: 'fd2503789d7a82600b866c4900805c7e') in 0.0246777 seconds
Number of updated asset objects reloaded before import = 0Number of asset objects unloaded after import = 3

========================================================================
Received Import Request.
  Time since last request: 0.000035 seconds.
  path: Packages/com.unity.render-pipelines.core/Editor/LookDev/Icons/Environment.png
  artifactKey: Guid(8accc003516bedf4b94c9c8a86b2b6a1) Importer(815301076,1909f56bfc062723c751e8b465ee728b)
Start importing Packages/com.unity.render-pipelines.core/Editor/LookDev/Icons/Environment.png using Guid(8accc003516bedf4b94c9c8a86b2b6a1) Importer(815301076,1909f56bfc062723c751e8b465ee728b) (PreviewImporter) -> (artifact id: '45d6d72e3ad11a9888942b892e351078') in 0.0362031 seconds
Number of updated asset objects reloaded before import = 0Number of asset objects unloaded after import = 3

========================================================================
Received Import Request.
  Time since last request: 0.000031 seconds.
  path: Assets/GameInputControllerIconsFree/keyboard/keyboard-solid/equals.png
  artifactKey: Guid(b7933ca9bcaebec408f1dbb5531953cb) Importer(815301076,1909f56bfc062723c751e8b465ee728b)
Start importing Assets/GameInputControllerIconsFree/keyboard/keyboard-solid/equals.png using Guid(b7933ca9bcaebec408f1dbb5531953cb) Importer(815301076,1909f56bfc062723c751e8b465ee728b) (PreviewImporter) -> (artifact id: 'ac344db7a456be45cad61f385c3c3220') in 0.0427936 seconds
Number of updated asset objects reloaded before import = 0Number of asset objects unloaded after import = 3

========================================================================
Received Import Request.
  Time since last request: 4.074717 seconds.
  path: Assets/Prefab/Goal.prefab
  artifactKey: Guid(9d3fb12386febe847bab2ab777622295) Importer(815301076,1909f56bfc062723c751e8b465ee728b)
Start importing Assets/Prefab/Goal.prefab using Guid(9d3fb12386febe847bab2ab777622295) Importer(815301076,1909f56bfc062723c751e8b465ee728b) (PreviewImporter) -> (artifact id: '4f68e41c9a09fbf6725d092975faa770') in 0.0336392 seconds
Number of updated asset objects reloaded before import = 0Number of asset objects unloaded after import = 9

========================================================================
Received Import Request.
  Time since last request: 6.528430 seconds.
  path: Packages/com.unity.2d.animation/Editor/Assets/EditorIcons/Light/character_Mode@2x.png
  artifactKey: Guid(25096ce515c063c48a2bd6b108c95912) Importer(815301076,1909f56bfc062723c751e8b465ee728b)
Start importing Packages/com.unity.2d.animation/Editor/Assets/EditorIcons/Light/character_Mode@2x.png using Guid(25096ce515c063c48a2bd6b108c95912) Importer(815301076,1909f56bfc062723c751e8b465ee728b) (PreviewImporter) -> (artifact id: '3c85ff14048d99e43334c546400aa71c') in 0.0604321 seconds
Number of updated asset objects reloaded before import = 0Number of asset objects unloaded after import = 3

========================================================================
Received Import Request.
  Time since last request: 0.000037 seconds.
  path: Packages/com.unity.2d.animation/Editor/Assets/EditorIcons/Selected/character_Mode@3x.png
  artifactKey: Guid(dcea51d6065d64246aeec467afeff684) Importer(815301076,1909f56bfc062723c751e8b465ee728b)
Start importing Packages/com.unity.2d.animation/Editor/Assets/EditorIcons/Selected/character_Mode@3x.png using Guid(dcea51d6065d64246aeec467afeff684) Importer(815301076,1909f56bfc062723c751e8b465ee728b) (PreviewImporter) -> (artifact id: 'a76228942b7dc78e078776d0ec8b6ecd') in 0.0338981 seconds
Number of updated asset objects reloaded before import = 0Number of asset objects unloaded after import = 3

========================================================================
Received Import Request.
  Time since last request: 0.000039 seconds.
  path: Packages/com.unity.2d.animation/Editor/Assets/EditorIcons/Selected/character_Mode@4x.png
  artifactKey: Guid(0ccc508108fa6ed4fa11b4a467d7f609) Importer(815301076,1909f56bfc062723c751e8b465ee728b)
Start importing Packages/com.unity.2d.animation/Editor/Assets/EditorIcons/Selected/character_Mode@4x.png using Guid(0ccc508108fa6ed4fa11b4a467d7f609) Importer(815301076,1909f56bfc062723c751e8b465ee728b) (PreviewImporter) -> (artifact id: '1d6d90987c6ab47bb0825d6b8e06d477') in 0.0798835 seconds
Number of updated asset objects reloaded before import = 0Number of asset objects unloaded after import = 3

========================================================================
Received Import Request.
  Time since last request: 0.030768 seconds.
  path: Assets/GameInputControllerIconsFree/keyboard/keyboard-solid/comma.png
  artifactKey: Guid(ff47748dd7d797f44b22b91535adb29a) Importer(815301076,1909f56bfc062723c751e8b465ee728b)
Start importing Assets/GameInputControllerIconsFree/keyboard/keyboard-solid/comma.png using Guid(ff47748dd7d797f44b22b91535adb29a) Importer(815301076,1909f56bfc062723c751e8b465ee728b) (PreviewImporter) -> (artifact id: 'a9451a9156459f48ee90728e9a04a444') in 0.0980699 seconds
Number of updated asset objects reloaded before import = 0Number of asset objects unloaded after import = 3

========================================================================
Received Import Request.
  Time since last request: 0.000751 seconds.
  path: Assets/GameInputControllerIconsFree/keyboard/keyboard-solid/context.png
  artifactKey: Guid(2c9c1625914ce6546a8181be2458766d) Importer(815301076,1909f56bfc062723c751e8b465ee728b)
Start importing Assets/GameInputControllerIconsFree/keyboard/keyboard-solid/context.png using Guid(2c9c1625914ce6546a8181be2458766d) Importer(815301076,1909f56bfc062723c751e8b465ee728b) (PreviewImporter) -> (artifact id: '6ed98751e53df129d72eb4551e7991bb') in 0.0505018 seconds
Number of updated asset objects reloaded before import = 0Number of asset objects unloaded after import = 3

========================================================================
Received Import Request.
  Time since last request: 1.909414 seconds.
  path: Packages/com.unity.2d.tilemap/Editor/Icons/d_Tilemap.FocusGrid@2x.png
  artifactKey: Guid(6c05763976bcac64ebefb1f097e6ef84) Importer(815301076,1909f56bfc062723c751e8b465ee728b)
Start importing Packages/com.unity.2d.tilemap/Editor/Icons/d_Tilemap.FocusGrid@2x.png using Guid(6c05763976bcac64ebefb1f097e6ef84) Importer(815301076,1909f56bfc062723c751e8b465ee728b) (PreviewImporter) -> (artifact id: '9d191c06f7063a03cc0a6efee8313eb2') in 0.0668194 seconds
Number of updated asset objects reloaded before import = 0Number of asset objects unloaded after import = 3

========================================================================
Received Import Request.
  Time since last request: 0.000046 seconds.
  path: Packages/com.unity.2d.tilemap/Editor/Icons/d_Tilemap.FocusNone@2x.png
  artifactKey: Guid(479801e1f49ea2d4baf2b4c12f674bcb) Importer(815301076,1909f56bfc062723c751e8b465ee728b)
Start importing Packages/com.unity.2d.tilemap/Editor/Icons/d_Tilemap.FocusNone@2x.png using Guid(479801e1f49ea2d4baf2b4c12f674bcb) Importer(815301076,1909f56bfc062723c751e8b465ee728b) (PreviewImporter) -> (artifact id: '6160b5fa75db534ed1c6181a722c827c') in 0.0462936 seconds
Number of updated asset objects reloaded before import = 0Number of asset objects unloaded after import = 3

========================================================================
Received Import Request.
  Time since last request: 0.000047 seconds.
  path: Packages/com.unity.2d.tilemap/Editor/Icons/d_Tilemap.ShowGrid@4x.png
  artifactKey: Guid(2d35623559ffd044682af7e09affdcc8) Importer(815301076,1909f56bfc062723c751e8b465ee728b)
Start importing Packages/com.unity.2d.tilemap/Editor/Icons/d_Tilemap.ShowGrid@4x.png using Guid(2d35623559ffd044682af7e09affdcc8) Importer(815301076,1909f56bfc062723c751e8b465ee728b) (PreviewImporter) -> (artifact id: 'afd3502735478358e60c7a63fc23272a') in 0.0910429 seconds
Number of updated asset objects reloaded before import = 0Number of asset objects unloaded after import = 3

========================================================================
Received Import Request.
  Time since last request: 0.000033 seconds.
  path: Packages/com.unity.2d.tilemap/Editor/Icons/d_Tilemap.FocusTilemap@2x.png
  artifactKey: Guid(1d8efe8a75b351d4d9aa8b28ddf93196) Importer(815301076,1909f56bfc062723c751e8b465ee728b)
Start importing Packages/com.unity.2d.tilemap/Editor/Icons/d_Tilemap.FocusTilemap@2x.png using Guid(1d8efe8a75b351d4d9aa8b28ddf93196) Importer(815301076,1909f56bfc062723c751e8b465ee728b) (PreviewImporter) -> (artifact id: '1e8bfa06e1cd1d7cc7c0a26813af223b') in 0.0340739 seconds
Number of updated asset objects reloaded before import = 0Number of asset objects unloaded after import = 3

========================================================================
Received Import Request.
  Time since last request: 0.000096 seconds.
  path: Packages/com.unity.2d.animation/Editor/Assets/EditorIcons/Selected/d_Visibility_Hidded.png
  artifactKey: Guid(53537648d368cf6459e256af3d925e09) Importer(815301076,1909f56bfc062723c751e8b465ee728b)
Start importing Packages/com.unity.2d.animation/Editor/Assets/EditorIcons/Selected/d_Visibility_Hidded.png using Guid(53537648d368cf6459e256af3d925e09) Importer(815301076,1909f56bfc062723c751e8b465ee728b) (PreviewImporter) -> (artifact id: 'a14647a0fbfc4322afcbd7ca206add6f') in 0.0856414 seconds
Number of updated asset objects reloaded before import = 0Number of asset objects unloaded after import = 3

========================================================================
Received Import Request.
  Time since last request: 0.000064 seconds.
  path: Packages/com.unity.2d.tilemap/Editor/Icons/d_Tilemap.ShowGrid@2x.png
  artifactKey: Guid(4576408ff459c3a48a69ad3c7d941581) Importer(815301076,1909f56bfc062723c751e8b465ee728b)
Start importing Packages/com.unity.2d.tilemap/Editor/Icons/d_Tilemap.ShowGrid@2x.png using Guid(4576408ff459c3a48a69ad3c7d941581) Importer(815301076,1909f56bfc062723c751e8b465ee728b) (PreviewImporter) -> (artifact id: 'd9f8bd382d51aaa9a2c801bdee931740') in 0.0251513 seconds
Number of updated asset objects reloaded before import = 0Number of asset objects unloaded after import = 3

========================================================================
Received Import Request.
  Time since last request: 0.000027 seconds.
  path: Packages/com.unity.2d.animation/Editor/Assets/EditorIcons/Selected/d_Visibility_Hidded@4x.png
  artifactKey: Guid(8008767850e870a4e8baaf5a6fc8b35c) Importer(815301076,1909f56bfc062723c751e8b465ee728b)
Start importing Packages/com.unity.2d.animation/Editor/Assets/EditorIcons/Selected/d_Visibility_Hidded@4x.png using Guid(8008767850e870a4e8baaf5a6fc8b35c) Importer(815301076,1909f56bfc062723c751e8b465ee728b) (PreviewImporter) -> (artifact id: '775490f3fc846ca0ebb66911af22d753') in 0.0903605 seconds
Number of updated asset objects reloaded before import = 0Number of asset objects unloaded after import = 3

========================================================================
Received Import Request.
  Time since last request: 0.000056 seconds.
  path: Packages/com.unity.2d.animation/Editor/Assets/EditorIcons/Dark/d_Visibility_Tool 1.png
  artifactKey: Guid(8ce57331a725cc74d84af900f8f3c641) Importer(815301076,1909f56bfc062723c751e8b465ee728b)
Start importing Packages/com.unity.2d.animation/Editor/Assets/EditorIcons/Dark/d_Visibility_Tool 1.png using Guid(8ce57331a725cc74d84af900f8f3c641) Importer(815301076,1909f56bfc062723c751e8b465ee728b) (PreviewImporter) -> (artifact id: '30f3189d5e6bfd53c47af53982457163') in 0.0165377 seconds
Number of updated asset objects reloaded before import = 0Number of asset objects unloaded after import = 3

========================================================================
Received Import Request.
  Time since last request: 0.000048 seconds.
  path: Packages/com.unity.2d.tilemap/Editor/Icons/d_Tilemap.FocusNone.png
  artifactKey: Guid(5dfb96fd1c7a1bf4f9f606597de935cf) Importer(815301076,1909f56bfc062723c751e8b465ee728b)
Start importing Packages/com.unity.2d.tilemap/Editor/Icons/d_Tilemap.FocusNone.png using Guid(5dfb96fd1c7a1bf4f9f606597de935cf) Importer(815301076,1909f56bfc062723c751e8b465ee728b) (PreviewImporter) -> (artifact id: 'ea8c7cb3d2ca3763f9b088ce6d634f02') in 0.0563532 seconds
Number of updated asset objects reloaded before import = 0Number of asset objects unloaded after import = 3

========================================================================
Received Import Request.
  Time since last request: 0.000034 seconds.
  path: Packages/com.unity.2d.tilemap/Editor/Icons/d_Tilemap.FocusNone@4x.png
  artifactKey: Guid(f1d766c90aeb37d4fb8c7d1ed3ba1378) Importer(815301076,1909f56bfc062723c751e8b465ee728b)
Start importing Packages/com.unity.2d.tilemap/Editor/Icons/d_Tilemap.FocusNone@4x.png using Guid(f1d766c90aeb37d4fb8c7d1ed3ba1378) Importer(815301076,1909f56bfc062723c751e8b465ee728b) (PreviewImporter) -> (artifact id: 'b15dabd2d3ed6bb2935cb84b38cc5ed3') in 0.0474882 seconds
Number of updated asset objects reloaded before import = 0Number of asset objects unloaded after import = 3

========================================================================
Received Import Request.
  Time since last request: 0.000054 seconds.
  path: Packages/com.unity.2d.tilemap/Editor/Icons/d_Tilemap.FocusTilemap@4x.png
  artifactKey: Guid(dd62c99bd1ab0984da092d3ea327b733) Importer(815301076,1909f56bfc062723c751e8b465ee728b)
Start importing Packages/com.unity.2d.tilemap/Editor/Icons/d_Tilemap.FocusTilemap@4x.png using Guid(dd62c99bd1ab0984da092d3ea327b733) Importer(815301076,1909f56bfc062723c751e8b465ee728b) (PreviewImporter) -> (artifact id: 'd0955cd654291a6ba5396dbaaee457e8') in 0.0280286 seconds
Number of updated asset objects reloaded before import = 0Number of asset objects unloaded after import = 3

========================================================================
Received Import Request.
  Time since last request: 0.000059 seconds.
  path: Packages/com.unity.2d.animation/Editor/Assets/EditorIcons/Dark/d_Visibility_Hidded@4x.png
  artifactKey: Guid(36502ae6ddbac9e4dbf8fcd5889d661d) Importer(815301076,1909f56bfc062723c751e8b465ee728b)
Start importing Packages/com.unity.2d.animation/Editor/Assets/EditorIcons/Dark/d_Visibility_Hidded@4x.png using Guid(36502ae6ddbac9e4dbf8fcd5889d661d) Importer(815301076,1909f56bfc062723c751e8b465ee728b) (PreviewImporter) -> (artifact id: '6a8a693f3ab180ad5bd4e3412f0ab569') in 0.0289302 seconds
Number of updated asset objects reloaded before import = 0Number of asset objects unloaded after import = 3

========================================================================
Received Import Request.
  Time since last request: 1.784558 seconds.
  path: Assets/GameInputControllerIconsFree/keyboard/keyboard-solid/0.png
  artifactKey: Guid(3528386aba1939f4e871f1d94c609bd2) Importer(815301076,1909f56bfc062723c751e8b465ee728b)
Start importing Assets/GameInputControllerIconsFree/keyboard/keyboard-solid/0.png using Guid(3528386aba1939f4e871f1d94c609bd2) Importer(815301076,1909f56bfc062723c751e8b465ee728b) (PreviewImporter) -> (artifact id: 'eea9f5c24e0d84f6c4309747d75cdb8d') in 0.0251146 seconds
Number of updated asset objects reloaded before import = 0Number of asset objects unloaded after import = 3

========================================================================
Received Import Request.
  Time since last request: 0.000032 seconds.
  path: Assets/GameInputControllerIconsFree/keyboard/keyboard-solid/1.png
  artifactKey: Guid(6afb4906456b94d47b629085a57a2c3c) Importer(815301076,1909f56bfc062723c751e8b465ee728b)
Start importing Assets/GameInputControllerIconsFree/keyboard/keyboard-solid/1.png using Guid(6afb4906456b94d47b629085a57a2c3c) Importer(815301076,1909f56bfc062723c751e8b465ee728b) (PreviewImporter) -> (artifact id: '17258397341571ddabc20ddb421b65c1') in 0.0461425 seconds
Number of updated asset objects reloaded before import = 0Number of asset objects unloaded after import = 3

========================================================================
Received Import Request.
  Time since last request: 0.077113 seconds.
  path: Assets/GameInputControllerIconsFree/keyboard/keyboard-solid/2.png
  artifactKey: Guid(2cd54d96e66949742980626a60c9be53) Importer(815301076,1909f56bfc062723c751e8b465ee728b)
Start importing Assets/GameInputControllerIconsFree/keyboard/keyboard-solid/2.png using Guid(2cd54d96e66949742980626a60c9be53) Importer(815301076,1909f56bfc062723c751e8b465ee728b) (PreviewImporter) -> (artifact id: 'b80864d6f6be475a0ae8a2d0a04b9fe8') in 0.0308675 seconds
Number of updated asset objects reloaded before import = 0Number of asset objects unloaded after import = 3

========================================================================
Received Import Request.
  Time since last request: 0.084189 seconds.
  path: Assets/GameInputControllerIconsFree/keyboard/keyboard-solid/3.png
  artifactKey: Guid(e92609fe7f3992946a8eb14eabfa6d0a) Importer(815301076,1909f56bfc062723c751e8b465ee728b)
Start importing Assets/GameInputControllerIconsFree/keyboard/keyboard-solid/3.png using Guid(e92609fe7f3992946a8eb14eabfa6d0a) Importer(815301076,1909f56bfc062723c751e8b465ee728b) (PreviewImporter) -> (artifact id: '1918b3382f54d62471f817dcbe56eb7d') in 0.0237335 seconds
Number of updated asset objects reloaded before import = 0Number of asset objects unloaded after import = 3

========================================================================
Received Import Request.
  Time since last request: 0.083576 seconds.
  path: Assets/GameInputControllerIconsFree/keyboard/keyboard-solid/4.png
  artifactKey: Guid(47191139a40018145b53f46f5d22f0bd) Importer(815301076,1909f56bfc062723c751e8b465ee728b)
Start importing Assets/GameInputControllerIconsFree/keyboard/keyboard-solid/4.png using Guid(47191139a40018145b53f46f5d22f0bd) Importer(815301076,1909f56bfc062723c751e8b465ee728b) (PreviewImporter) -> (artifact id: '4a5f4d063f43a97e3c1781f80dddbd35') in 0.0245454 seconds
Number of updated asset objects reloaded before import = 0Number of asset objects unloaded after import = 3

========================================================================
Received Import Request.
  Time since last request: 0.148813 seconds.
  path: Assets/GameInputControllerIconsFree/keyboard/keyboard-solid/5.png
  artifactKey: Guid(be800f6b5d316ec42b360a630d94534b) Importer(815301076,1909f56bfc062723c751e8b465ee728b)
Start importing Assets/GameInputControllerIconsFree/keyboard/keyboard-solid/5.png using Guid(be800f6b5d316ec42b360a630d94534b) Importer(815301076,1909f56bfc062723c751e8b465ee728b) (PreviewImporter) -> (artifact id: '9c0f1e557e8065234c6b00a664d98bdb') in 0.1315925 seconds
Number of updated asset objects reloaded before import = 0Number of asset objects unloaded after import = 3

========================================================================
Received Import Request.
  Time since last request: 0.102260 seconds.
  path: Assets/GameInputControllerIconsFree/keyboard/keyboard-solid/7.png
  artifactKey: Guid(fa3935b477d384742ab7b6b5efa638c7) Importer(815301076,1909f56bfc062723c751e8b465ee728b)
Start importing Assets/GameInputControllerIconsFree/keyboard/keyboard-solid/7.png using Guid(fa3935b477d384742ab7b6b5efa638c7) Importer(815301076,1909f56bfc062723c751e8b465ee728b) (PreviewImporter) -> (artifact id: 'e579bee98370fde15a7b816ccae9b8b8') in 0.0258109 seconds
Number of updated asset objects reloaded before import = 0Number of asset objects unloaded after import = 3

========================================================================
Received Import Request.
  Time since last request: 0.000158 seconds.
  path: Assets/GameInputControllerIconsFree/keyboard/keyboard-solid/8.png
  artifactKey: Guid(8691dd1c83f203242864feaa396ffb11) Importer(815301076,1909f56bfc062723c751e8b465ee728b)
Start importing Assets/GameInputControllerIconsFree/keyboard/keyboard-solid/8.png using Guid(8691dd1c83f203242864feaa396ffb11) Importer(815301076,1909f56bfc062723c751e8b465ee728b) (PreviewImporter) -> (artifact id: 'bfbd36f8c550391c8975c7da33890572') in 0.031602 seconds
Number of updated asset objects reloaded before import = 0Number of asset objects unloaded after import = 3

========================================================================
Received Import Request.
  Time since last request: 1.427002 seconds.
  path: Assets/GameInputControllerIconsFree/keyboard/keyboard-solid/9.png
  artifactKey: Guid(8e8bb1ddadf68aa42816b1291c7325b6) Importer(815301076,1909f56bfc062723c751e8b465ee728b)
Start importing Assets/GameInputControllerIconsFree/keyboard/keyboard-solid/9.png using Guid(8e8bb1ddadf68aa42816b1291c7325b6) Importer(815301076,1909f56bfc062723c751e8b465ee728b) (PreviewImporter) -> (artifact id: '5b9f2cd9ac85bf3f4125bbe027df99d3') in 0.043799 seconds
Number of updated asset objects reloaded before import = 0Number of asset objects unloaded after import = 3

========================================================================
Received Import Request.
  Time since last request: 0.460741 seconds.
  path: Assets/GameInputControllerIconsFree/keyboard/keyboard-solid/a.png
  artifactKey: Guid(84336ead2bc884a4389f3d4e11093845) Importer(815301076,1909f56bfc062723c751e8b465ee728b)
Start importing Assets/GameInputControllerIconsFree/keyboard/keyboard-solid/a.png using Guid(84336ead2bc884a4389f3d4e11093845) Importer(815301076,1909f56bfc062723c751e8b465ee728b) (PreviewImporter) -> (artifact id: '035c30d6f63d77ca555a7cc7bffa63b3') in 0.0302146 seconds
Number of updated asset objects reloaded before import = 0Number of asset objects unloaded after import = 3

========================================================================
Received Import Request.
  Time since last request: 0.333298 seconds.
  path: Packages/com.unity.render-pipelines.core/Editor/LookDev/Icons/Add@2x.png
  artifactKey: Guid(79aba0b290c471c4ba3d3f818d4e9b15) Importer(815301076,1909f56bfc062723c751e8b465ee728b)
Start importing Packages/com.unity.render-pipelines.core/Editor/LookDev/Icons/Add@2x.png using Guid(79aba0b290c471c4ba3d3f818d4e9b15) Importer(815301076,1909f56bfc062723c751e8b465ee728b) (PreviewImporter) -> (artifact id: '77a976c8845ff3e5b7d56bb0816f669b') in 0.0735298 seconds
Number of updated asset objects reloaded before import = 0Number of asset objects unloaded after import = 3

========================================================================
Received Import Request.
  Time since last request: 0.018345 seconds.
  path: Assets/GameInputControllerIconsFree/keyboard/keyboard-solid/alt.png
  artifactKey: Guid(f39bfa447c10b6848ac2186d892cd9f5) Importer(815301076,1909f56bfc062723c751e8b465ee728b)
Start importing Assets/GameInputControllerIconsFree/keyboard/keyboard-solid/alt.png using Guid(f39bfa447c10b6848ac2186d892cd9f5) Importer(815301076,1909f56bfc062723c751e8b465ee728b) (PreviewImporter) -> (artifact id: 'e5f78761f00bd8d04cc86baaa4bf39a8') in 0.0489092 seconds
Number of updated asset objects reloaded before import = 0Number of asset objects unloaded after import = 3

========================================================================
Received Import Request.
  Time since last request: 0.305069 seconds.
  path: Packages/com.unity.2d.animation/Editor/Assets/ComponentIcons/Animation.IKCCD On.png
  artifactKey: Guid(40ca859210cd04b62bbfe0e0d5696d3b) Importer(815301076,1909f56bfc062723c751e8b465ee728b)
Start importing Packages/com.unity.2d.animation/Editor/Assets/ComponentIcons/Animation.IKCCD On.png using Guid(40ca859210cd04b62bbfe0e0d5696d3b) Importer(815301076,1909f56bfc062723c751e8b465ee728b) (PreviewImporter) -> (artifact id: '41098169d3fa09fa9f0dc2ccd255aba4') in 0.0239464 seconds
Number of updated asset objects reloaded before import = 0Number of asset objects unloaded after import = 3

========================================================================
Received Import Request.
  Time since last request: 0.000029 seconds.
  path: Packages/com.unity.2d.animation/Editor/Assets/ComponentIcons/Animation.IKCCD On@64.png
  artifactKey: Guid(cc7e65fd16d39483aa18d865a68e9451) Importer(815301076,1909f56bfc062723c751e8b465ee728b)
Start importing Packages/com.unity.2d.animation/Editor/Assets/ComponentIcons/Animation.IKCCD On@64.png using Guid(cc7e65fd16d39483aa18d865a68e9451) Importer(815301076,1909f56bfc062723c751e8b465ee728b) (PreviewImporter) -> (artifact id: 'b2d5ebbb399f9a5c851eab8b48dcd183') in 0.1210665 seconds
Number of updated asset objects reloaded before import = 0Number of asset objects unloaded after import = 3

========================================================================
Received Import Request.
  Time since last request: 0.000043 seconds.
  path: Packages/com.unity.2d.animation/Editor/Assets/ComponentIcons/Animation.IKCCD@32.png
  artifactKey: Guid(99e2d423491be485bafdee152310057a) Importer(815301076,1909f56bfc062723c751e8b465ee728b)
Start importing Packages/com.unity.2d.animation/Editor/Assets/ComponentIcons/Animation.IKCCD@32.png using Guid(99e2d423491be485bafdee152310057a) Importer(815301076,1909f56bfc062723c751e8b465ee728b) (PreviewImporter) -> (artifact id: '166233d230023a974dc9d7d9f3aba1d1') in 0.0624421 seconds
Number of updated asset objects reloaded before import = 0Number of asset objects unloaded after import = 3

========================================================================
Received Import Request.
  Time since last request: 0.000037 seconds.
  path: Packages/com.unity.2d.animation/Editor/Assets/ComponentIcons/Animation.IKCCD@128.png
  artifactKey: Guid(5156a72be078d4d0e8593843cdc34294) Importer(815301076,1909f56bfc062723c751e8b465ee728b)
Start importing Packages/com.unity.2d.animation/Editor/Assets/ComponentIcons/Animation.IKCCD@128.png using Guid(5156a72be078d4d0e8593843cdc34294) Importer(815301076,1909f56bfc062723c751e8b465ee728b) (PreviewImporter) -> (artifact id: '7de3196c665802a85992aaadeacff031') in 0.0284037 seconds
Number of updated asset objects reloaded before import = 0Number of asset objects unloaded after import = 3

========================================================================
Received Import Request.
  Time since last request: 0.061576 seconds.
  path: Packages/com.unity.2d.animation/Editor/Assets/ComponentIcons/Animation.IKCCD@256.png
  artifactKey: Guid(1214a7ec362a4479ba225757639c24f2) Importer(815301076,1909f56bfc062723c751e8b465ee728b)
Start importing Packages/com.unity.2d.animation/Editor/Assets/ComponentIcons/Animation.IKCCD@256.png using Guid(1214a7ec362a4479ba225757639c24f2) Importer(815301076,1909f56bfc062723c751e8b465ee728b) (PreviewImporter) -> (artifact id: '5cecaae6cc386ff682e5a083f5a9611d') in 0.0239837 seconds
Number of updated asset objects reloaded before import = 0Number of asset objects unloaded after import = 3

========================================================================
Received Import Request.
  Time since last request: 0.000035 seconds.
  path: Packages/com.unity.2d.animation/Editor/Assets/ComponentIcons/Animation.IKFabrik On.png
  artifactKey: Guid(9efb82d91ad0e4fdfbf6a09635f9d78d) Importer(815301076,1909f56bfc062723c751e8b465ee728b)
Start importing Packages/com.unity.2d.animation/Editor/Assets/ComponentIcons/Animation.IKFabrik On.png using Guid(9efb82d91ad0e4fdfbf6a09635f9d78d) Importer(815301076,1909f56bfc062723c751e8b465ee728b) (PreviewImporter) -> (artifact id: '548bc356b54c91f8d46e495d7094d093') in 0.0334362 seconds
Number of updated asset objects reloaded before import = 0Number of asset objects unloaded after import = 3

========================================================================
Received Import Request.
  Time since last request: 0.000037 seconds.
  path: Packages/com.unity.2d.animation/Editor/Assets/ComponentIcons/Animation.IKFabrik On@64.png
  artifactKey: Guid(009774248359949e3b9317677c6678da) Importer(815301076,1909f56bfc062723c751e8b465ee728b)
Start importing Packages/com.unity.2d.animation/Editor/Assets/ComponentIcons/Animation.IKFabrik On@64.png using Guid(009774248359949e3b9317677c6678da) Importer(815301076,1909f56bfc062723c751e8b465ee728b) (PreviewImporter) -> (artifact id: 'efdbc41b713c78a14ddfa93ba5458568') in 0.0226246 seconds
Number of updated asset objects reloaded before import = 0Number of asset objects unloaded after import = 3

========================================================================
Received Import Request.
  Time since last request: 0.000047 seconds.
  path: Packages/com.unity.2d.animation/Editor/Assets/ComponentIcons/Animation.IKFabrik On@256.png
  artifactKey: Guid(b533c652136df4744a089524507a44c6) Importer(815301076,1909f56bfc062723c751e8b465ee728b)
Start importing Packages/com.unity.2d.animation/Editor/Assets/ComponentIcons/Animation.IKFabrik On@256.png using Guid(b533c652136df4744a089524507a44c6) Importer(815301076,1909f56bfc062723c751e8b465ee728b) (PreviewImporter) -> (artifact id: 'd0bf911cfd9dc897d9271fcbb52baf52') in 0.0505996 seconds
Number of updated asset objects reloaded before import = 0Number of asset objects unloaded after import = 3

========================================================================
Received Import Request.
  Time since last request: 0.000043 seconds.
  path: Packages/com.unity.2d.animation/Editor/Assets/ComponentIcons/Animation.IKFabrik@64.png
  artifactKey: Guid(934b23cc1699f467688d787b9d303561) Importer(815301076,1909f56bfc062723c751e8b465ee728b)
Start importing Packages/com.unity.2d.animation/Editor/Assets/ComponentIcons/Animation.IKFabrik@64.png using Guid(934b23cc1699f467688d787b9d303561) Importer(815301076,1909f56bfc062723c751e8b465ee728b) (PreviewImporter) -> (artifact id: '8a72078717d5997433f029d2713a0090') in 0.0219095 seconds
Number of updated asset objects reloaded before import = 0Number of asset objects unloaded after import = 3

========================================================================
Received Import Request.
  Time since last request: 0.000043 seconds.
  path: Packages/com.unity.2d.animation/Editor/Assets/ComponentIcons/Animation.IKFabrik@256.png
  artifactKey: Guid(8be64ad32582748f1965311ca0665f30) Importer(815301076,1909f56bfc062723c751e8b465ee728b)
Start importing Packages/com.unity.2d.animation/Editor/Assets/ComponentIcons/Animation.IKFabrik@256.png using Guid(8be64ad32582748f1965311ca0665f30) Importer(815301076,1909f56bfc062723c751e8b465ee728b) (PreviewImporter) -> (artifact id: '0ceaac7d2c193cd4692d03d63c30b2f4') in 0.0336632 seconds
Number of updated asset objects reloaded before import = 0Number of asset objects unloaded after import = 3

========================================================================
Received Import Request.
  Time since last request: 0.364317 seconds.
  path: Packages/com.unity.2d.animation/Editor/Assets/ComponentIcons/Animation.IKLimb On.png
  artifactKey: Guid(4f5364a9fe7e04741862d2af49136835) Importer(815301076,1909f56bfc062723c751e8b465ee728b)
Start importing Packages/com.unity.2d.animation/Editor/Assets/ComponentIcons/Animation.IKLimb On.png using Guid(4f5364a9fe7e04741862d2af49136835) Importer(815301076,1909f56bfc062723c751e8b465ee728b) (PreviewImporter) -> (artifact id: '5d3c8895d9bec8918325799e3edc3030') in 0.0226111 seconds
Number of updated asset objects reloaded before import = 0Number of asset objects unloaded after import = 3

========================================================================
Received Import Request.
  Time since last request: 0.000031 seconds.
  path: Packages/com.unity.2d.animation/Editor/Assets/ComponentIcons/Animation.IKLimb On@32.png
  artifactKey: Guid(9382c856352ae4001b0ec605e74a61de) Importer(815301076,1909f56bfc062723c751e8b465ee728b)
Start importing Packages/com.unity.2d.animation/Editor/Assets/ComponentIcons/Animation.IKLimb On@32.png using Guid(9382c856352ae4001b0ec605e74a61de) Importer(815301076,1909f56bfc062723c751e8b465ee728b) (PreviewImporter) -> (artifact id: '627dfa2852123dcfad7e60e5a7d169da') in 0.0565614 seconds
Number of updated asset objects reloaded before import = 0Number of asset objects unloaded after import = 3

========================================================================
Received Import Request.
  Time since last request: 0.000057 seconds.
  path: Packages/com.unity.2d.animation/Editor/Assets/ComponentIcons/Animation.IKLimb On@256.png
  artifactKey: Guid(190c43ac8c7af48e2ae7663a44f1c7ec) Importer(815301076,1909f56bfc062723c751e8b465ee728b)
Start importing Packages/com.unity.2d.animation/Editor/Assets/ComponentIcons/Animation.IKLimb On@256.png using Guid(190c43ac8c7af48e2ae7663a44f1c7ec) Importer(815301076,1909f56bfc062723c751e8b465ee728b) (PreviewImporter) -> (artifact id: '8dff54b3263895911d8aea1070e13e49') in 0.025 seconds
Number of updated asset objects reloaded before import = 0Number of asset objects unloaded after import = 3

========================================================================
Received Import Request.
  Time since last request: 0.000031 seconds.
  path: Packages/com.unity.2d.animation/Editor/Assets/ComponentIcons/Animation.IKLimb@64.png
  artifactKey: Guid(0aa01ed159728414b863dd9c7aa7f596) Importer(815301076,1909f56bfc062723c751e8b465ee728b)
Start importing Packages/com.unity.2d.animation/Editor/Assets/ComponentIcons/Animation.IKLimb@64.png using Guid(0aa01ed159728414b863dd9c7aa7f596) Importer(815301076,1909f56bfc062723c751e8b465ee728b) (PreviewImporter) -> (artifact id: 'cbb285bfddf169da184862186fa729ff') in 0.0353788 seconds
Number of updated asset objects reloaded before import = 0Number of asset objects unloaded after import = 3

========================================================================
Received Import Request.
  Time since last request: 0.000023 seconds.
  path: Packages/com.unity.2d.animation/Editor/Assets/ComponentIcons/Animation.IKLimb@128.png
  artifactKey: Guid(8f03a52015a57491094416b25e8e9c18) Importer(815301076,1909f56bfc062723c751e8b465ee728b)
Start importing Packages/com.unity.2d.animation/Editor/Assets/ComponentIcons/Animation.IKLimb@128.png using Guid(8f03a52015a57491094416b25e8e9c18) Importer(815301076,1909f56bfc062723c751e8b465ee728b) (PreviewImporter) -> (artifact id: '1658ab06c85a190b9d815953f54c1ddf') in 0.042647 seconds
Number of updated asset objects reloaded before import = 0Number of asset objects unloaded after import = 3

========================================================================
Received Import Request.
  Time since last request: 0.000032 seconds.
  path: Packages/com.unity.2d.animation/Editor/Assets/ComponentIcons/Animation.IKManager On.png
  artifactKey: Guid(53c84f3dfe8b04b6db1fb80443fafbaf) Importer(815301076,1909f56bfc062723c751e8b465ee728b)
Start importing Packages/com.unity.2d.animation/Editor/Assets/ComponentIcons/Animation.IKManager On.png using Guid(53c84f3dfe8b04b6db1fb80443fafbaf) Importer(815301076,1909f56bfc062723c751e8b465ee728b) (PreviewImporter) -> (artifact id: '6318e2f9224574f2805e58f1e072a1d6') in 0.038281 seconds
Number of updated asset objects reloaded before import = 0Number of asset objects unloaded after import = 3

========================================================================
Received Import Request.
  Time since last request: 0.000040 seconds.
  path: Packages/com.unity.2d.animation/Editor/Assets/ComponentIcons/Animation.IKManager On@32.png
  artifactKey: Guid(48e86ca3e41834f60b0eae5fb521cfc4) Importer(815301076,1909f56bfc062723c751e8b465ee728b)
Start importing Packages/com.unity.2d.animation/Editor/Assets/ComponentIcons/Animation.IKManager On@32.png using Guid(48e86ca3e41834f60b0eae5fb521cfc4) Importer(815301076,1909f56bfc062723c751e8b465ee728b) (PreviewImporter) -> (artifact id: '44b711ad8448d157eae64711d75d7651') in 0.024866 seconds
Number of updated asset objects reloaded before import = 0Number of asset objects unloaded after import = 3

========================================================================
Received Import Request.
  Time since last request: 0.000024 seconds.
  path: Packages/com.unity.2d.animation/Editor/Assets/ComponentIcons/Animation.IKManager On@128.png
  artifactKey: Guid(5c81e841f99f744f997dfa12ce9c2a82) Importer(815301076,1909f56bfc062723c751e8b465ee728b)
Start importing Packages/com.unity.2d.animation/Editor/Assets/ComponentIcons/Animation.IKManager On@128.png using Guid(5c81e841f99f744f997dfa12ce9c2a82) Importer(815301076,1909f56bfc062723c751e8b465ee728b) (PreviewImporter) -> (artifact id: 'fc5205cba542019f369a4d8a590e7ccf') in 0.0271894 seconds
Number of updated asset objects reloaded before import = 0Number of asset objects unloaded after import = 3

========================================================================
Received Import Request.
  Time since last request: 0.000033 seconds.
  path: Packages/com.unity.2d.animation/Editor/Assets/ComponentIcons/Animation.IKManager@32.png
  artifactKey: Guid(a2d8694b191104c8cb1b7e715b3a5e47) Importer(815301076,1909f56bfc062723c751e8b465ee728b)
Start importing Packages/com.unity.2d.animation/Editor/Assets/ComponentIcons/Animation.IKManager@32.png using Guid(a2d8694b191104c8cb1b7e715b3a5e47) Importer(815301076,1909f56bfc062723c751e8b465ee728b) (PreviewImporter) -> (artifact id: 'ef8aa9456d5161a1eebb412647eaabed') in 0.0307302 seconds
Number of updated asset objects reloaded before import = 0Number of asset objects unloaded after import = 3

========================================================================
Received Import Request.
  Time since last request: 0.000037 seconds.
  path: Packages/com.unity.2d.animation/Editor/Assets/ComponentIcons/Animation.IKManager@64.png
  artifactKey: Guid(0502e3e0c944a4f71948552166af7b48) Importer(815301076,1909f56bfc062723c751e8b465ee728b)
Start importing Packages/com.unity.2d.animation/Editor/Assets/ComponentIcons/Animation.IKManager@64.png using Guid(0502e3e0c944a4f71948552166af7b48) Importer(815301076,1909f56bfc062723c751e8b465ee728b) (PreviewImporter) -> (artifact id: 'bae1a3c3c2f20c6d6ed692e53c3ca459') in 0.0425628 seconds
Number of updated asset objects reloaded before import = 0Number of asset objects unloaded after import = 3

========================================================================
Received Import Request.
  Time since last request: 0.000044 seconds.
  path: Packages/com.unity.2d.animation/Editor/Assets/ComponentIcons/Animation.SpriteLibrary.png
  artifactKey: Guid(3024cb66f112f47f599953fe508d632f) Importer(815301076,1909f56bfc062723c751e8b465ee728b)
Start importing Packages/com.unity.2d.animation/Editor/Assets/ComponentIcons/Animation.SpriteLibrary.png using Guid(3024cb66f112f47f599953fe508d632f) Importer(815301076,1909f56bfc062723c751e8b465ee728b) (PreviewImporter) -> (artifact id: '6b9dac0f4db2c99fe9c0bc97d074af09') in 0.1065622 seconds
Number of updated asset objects reloaded before import = 0Number of asset objects unloaded after import = 3

========================================================================
Received Import Request.
  Time since last request: 0.000054 seconds.
  path: Packages/com.unity.2d.animation/Editor/Assets/ComponentIcons/Animation.SpriteLibrary On@128.png
  artifactKey: Guid(46e8f61d13f8b49c7b2ac6beb5788f2c) Importer(815301076,1909f56bfc062723c751e8b465ee728b)
Start importing Packages/com.unity.2d.animation/Editor/Assets/ComponentIcons/Animation.SpriteLibrary On@128.png using Guid(46e8f61d13f8b49c7b2ac6beb5788f2c) Importer(815301076,1909f56bfc062723c751e8b465ee728b) (PreviewImporter) -> (artifact id: 'b4198cd6f5b97861a3771d7e5278da18') in 0.1947991 seconds
Number of updated asset objects reloaded before import = 0Number of asset objects unloaded after import = 3

========================================================================
Received Import Request.
  Time since last request: 0.000030 seconds.
  path: Packages/com.unity.2d.animation/Editor/Assets/ComponentIcons/Animation.SpriteLibrary On@256.png
  artifactKey: Guid(b2d98f54996544507ade581c727c1c51) Importer(815301076,1909f56bfc062723c751e8b465ee728b)
Start importing Packages/com.unity.2d.animation/Editor/Assets/ComponentIcons/Animation.SpriteLibrary On@256.png using Guid(b2d98f54996544507ade581c727c1c51) Importer(815301076,1909f56bfc062723c751e8b465ee728b) (PreviewImporter) -> (artifact id: '9c1e6b5c47e77db0c05adafe9bb693b7') in 0.0536108 seconds
Number of updated asset objects reloaded before import = 0Number of asset objects unloaded after import = 3

========================================================================
Received Import Request.
  Time since last request: 0.000041 seconds.
  path: Packages/com.unity.2d.animation/Editor/Assets/ComponentIcons/Animation.SpriteLibrary@64.png
  artifactKey: Guid(9c7af1d0200fc4bbc8276e459fa2d906) Importer(815301076,1909f56bfc062723c751e8b465ee728b)
Start importing Packages/com.unity.2d.animation/Editor/Assets/ComponentIcons/Animation.SpriteLibrary@64.png using Guid(9c7af1d0200fc4bbc8276e459fa2d906) Importer(815301076,1909f56bfc062723c751e8b465ee728b) (PreviewImporter) -> (artifact id: 'e88e36c99c763de2b180a9f8c354b292') in 0.0228305 seconds
Number of updated asset objects reloaded before import = 0Number of asset objects unloaded after import = 3

========================================================================
Received Import Request.
  Time since last request: 0.000043 seconds.
  path: Packages/com.unity.2d.animation/Editor/Assets/ComponentIcons/Animation.SpriteLibrary@256.png
  artifactKey: Guid(b6c49e41a57e648e9a16f44ce4b8d9b9) Importer(815301076,1909f56bfc062723c751e8b465ee728b)
Start importing Packages/com.unity.2d.animation/Editor/Assets/ComponentIcons/Animation.SpriteLibrary@256.png using Guid(b6c49e41a57e648e9a16f44ce4b8d9b9) Importer(815301076,1909f56bfc062723c751e8b465ee728b) (PreviewImporter) -> (artifact id: '513377b1d9fdb05dca95a5b7fab0773e') in 0.0272222 seconds
Number of updated asset objects reloaded before import = 0Number of asset objects unloaded after import = 3

========================================================================
Received Import Request.
  Time since last request: 0.000027 seconds.
  path: Packages/com.unity.2d.animation/Editor/Assets/ComponentIcons/Animation.SpriteLibraryManager On.png
  artifactKey: Guid(aea51f1a175ef466e95835d2787d061f) Importer(815301076,1909f56bfc062723c751e8b465ee728b)
Start importing Packages/com.unity.2d.animation/Editor/Assets/ComponentIcons/Animation.SpriteLibraryManager On.png using Guid(aea51f1a175ef466e95835d2787d061f) Importer(815301076,1909f56bfc062723c751e8b465ee728b) (PreviewImporter) -> (artifact id: 'd34f88e67ff918fdb6ca68903033fe68') in 0.0420083 seconds
Number of updated asset objects reloaded before import = 0Number of asset objects unloaded after import = 3

========================================================================
Received Import Request.
  Time since last request: 0.000082 seconds.
  path: Packages/com.unity.2d.animation/Editor/Assets/ComponentIcons/Animation.SpriteLibraryManager On@32.png
  artifactKey: Guid(4a3c64ec8ad964011aa28fb633e9b153) Importer(815301076,1909f56bfc062723c751e8b465ee728b)
Start importing Packages/com.unity.2d.animation/Editor/Assets/ComponentIcons/Animation.SpriteLibraryManager On@32.png using Guid(4a3c64ec8ad964011aa28fb633e9b153) Importer(815301076,1909f56bfc062723c751e8b465ee728b) (PreviewImporter) -> (artifact id: '33cce0521486df4b08b1ac4cba1a2a17') in 0.0301069 seconds
Number of updated asset objects reloaded before import = 0Number of asset objects unloaded after import = 3

========================================================================
Received Import Request.
  Time since last request: 0.000048 seconds.
  path: Packages/com.unity.2d.animation/Editor/Assets/ComponentIcons/Animation.SpriteLibraryManager On@256.png
  artifactKey: Guid(093d252d1d41041c8b4df35c330dcc59) Importer(815301076,1909f56bfc062723c751e8b465ee728b)
Start importing Packages/com.unity.2d.animation/Editor/Assets/ComponentIcons/Animation.SpriteLibraryManager On@256.png using Guid(093d252d1d41041c8b4df35c330dcc59) Importer(815301076,1909f56bfc062723c751e8b465ee728b) (PreviewImporter) -> (artifact id: '3379622c875099488829651f77963c96') in 0.0795091 seconds
Number of updated asset objects reloaded before import = 0Number of asset objects unloaded after import = 3

========================================================================
Received Import Request.
  Time since last request: 0.000028 seconds.
  path: Packages/com.unity.2d.animation/Editor/Assets/ComponentIcons/Animation.SpriteLibraryManager@32.png
  artifactKey: Guid(3b9a6aa9cd66c475ea8cba88e186779f) Importer(815301076,1909f56bfc062723c751e8b465ee728b)
Start importing Packages/com.unity.2d.animation/Editor/Assets/ComponentIcons/Animation.SpriteLibraryManager@32.png using Guid(3b9a6aa9cd66c475ea8cba88e186779f) Importer(815301076,1909f56bfc062723c751e8b465ee728b) (PreviewImporter) -> (artifact id: '899113312ab06605978c0f93341e1769') in 0.0251667 seconds
Number of updated asset objects reloaded before import = 0Number of asset objects unloaded after import = 3

========================================================================
Received Import Request.
  Time since last request: 0.000057 seconds.
  path: Packages/com.unity.2d.animation/Editor/Assets/ComponentIcons/Animation.SpriteLibraryManager@128.png
  artifactKey: Guid(d1c6278de296d42b6a5c6330b16ab729) Importer(815301076,1909f56bfc062723c751e8b465ee728b)
Start importing Packages/com.unity.2d.animation/Editor/Assets/ComponentIcons/Animation.SpriteLibraryManager@128.png using Guid(d1c6278de296d42b6a5c6330b16ab729) Importer(815301076,1909f56bfc062723c751e8b465ee728b) (PreviewImporter) -> (artifact id: '2cc0e65110b1d7c910e574cb9365e914') in 0.0579536 seconds
Number of updated asset objects reloaded before import = 0Number of asset objects unloaded after import = 3

========================================================================
Received Import Request.
  Time since last request: 0.000042 seconds.
  path: Packages/com.unity.2d.animation/Editor/Assets/ComponentIcons/Animation.SpriteLibraryVar.png
  artifactKey: Guid(0490d28a1206e4c4cb4954be7b678980) Importer(815301076,1909f56bfc062723c751e8b465ee728b)
Start importing Packages/com.unity.2d.animation/Editor/Assets/ComponentIcons/Animation.SpriteLibraryVar.png using Guid(0490d28a1206e4c4cb4954be7b678980) Importer(815301076,1909f56bfc062723c751e8b465ee728b) (PreviewImporter) -> (artifact id: '65ecdcf50ac8df6b363e7e2598ebda3f') in 0.0272227 seconds
Number of updated asset objects reloaded before import = 0Number of asset objects unloaded after import = 3

========================================================================
Received Import Request.
  Time since last request: 0.000029 seconds.
  path: Packages/com.unity.2d.animation/Editor/Assets/ComponentIcons/Animation.SpriteLibraryVar On@32.png
  artifactKey: Guid(2a8bf227319d4421f91d9375e3ae59bf) Importer(815301076,1909f56bfc062723c751e8b465ee728b)
Start importing Packages/com.unity.2d.animation/Editor/Assets/ComponentIcons/Animation.SpriteLibraryVar On@32.png using Guid(2a8bf227319d4421f91d9375e3ae59bf) Importer(815301076,1909f56bfc062723c751e8b465ee728b) (PreviewImporter) -> (artifact id: 'c317d1b555263b3222b25d1d84abe6b3') in 0.0215191 seconds
Number of updated asset objects reloaded before import = 0Number of asset objects unloaded after import = 3

========================================================================
Received Import Request.
  Time since last request: 0.000033 seconds.
  path: Packages/com.unity.2d.animation/Editor/Assets/ComponentIcons/Animation.SpriteLibraryVar On@256.png
  artifactKey: Guid(2af1a7323d104499d992be9a2d8dc933) Importer(815301076,1909f56bfc062723c751e8b465ee728b)
Start importing Packages/com.unity.2d.animation/Editor/Assets/ComponentIcons/Animation.SpriteLibraryVar On@256.png using Guid(2af1a7323d104499d992be9a2d8dc933) Importer(815301076,1909f56bfc062723c751e8b465ee728b) (PreviewImporter) -> (artifact id: 'b149cffd05398ecd1b054b3c0faceb51') in 0.0235264 seconds
Number of updated asset objects reloaded before import = 0Number of asset objects unloaded after import = 3

========================================================================
Received Import Request.
  Time since last request: 0.000045 seconds.
  path: Packages/com.unity.2d.animation/Editor/Assets/ComponentIcons/Animation.SpriteLibraryVar@32.png
  artifactKey: Guid(3e3d41c162ad74767b66168d4d94b99c) Importer(815301076,1909f56bfc062723c751e8b465ee728b)
Start importing Packages/com.unity.2d.animation/Editor/Assets/ComponentIcons/Animation.SpriteLibraryVar@32.png using Guid(3e3d41c162ad74767b66168d4d94b99c) Importer(815301076,1909f56bfc062723c751e8b465ee728b) (PreviewImporter) -> (artifact id: '2fac412624f5a4b9709d5867b0257c64') in 0.0494061 seconds
Number of updated asset objects reloaded before import = 0Number of asset objects unloaded after import = 3

========================================================================
Received Import Request.
  Time since last request: 0.000034 seconds.
  path: Packages/com.unity.2d.animation/Editor/Assets/ComponentIcons/Animation.SpriteLibraryVar On@64.png
  artifactKey: Guid(713f288c6a6fc4514a9403f26e82dc91) Importer(815301076,1909f56bfc062723c751e8b465ee728b)
Start importing Packages/com.unity.2d.animation/Editor/Assets/ComponentIcons/Animation.SpriteLibraryVar On@64.png using Guid(713f288c6a6fc4514a9403f26e82dc91) Importer(815301076,1909f56bfc062723c751e8b465ee728b) (PreviewImporter) -> (artifact id: '9c25a3b48246b3aa72ff75a7905b7525') in 0.0755829 seconds
Number of updated asset objects reloaded before import = 0Number of asset objects unloaded after import = 3

========================================================================
Received Import Request.
  Time since last request: 0.000026 seconds.
  path: Packages/com.unity.2d.animation/Editor/Assets/ComponentIcons/Animation.SpriteResolver On.png
  artifactKey: Guid(db2b3974aac164565bda03b3e0d93046) Importer(815301076,1909f56bfc062723c751e8b465ee728b)
Start importing Packages/com.unity.2d.animation/Editor/Assets/ComponentIcons/Animation.SpriteResolver On.png using Guid(db2b3974aac164565bda03b3e0d93046) Importer(815301076,1909f56bfc062723c751e8b465ee728b) (PreviewImporter) -> (artifact id: '21911b21df293d4a588b015724981b1b') in 0.0307415 seconds
Number of updated asset objects reloaded before import = 0Number of asset objects unloaded after import = 3

========================================================================
Received Import Request.
  Time since last request: 0.000045 seconds.
  path: Packages/com.unity.2d.animation/Editor/Assets/ComponentIcons/Animation.SpriteResolver On@64.png
  artifactKey: Guid(1223ca7d04e5a4ad08a8d648c4e2a09e) Importer(815301076,1909f56bfc062723c751e8b465ee728b)
Start importing Packages/com.unity.2d.animation/Editor/Assets/ComponentIcons/Animation.SpriteResolver On@64.png using Guid(1223ca7d04e5a4ad08a8d648c4e2a09e) Importer(815301076,1909f56bfc062723c751e8b465ee728b) (PreviewImporter) -> (artifact id: 'ca83e0255e0e84bff2156da472d83081') in 0.0325458 seconds
Number of updated asset objects reloaded before import = 0Number of asset objects unloaded after import = 3

========================================================================
Received Import Request.
  Time since last request: 0.000038 seconds.
  path: Packages/com.unity.2d.animation/Editor/Assets/ComponentIcons/Animation.SpriteLibraryVar@128.png
  artifactKey: Guid(5c718c499137a4dc48bbf03037c806f6) Importer(815301076,1909f56bfc062723c751e8b465ee728b)
Start importing Packages/com.unity.2d.animation/Editor/Assets/ComponentIcons/Animation.SpriteLibraryVar@128.png using Guid(5c718c499137a4dc48bbf03037c806f6) Importer(815301076,1909f56bfc062723c751e8b465ee728b) (PreviewImporter) -> (artifact id: '842c9f417be32b6b7578c1e642558883') in 0.0267306 seconds
Number of updated asset objects reloaded before import = 0Number of asset objects unloaded after import = 3

========================================================================
Received Import Request.
  Time since last request: 0.000119 seconds.
  path: Packages/com.unity.2d.animation/Editor/Assets/ComponentIcons/Animation.SpriteResolver@64.png
  artifactKey: Guid(b1640c283050b4d23a677c6a445f058c) Importer(815301076,1909f56bfc062723c751e8b465ee728b)
Start importing Packages/com.unity.2d.animation/Editor/Assets/ComponentIcons/Animation.SpriteResolver@64.png using Guid(b1640c283050b4d23a677c6a445f058c) Importer(815301076,1909f56bfc062723c751e8b465ee728b) (PreviewImporter) -> (artifact id: 'a11f7870bf950de00fcb713d4f5f073d') in 0.0219329 seconds
Number of updated asset objects reloaded before import = 0Number of asset objects unloaded after import = 3

========================================================================
Received Import Request.
  Time since last request: 0.000030 seconds.
  path: Packages/com.unity.2d.animation/Editor/Assets/ComponentIcons/Animation.SpriteResolver@128.png
  artifactKey: Guid(ce009ee7a4fb24c1da2f07064894e6c4) Importer(815301076,1909f56bfc062723c751e8b465ee728b)
Start importing Packages/com.unity.2d.animation/Editor/Assets/ComponentIcons/Animation.SpriteResolver@128.png using Guid(ce009ee7a4fb24c1da2f07064894e6c4) Importer(815301076,1909f56bfc062723c751e8b465ee728b) (PreviewImporter) -> (artifact id: 'eaa32a07715fd715eb84e19b5a124573') in 0.0239903 seconds
Number of updated asset objects reloaded before import = 0Number of asset objects unloaded after import = 3

========================================================================
Received Import Request.
  Time since last request: 0.000037 seconds.
  path: Packages/com.unity.2d.animation/Editor/Assets/ComponentIcons/Animation.SpriteSkin On.png
  artifactKey: Guid(4243996d9393248859e73ff6df05d8b3) Importer(815301076,1909f56bfc062723c751e8b465ee728b)
Start importing Packages/com.unity.2d.animation/Editor/Assets/ComponentIcons/Animation.SpriteSkin On.png using Guid(4243996d9393248859e73ff6df05d8b3) Importer(815301076,1909f56bfc062723c751e8b465ee728b) (PreviewImporter) -> (artifact id: '902f956e3867f9dfe8155d5b41453823') in 0.0641969 seconds
Number of updated asset objects reloaded before import = 0Number of asset objects unloaded after import = 3

========================================================================
Received Import Request.
  Time since last request: 0.000040 seconds.
  path: Packages/com.unity.2d.animation/Editor/Assets/ComponentIcons/Animation.SpriteSkin On@64.png
  artifactKey: Guid(af48269279273434687aeac541f87ca8) Importer(815301076,1909f56bfc062723c751e8b465ee728b)
Start importing Packages/com.unity.2d.animation/Editor/Assets/ComponentIcons/Animation.SpriteSkin On@64.png using Guid(af48269279273434687aeac541f87ca8) Importer(815301076,1909f56bfc062723c751e8b465ee728b) (PreviewImporter) -> (artifact id: '67353f2ced0c6a97bc54cb9f5390b2ed') in 0.0240192 seconds
Number of updated asset objects reloaded before import = 0Number of asset objects unloaded after import = 3

========================================================================
Received Import Request.
  Time since last request: 0.000033 seconds.
  path: Packages/com.unity.2d.animation/Editor/Assets/ComponentIcons/Animation.SpriteSkin@32.png
  artifactKey: Guid(35f90efdb1e6d4fb29c4108de82bf1b2) Importer(815301076,1909f56bfc062723c751e8b465ee728b)
Start importing Packages/com.unity.2d.animation/Editor/Assets/ComponentIcons/Animation.SpriteSkin@32.png using Guid(35f90efdb1e6d4fb29c4108de82bf1b2) Importer(815301076,1909f56bfc062723c751e8b465ee728b) (PreviewImporter) -> (artifact id: '467d522e239923aed52636c17049f18d') in 0.0641047 seconds
Number of updated asset objects reloaded before import = 0Number of asset objects unloaded after import = 3

========================================================================
Received Import Request.
  Time since last request: 0.000048 seconds.
  path: Packages/com.unity.2d.animation/Editor/Assets/ComponentIcons/Animation.SpriteSkin@128.png
  artifactKey: Guid(5caee0ba7342b4b2cacdbe0e6030c7b0) Importer(815301076,1909f56bfc062723c751e8b465ee728b)
Start importing Packages/com.unity.2d.animation/Editor/Assets/ComponentIcons/Animation.SpriteSkin@128.png using Guid(5caee0ba7342b4b2cacdbe0e6030c7b0) Importer(815301076,1909f56bfc062723c751e8b465ee728b) (PreviewImporter) -> (artifact id: '109dde3c7592de12619991c2466e2cb0') in 0.0284386 seconds
Number of updated asset objects reloaded before import = 0Number of asset objects unloaded after import = 3

========================================================================
Received Import Request.
  Time since last request: 0.000065 seconds.
  path: Packages/com.unity.2d.animation/Editor/Assets/ComponentIcons/Animation.SpriteResolver@32.png
  artifactKey: Guid(f6dd722ee2cfe46a6bddf89ead1edade) Importer(815301076,1909f56bfc062723c751e8b465ee728b)
Start importing Packages/com.unity.2d.animation/Editor/Assets/ComponentIcons/Animation.SpriteResolver@32.png using Guid(f6dd722ee2cfe46a6bddf89ead1edade) Importer(815301076,1909f56bfc062723c751e8b465ee728b) (PreviewImporter) -> (artifact id: '6acbc924695ed304b7e64e081137b7a9') in 0.0309678 seconds
Number of updated asset objects reloaded before import = 0Number of asset objects unloaded after import = 3

========================================================================
Received Import Request.
  Time since last request: 1.645220 seconds.
  path: Packages/com.unity.2d.animation/Editor/Assets/ComponentIcons/Animation.SpriteSkin@256.png
  artifactKey: Guid(7a1e809ce41f84f10bfe590179cd59b5) Importer(815301076,1909f56bfc062723c751e8b465ee728b)
Start importing Packages/com.unity.2d.animation/Editor/Assets/ComponentIcons/Animation.SpriteSkin@256.png using Guid(7a1e809ce41f84f10bfe590179cd59b5) Importer(815301076,1909f56bfc062723c751e8b465ee728b) (PreviewImporter) -> (artifact id: '0d29ae3ef9fb9728b95b1099686b89bb') in 0.0338309 seconds
Number of updated asset objects reloaded before import = 0Number of asset objects unloaded after import = 3

========================================================================
Received Import Request.
  Time since last request: 0.174404 seconds.
  path: Assets/GameInputControllerIconsFree/keyboard/keyboard-solid/arrow-down.png
  artifactKey: Guid(64148b9864b014647b61264db046a72b) Importer(815301076,1909f56bfc062723c751e8b465ee728b)
Start importing Assets/GameInputControllerIconsFree/keyboard/keyboard-solid/arrow-down.png using Guid(64148b9864b014647b61264db046a72b) Importer(815301076,1909f56bfc062723c751e8b465ee728b) (PreviewImporter) -> (artifact id: '43d35ae02b5515cc1c4b6eade432799b') in 0.0249198 seconds
Number of updated asset objects reloaded before import = 0Number of asset objects unloaded after import = 3

========================================================================
Received Import Request.
  Time since last request: 0.000036 seconds.
  path: Assets/GameInputControllerIconsFree/keyboard/keyboard-solid/arrow-left.png
  artifactKey: Guid(a4d1d9c25272c604a97affb623fd448a) Importer(815301076,1909f56bfc062723c751e8b465ee728b)
Start importing Assets/GameInputControllerIconsFree/keyboard/keyboard-solid/arrow-left.png using Guid(a4d1d9c25272c604a97affb623fd448a) Importer(815301076,1909f56bfc062723c751e8b465ee728b) (PreviewImporter) -> (artifact id: 'daaa2422374a7169836ded1bd427ebec') in 0.0440292 seconds
Number of updated asset objects reloaded before import = 0Number of asset objects unloaded after import = 3

========================================================================
Received Import Request.
  Time since last request: 0.366072 seconds.
  path: Assets/GameInputControllerIconsFree/keyboard/keyboard-solid/arrow-right.png
  artifactKey: Guid(520efa830df9bc2468d474f3b17fc19c) Importer(815301076,1909f56bfc062723c751e8b465ee728b)
Start importing Assets/GameInputControllerIconsFree/keyboard/keyboard-solid/arrow-right.png using Guid(520efa830df9bc2468d474f3b17fc19c) Importer(815301076,1909f56bfc062723c751e8b465ee728b) (PreviewImporter) -> (artifact id: '4e2e367a6bcc58e836aa5420fe1f8bf6') in 0.0234926 seconds
Number of updated asset objects reloaded before import = 0Number of asset objects unloaded after import = 3

========================================================================
Received Import Request.
  Time since last request: 0.000044 seconds.
  path: Assets/GameInputControllerIconsFree/keyboard/keyboard-solid/arrow-up.png
  artifactKey: Guid(07145c0103ef96446b5ed870b658c435) Importer(815301076,1909f56bfc062723c751e8b465ee728b)
Start importing Assets/GameInputControllerIconsFree/keyboard/keyboard-solid/arrow-up.png using Guid(07145c0103ef96446b5ed870b658c435) Importer(815301076,1909f56bfc062723c751e8b465ee728b) (PreviewImporter) -> (artifact id: '677cbec6ed0fa68ac8e8b481b0fb5d35') in 0.0320061 seconds
Number of updated asset objects reloaded before import = 0Number of asset objects unloaded after import = 3

========================================================================
Received Import Request.
  Time since last request: 0.333128 seconds.
  path: Assets/GameInputControllerIconsFree/keyboard/keyboard-solid/b.png
  artifactKey: Guid(31d880e2b24a86d458af7b338339a60d) Importer(815301076,1909f56bfc062723c751e8b465ee728b)
Start importing Assets/GameInputControllerIconsFree/keyboard/keyboard-solid/b.png using Guid(31d880e2b24a86d458af7b338339a60d) Importer(815301076,1909f56bfc062723c751e8b465ee728b) (PreviewImporter) -> (artifact id: 'cc53528376ac869dd84d6d7caa4ca194') in 0.025305 seconds
Number of updated asset objects reloaded before import = 0Number of asset objects unloaded after import = 3

========================================================================
Received Import Request.
  Time since last request: 0.134050 seconds.
  path: Assets/FeonY/Animated Pixel-Art Backgrounds/Art/Bonus Backgrounds/Background 5 (Bonus).png
  artifactKey: Guid(bfd6160ebe8904647b472b32d03645fd) Importer(815301076,1909f56bfc062723c751e8b465ee728b)
Start importing Assets/FeonY/Animated Pixel-Art Backgrounds/Art/Bonus Backgrounds/Background 5 (Bonus).png using Guid(bfd6160ebe8904647b472b32d03645fd) Importer(815301076,1909f56bfc062723c751e8b465ee728b) (PreviewImporter) -> (artifact id: '874f55f1f732662f22b3c48628e0d072') in 1.1125455 seconds
Number of updated asset objects reloaded before import = 0Number of asset objects unloaded after import = 3

========================================================================
Received Import Request.
  Time since last request: 0.000040 seconds.
  path: Assets/FeonY/Animated Pixel-Art Backgrounds/Art/Bonus Backgrounds/Background 7 (Bonus).png
  artifactKey: Guid(65cd764d3e245dd439eb0df9e92550fa) Importer(815301076,1909f56bfc062723c751e8b465ee728b)
Start importing Assets/FeonY/Animated Pixel-Art Backgrounds/Art/Bonus Backgrounds/Background 7 (Bonus).png using Guid(65cd764d3e245dd439eb0df9e92550fa) Importer(815301076,1909f56bfc062723c751e8b465ee728b) (PreviewImporter) -> (artifact id: '38dce17880bd4b578315185eea3768bf') in 0.7555091 seconds
Number of updated asset objects reloaded before import = 0Number of asset objects unloaded after import = 3

========================================================================
Received Import Request.
  Time since last request: 0.000074 seconds.
  path: Assets/GameInputControllerIconsFree/keyboard/keyboard-solid/backward-slash.png
  artifactKey: Guid(2b129f0edc1f2f54e87c70e234dd5beb) Importer(815301076,1909f56bfc062723c751e8b465ee728b)
Start importing Assets/GameInputControllerIconsFree/keyboard/keyboard-solid/backward-slash.png using Guid(2b129f0edc1f2f54e87c70e234dd5beb) Importer(815301076,1909f56bfc062723c751e8b465ee728b) (PreviewImporter) -> (artifact id: 'fa3516eff698f46c965a4731f362ca50') in 0.0666144 seconds
Number of updated asset objects reloaded before import = 0Number of asset objects unloaded after import = 3

========================================================================
Received Import Request.
  Time since last request: 0.000027 seconds.
  path: Packages/com.unity.2d.animation/Editor/Assets/EditorIcons/Light/Bone.png
  artifactKey: Guid(62ce01ddca719d34ea9648c586a7cc94) Importer(815301076,1909f56bfc062723c751e8b465ee728b)
Start importing Packages/com.unity.2d.animation/Editor/Assets/EditorIcons/Light/Bone.png using Guid(62ce01ddca719d34ea9648c586a7cc94) Importer(815301076,1909f56bfc062723c751e8b465ee728b) (PreviewImporter) -> (artifact id: '5831eba1c8990af8125b0906f359ac5f') in 0.0508744 seconds
Number of updated asset objects reloaded before import = 0Number of asset objects unloaded after import = 3

========================================================================
Received Import Request.
  Time since last request: 0.000035 seconds.
  path: Packages/com.unity.2d.animation/Editor/Assets/EditorIcons/Light/Bone@2x.png
  artifactKey: Guid(d6a44ab95b0def041a7929981a2c23a1) Importer(815301076,1909f56bfc062723c751e8b465ee728b)
Start importing Packages/com.unity.2d.animation/Editor/Assets/EditorIcons/Light/Bone@2x.png using Guid(d6a44ab95b0def041a7929981a2c23a1) Importer(815301076,1909f56bfc062723c751e8b465ee728b) (PreviewImporter) -> (artifact id: 'cb656076466e112f27fd854b85ad1fa0') in 0.0240924 seconds
Number of updated asset objects reloaded before import = 0Number of asset objects unloaded after import = 3

========================================================================
Received Import Request.
  Time since last request: 0.000062 seconds.
  path: Packages/com.unity.2d.animation/Editor/Assets/EditorIcons/Light/Bone@4x.png
  artifactKey: Guid(9125c204f566db048a92ebcb64d9d14a) Importer(815301076,1909f56bfc062723c751e8b465ee728b)
Start importing Packages/com.unity.2d.animation/Editor/Assets/EditorIcons/Light/Bone@4x.png using Guid(9125c204f566db048a92ebcb64d9d14a) Importer(815301076,1909f56bfc062723c751e8b465ee728b) (PreviewImporter) -> (artifact id: '3fcb601a01bf4db5ac415b6d720a395f') in 0.0627366 seconds
Number of updated asset objects reloaded before import = 0Number of asset objects unloaded after import = 3

========================================================================
Received Import Request.
  Time since last request: 0.000038 seconds.
  path: Packages/com.unity.2d.animation/Editor/Assets/EditorIcons/Selected/Bone_Influence@2x.png
  artifactKey: Guid(0779ad3feec52124e97114bcbb12ef13) Importer(815301076,1909f56bfc062723c751e8b465ee728b)
Start importing Packages/com.unity.2d.animation/Editor/Assets/EditorIcons/Selected/Bone_Influence@2x.png using Guid(0779ad3feec52124e97114bcbb12ef13) Importer(815301076,1909f56bfc062723c751e8b465ee728b) (PreviewImporter) -> (artifact id: 'c03555e2a3575f6a5a695b5954f780ee') in 0.0210847 seconds
Number of updated asset objects reloaded before import = 0Number of asset objects unloaded after import = 3

========================================================================
Received Import Request.
  Time since last request: 0.000040 seconds.
  path: Packages/com.unity.2d.animation/Editor/Assets/EditorIcons/Light/Bone_Influence@2x.png
  artifactKey: Guid(7395bf0bc3cc40e4ab2dda5ec6832261) Importer(815301076,1909f56bfc062723c751e8b465ee728b)
Start importing Packages/com.unity.2d.animation/Editor/Assets/EditorIcons/Light/Bone_Influence@2x.png using Guid(7395bf0bc3cc40e4ab2dda5ec6832261) Importer(815301076,1909f56bfc062723c751e8b465ee728b) (PreviewImporter) -> (artifact id: '9a8fe634add6e6bf4f74cdb33095c2c5') in 0.0260748 seconds
Number of updated asset objects reloaded before import = 0Number of asset objects unloaded after import = 3

========================================================================
Received Import Request.
  Time since last request: 0.000036 seconds.
  path: Packages/com.unity.2d.animation/Editor/Assets/EditorIcons/Selected/Bone_Influence@3x.png
  artifactKey: Guid(68e5a78013e33f247822a837e55b0ab4) Importer(815301076,1909f56bfc062723c751e8b465ee728b)
Start importing Packages/com.unity.2d.animation/Editor/Assets/EditorIcons/Selected/Bone_Influence@3x.png using Guid(68e5a78013e33f247822a837e55b0ab4) Importer(815301076,1909f56bfc062723c751e8b465ee728b) (PreviewImporter) -> (artifact id: '0322482d9c02845c7e959bcbf0e793ab') in 0.0691097 seconds
Number of updated asset objects reloaded before import = 0Number of asset objects unloaded after import = 3

========================================================================
Received Import Request.
  Time since last request: 0.000030 seconds.
  path: Packages/com.unity.2d.animation/Editor/Assets/EditorIcons/Light/Bone_Influence@4x.png
  artifactKey: Guid(c7aa62ae78ffca0498c89e5f45f94c0e) Importer(815301076,1909f56bfc062723c751e8b465ee728b)
Start importing Packages/com.unity.2d.animation/Editor/Assets/EditorIcons/Light/Bone_Influence@4x.png using Guid(c7aa62ae78ffca0498c89e5f45f94c0e) Importer(815301076,1909f56bfc062723c751e8b465ee728b) (PreviewImporter) -> (artifact id: '5d1d31f091583b89f2701ad66854c5ec') in 0.051217 seconds
Number of updated asset objects reloaded before import = 0Number of asset objects unloaded after import = 3

========================================================================
Received Import Request.
  Time since last request: 1.631102 seconds.
  path: Assets/GameInputControllerIconsFree/keyboard/keyboard-solid/bracket-close.png
  artifactKey: Guid(ea991d50d6449ff459be123345bbb38f) Importer(815301076,1909f56bfc062723c751e8b465ee728b)
Start importing Assets/GameInputControllerIconsFree/keyboard/keyboard-solid/bracket-close.png using Guid(ea991d50d6449ff459be123345bbb38f) Importer(815301076,1909f56bfc062723c751e8b465ee728b) (PreviewImporter) -> (artifact id: '1929e736a797ec534a9869d43844cccf') in 0.028035 seconds
Number of updated asset objects reloaded before import = 0Number of asset objects unloaded after import = 3

========================================================================
Received Import Request.
  Time since last request: 1.006602 seconds.
  path: Packages/com.unity.collab-proxy/Editor/Assets/Images/buttonssosigninunity@2x.png
  artifactKey: Guid(ee8ce5cd9c0883f4182b5cfd43cfd7fe) Importer(815301076,1909f56bfc062723c751e8b465ee728b)
Start importing Packages/com.unity.collab-proxy/Editor/Assets/Images/buttonssosigninunity@2x.png using Guid(ee8ce5cd9c0883f4182b5cfd43cfd7fe) Importer(815301076,1909f56bfc062723c751e8b465ee728b) (PreviewImporter) -> (artifact id: '55cdb64f8c929ea999e030e0ec9cca19') in 0.0717789 seconds
Number of updated asset objects reloaded before import = 0Number of asset objects unloaded after import = 3

========================================================================
Received Import Request.
  Time since last request: 0.399275 seconds.
  path: Assets/GameInputControllerIconsFree/keyboard/keyboard-solid/c.png
  artifactKey: Guid(7a23fd879f96118438b7c8fed607fa8e) Importer(815301076,1909f56bfc062723c751e8b465ee728b)
Start importing Assets/GameInputControllerIconsFree/keyboard/keyboard-solid/c.png using Guid(7a23fd879f96118438b7c8fed607fa8e) Importer(815301076,1909f56bfc062723c751e8b465ee728b) (PreviewImporter) -> (artifact id: 'fa08c328a9e60ec79f41b230d2555b8e') in 0.0449046 seconds
Number of updated asset objects reloaded before import = 0Number of asset objects unloaded after import = 3

========================================================================
Received Import Request.
  Time since last request: 0.000028 seconds.
  path: Packages/com.unity.render-pipelines.core/Editor/LookDev/Icons/Camera1.png
  artifactKey: Guid(2384eb5de05269b44a58f8dd1d83d725) Importer(815301076,1909f56bfc062723c751e8b465ee728b)
Start importing Packages/com.unity.render-pipelines.core/Editor/LookDev/Icons/Camera1.png using Guid(2384eb5de05269b44a58f8dd1d83d725) Importer(815301076,1909f56bfc062723c751e8b465ee728b) (PreviewImporter) -> (artifact id: '40d678f0b93639ccfe0d42be56615d37') in 0.0529987 seconds
Number of updated asset objects reloaded before import = 0Number of asset objects unloaded after import = 3

========================================================================
Received Import Request.
  Time since last request: 0.884516 seconds.
  path: Packages/com.unity.render-pipelines.core/Editor/LookDev/Icons/Camera2.png
  artifactKey: Guid(e89a31db98e403b40af1a8f0ef9ae1ef) Importer(815301076,1909f56bfc062723c751e8b465ee728b)
Start importing Packages/com.unity.render-pipelines.core/Editor/LookDev/Icons/Camera2.png using Guid(e89a31db98e403b40af1a8f0ef9ae1ef) Importer(815301076,1909f56bfc062723c751e8b465ee728b) (PreviewImporter) -> (artifact id: '2bf11a809b533ac4a2f401a98c2a2895') in 0.0256737 seconds
Number of updated asset objects reloaded before import = 0Number of asset objects unloaded after import = 3

========================================================================
Received Import Request.
  Time since last request: 1.182187 seconds.
  path: Packages/com.unity.render-pipelines.core/Editor/LookDev/Icons/Camera2@2x.png
  artifactKey: Guid(28f2917353630ce4fa307eeceadcd26d) Importer(815301076,1909f56bfc062723c751e8b465ee728b)
Start importing Packages/com.unity.render-pipelines.core/Editor/LookDev/Icons/Camera2@2x.png using Guid(28f2917353630ce4fa307eeceadcd26d) Importer(815301076,1909f56bfc062723c751e8b465ee728b) (PreviewImporter) -> (artifact id: 'de006827c543c11db183a47edfc47eff') in 0.0587339 seconds
Number of updated asset objects reloaded before import = 0Number of asset objects unloaded after import = 3

========================================================================
Received Import Request.
  Time since last request: 0.377745 seconds.
  path: Assets/GameInputControllerIconsFree/keyboard/keyboard-solid/caps.png
  artifactKey: Guid(eef2dbfe99c7a2d42a3efcac7e4049bd) Importer(815301076,1909f56bfc062723c751e8b465ee728b)
Start importing Assets/GameInputControllerIconsFree/keyboard/keyboard-solid/caps.png using Guid(eef2dbfe99c7a2d42a3efcac7e4049bd) Importer(815301076,1909f56bfc062723c751e8b465ee728b) (PreviewImporter) -> (artifact id: 'dff0e3440d510f5dc50c67954dacafbf') in 0.0369611 seconds
Number of updated asset objects reloaded before import = 0Number of asset objects unloaded after import = 3

========================================================================
Received Import Request.
  Time since last request: 0.661468 seconds.
  path: Packages/com.unity.render-pipelines.core/Editor/LookDev/Icons/CenterLight.png
  artifactKey: Guid(3092b2985cafe0b43b1f02ce1d6829d5) Importer(815301076,1909f56bfc062723c751e8b465ee728b)
Start importing Packages/com.unity.render-pipelines.core/Editor/LookDev/Icons/CenterLight.png using Guid(3092b2985cafe0b43b1f02ce1d6829d5) Importer(815301076,1909f56bfc062723c751e8b465ee728b) (PreviewImporter) -> (artifact id: 'fa382ec6f312bbfbd046c096ebb86153') in 0.0384126 seconds
Number of updated asset objects reloaded before import = 0Number of asset objects unloaded after import = 3

========================================================================
Received Import Request.
  Time since last request: 0.481996 seconds.
  path: Packages/com.unity.render-pipelines.core/Editor/LookDev/Icons/CenterLight@2x.png
  artifactKey: Guid(8063050a249eef441beb8cbbd04c086c) Importer(815301076,1909f56bfc062723c751e8b465ee728b)
Start importing Packages/com.unity.render-pipelines.core/Editor/LookDev/Icons/CenterLight@2x.png using Guid(8063050a249eef441beb8cbbd04c086c) Importer(815301076,1909f56bfc062723c751e8b465ee728b) (PreviewImporter) -> (artifact id: 'e3dd7604e6cdcbc27b1d283e24ddfa3a') in 0.0418142 seconds
Number of updated asset objects reloaded before import = 0Number of asset objects unloaded after import = 3

========================================================================
Received Import Request.
  Time since last request: 0.000043 seconds.
  path: Packages/com.unity.2d.animation/Editor/Assets/EditorIcons/Selected/character_Mode.png
  artifactKey: Guid(e60718119cec31e4190849292fcde068) Importer(815301076,1909f56bfc062723c751e8b465ee728b)
Start importing Packages/com.unity.2d.animation/Editor/Assets/EditorIcons/Selected/character_Mode.png using Guid(e60718119cec31e4190849292fcde068) Importer(815301076,1909f56bfc062723c751e8b465ee728b) (PreviewImporter) -> (artifact id: '569a6c3e4b62f0a2d2d7fea4b0cc62fc') in 0.2653023 seconds
Number of updated asset objects reloaded before import = 0Number of asset objects unloaded after import = 3

========================================================================
Received Import Request.
  Time since last request: 1.633269 seconds.
  path: Packages/com.unity.2d.animation/Editor/Assets/EditorIcons/Selected/Copy.png
  artifactKey: Guid(678095381d851334fb550c5032ba1a81) Importer(815301076,1909f56bfc062723c751e8b465ee728b)
Start importing Packages/com.unity.2d.animation/Editor/Assets/EditorIcons/Selected/Copy.png using Guid(678095381d851334fb550c5032ba1a81) Importer(815301076,1909f56bfc062723c751e8b465ee728b) (PreviewImporter) -> (artifact id: '23d25fa2df59f42508b3de08863c207c') in 0.0597017 seconds
Number of updated asset objects reloaded before import = 0Number of asset objects unloaded after import = 3

========================================================================
Received Import Request.
  Time since last request: 0.000040 seconds.
  path: Packages/com.unity.2d.animation/Editor/Assets/EditorIcons/Selected/Copy@2x.png
  artifactKey: Guid(6cc5103edc9f0dd4f80e8274c73dfeac) Importer(815301076,1909f56bfc062723c751e8b465ee728b)
Start importing Packages/com.unity.2d.animation/Editor/Assets/EditorIcons/Selected/Copy@2x.png using Guid(6cc5103edc9f0dd4f80e8274c73dfeac) Importer(815301076,1909f56bfc062723c751e8b465ee728b) (PreviewImporter) -> (artifact id: 'e54efda1430e3bfb63ef794a9029b55c') in 0.055772 seconds
Number of updated asset objects reloaded before import = 0Number of asset objects unloaded after import = 3

========================================================================
Received Import Request.
  Time since last request: 0.173598 seconds.
  path: Packages/com.unity.2d.animation/Editor/Assets/EditorIcons/Light/Copy@2x.png
  artifactKey: Guid(2e0cf451cb3d56742aad87ea75993209) Importer(815301076,1909f56bfc062723c751e8b465ee728b)
Start importing Packages/com.unity.2d.animation/Editor/Assets/EditorIcons/Light/Copy@2x.png using Guid(2e0cf451cb3d56742aad87ea75993209) Importer(815301076,1909f56bfc062723c751e8b465ee728b) (PreviewImporter) -> (artifact id: '8a0864bae998fb2a8364f1d7245a9efe') in 0.0548803 seconds
Number of updated asset objects reloaded before import = 0Number of asset objects unloaded after import = 3

========================================================================
Received Import Request.
  Time since last request: 0.000051 seconds.
  path: Packages/com.unity.2d.animation/Editor/Assets/EditorIcons/Light/Copy@3x.png
  artifactKey: Guid(55ad4b6109677be42b239f450ce98c29) Importer(815301076,1909f56bfc062723c751e8b465ee728b)
Start importing Packages/com.unity.2d.animation/Editor/Assets/EditorIcons/Light/Copy@3x.png using Guid(55ad4b6109677be42b239f450ce98c29) Importer(815301076,1909f56bfc062723c751e8b465ee728b) (PreviewImporter) -> (artifact id: 'c50f2768b92007c1946fec52f33b8542') in 0.042901 seconds
Number of updated asset objects reloaded before import = 0Number of asset objects unloaded after import = 3

========================================================================
Received Import Request.
  Time since last request: 0.000069 seconds.
  path: Packages/com.unity.2d.animation/Editor/Assets/EditorIcons/Light/Copy@4x.png
  artifactKey: Guid(5430b5412bcac5b4986be0a875a5e978) Importer(815301076,1909f56bfc062723c751e8b465ee728b)
Start importing Packages/com.unity.2d.animation/Editor/Assets/EditorIcons/Light/Copy@4x.png using Guid(5430b5412bcac5b4986be0a875a5e978) Importer(815301076,1909f56bfc062723c751e8b465ee728b) (PreviewImporter) -> (artifact id: 'fb05d7a4a3b36e25a59b98cc4b3011bb') in 0.0333006 seconds
Number of updated asset objects reloaded before import = 0Number of asset objects unloaded after import = 3

========================================================================
Received Import Request.
  Time since last request: 0.000039 seconds.
  path: Packages/com.unity.2d.animation/Editor/Assets/EditorIcons/Selected/Create Bones.png
  artifactKey: Guid(7b86a539750e1a44ca7ec5b7f690babd) Importer(815301076,1909f56bfc062723c751e8b465ee728b)
Start importing Packages/com.unity.2d.animation/Editor/Assets/EditorIcons/Selected/Create Bones.png using Guid(7b86a539750e1a44ca7ec5b7f690babd) Importer(815301076,1909f56bfc062723c751e8b465ee728b) (PreviewImporter) -> (artifact id: '977f9e6b26588516137e6f2e04e9cf04') in 0.0479016 seconds
Number of updated asset objects reloaded before import = 0Number of asset objects unloaded after import = 3

========================================================================
Received Import Request.
  Time since last request: 0.000075 seconds.
  path: Packages/com.unity.2d.animation/Editor/Assets/EditorIcons/Light/Create Bones@2x.png
  artifactKey: Guid(03976b6af3289c0409a55e2c4eab4087) Importer(815301076,1909f56bfc062723c751e8b465ee728b)
Start importing Packages/com.unity.2d.animation/Editor/Assets/EditorIcons/Light/Create Bones@2x.png using Guid(03976b6af3289c0409a55e2c4eab4087) Importer(815301076,1909f56bfc062723c751e8b465ee728b) (PreviewImporter) -> (artifact id: 'f53cf1ad6a398ab5b924587566cdd5ad') in 0.057694 seconds
Number of updated asset objects reloaded before import = 0Number of asset objects unloaded after import = 3

========================================================================
Received Import Request.
  Time since last request: 1.202235 seconds.
  path: Packages/com.unity.2d.animation/Editor/Assets/EditorIcons/Selected/Create Bones@2x.png
  artifactKey: Guid(5b7f664b515582d458717c354f6be292) Importer(815301076,1909f56bfc062723c751e8b465ee728b)
Start importing Packages/com.unity.2d.animation/Editor/Assets/EditorIcons/Selected/Create Bones@2x.png using Guid(5b7f664b515582d458717c354f6be292) Importer(815301076,1909f56bfc062723c751e8b465ee728b) (PreviewImporter) -> (artifact id: 'f8a70916038c253baaeafe1fcef2a0da') in 0.0849338 seconds
Number of updated asset objects reloaded before import = 0Number of asset objects unloaded after import = 3

========================================================================
Received Import Request.
  Time since last request: 0.000084 seconds.
  path: Packages/com.unity.2d.animation/Editor/Assets/EditorIcons/Selected/Create Bones@4x.png
  artifactKey: Guid(61ac40b257b3a994f841856ad38b2b6b) Importer(815301076,1909f56bfc062723c751e8b465ee728b)
Start importing Packages/com.unity.2d.animation/Editor/Assets/EditorIcons/Selected/Create Bones@4x.png using Guid(61ac40b257b3a994f841856ad38b2b6b) Importer(815301076,1909f56bfc062723c751e8b465ee728b) (PreviewImporter) -> (artifact id: 'b7bc8734b33317c540fe81bca3273013') in 0.1049038 seconds
Number of updated asset objects reloaded before import = 0Number of asset objects unloaded after import = 3

========================================================================
Received Import Request.
  Time since last request: 0.000112 seconds.
  path: Packages/com.unity.2d.animation/Editor/Assets/EditorIcons/Selected/Create_Edge@2x.png
  artifactKey: Guid(e5da66fa63839274dbffb877e43e888b) Importer(815301076,1909f56bfc062723c751e8b465ee728b)
Start importing Packages/com.unity.2d.animation/Editor/Assets/EditorIcons/Selected/Create_Edge@2x.png using Guid(e5da66fa63839274dbffb877e43e888b) Importer(815301076,1909f56bfc062723c751e8b465ee728b) (PreviewImporter) -> (artifact id: '8b8e6bef6f4eb3d6afebed0a70960e20') in 0.0877869 seconds
Number of updated asset objects reloaded before import = 0Number of asset objects unloaded after import = 3

========================================================================
Received Import Request.
  Time since last request: 0.000090 seconds.
  path: Packages/com.unity.2d.animation/Editor/Assets/EditorIcons/Light/Create_Edge.png
  artifactKey: Guid(1af9d2e44ecf3a2468601c9071df581f) Importer(815301076,1909f56bfc062723c751e8b465ee728b)
Start importing Packages/com.unity.2d.animation/Editor/Assets/EditorIcons/Light/Create_Edge.png using Guid(1af9d2e44ecf3a2468601c9071df581f) Importer(815301076,1909f56bfc062723c751e8b465ee728b) (PreviewImporter) -> (artifact id: '703d302b62763ec49fd0b68f02c92a05') in 0.127283 seconds
Number of updated asset objects reloaded before import = 0Number of asset objects unloaded after import = 3

========================================================================
Received Import Request.
  Time since last request: 0.212047 seconds.
  path: Packages/com.unity.2d.animation/Editor/Assets/EditorIcons/Light/Create_Edge@2x.png
  artifactKey: Guid(3b4e88f5705085042a95960cdcef2561) Importer(815301076,1909f56bfc062723c751e8b465ee728b)
Start importing Packages/com.unity.2d.animation/Editor/Assets/EditorIcons/Light/Create_Edge@2x.png using Guid(3b4e88f5705085042a95960cdcef2561) Importer(815301076,1909f56bfc062723c751e8b465ee728b) (PreviewImporter) -> (artifact id: '04ba8609402b4dae9fdc2c547522b783') in 0.1480887 seconds
Number of updated asset objects reloaded before import = 0Number of asset objects unloaded after import = 3

========================================================================
Received Import Request.
  Time since last request: 0.000107 seconds.
  path: Packages/com.unity.2d.animation/Editor/Assets/EditorIcons/Light/Create_Edge@4x.png
  artifactKey: Guid(1f21190ca9d1e8540b2a3a2e46002685) Importer(815301076,1909f56bfc062723c751e8b465ee728b)
Start importing Packages/com.unity.2d.animation/Editor/Assets/EditorIcons/Light/Create_Edge@4x.png using Guid(1f21190ca9d1e8540b2a3a2e46002685) Importer(815301076,1909f56bfc062723c751e8b465ee728b) (PreviewImporter) -> (artifact id: '300e84222c5f251c2caa8c4ce9fdf5de') in 0.1259747 seconds
Number of updated asset objects reloaded before import = 0Number of asset objects unloaded after import = 3

========================================================================
Received Import Request.
  Time since last request: 0.000125 seconds.
  path: Packages/com.unity.2d.animation/Editor/Assets/EditorIcons/Selected/Create_Vertex.png
  artifactKey: Guid(e7ddb9213511d984f8b951a7c913d83a) Importer(815301076,1909f56bfc062723c751e8b465ee728b)
Start importing Packages/com.unity.2d.animation/Editor/Assets/EditorIcons/Selected/Create_Vertex.png using Guid(e7ddb9213511d984f8b951a7c913d83a) Importer(815301076,1909f56bfc062723c751e8b465ee728b) (PreviewImporter) -> (artifact id: '49971c208e71f237f921de867c8c47d8') in 0.1641027 seconds
Number of updated asset objects reloaded before import = 0Number of asset objects unloaded after import = 3

========================================================================
Received Import Request.
  Time since last request: 0.000120 seconds.
  path: Packages/com.unity.2d.animation/Editor/Assets/EditorIcons/Light/Create_Vertex.png
  artifactKey: Guid(31f371f2dfe50c34081023094aed72c3) Importer(815301076,1909f56bfc062723c751e8b465ee728b)
Start importing Packages/com.unity.2d.animation/Editor/Assets/EditorIcons/Light/Create_Vertex.png using Guid(31f371f2dfe50c34081023094aed72c3) Importer(815301076,1909f56bfc062723c751e8b465ee728b) (PreviewImporter) -> (artifact id: '2aa37755f772a3cefe9861e9ba103e03') in 0.0792758 seconds
Number of updated asset objects reloaded before import = 0Number of asset objects unloaded after import = 3

========================================================================
Received Import Request.
  Time since last request: 0.000105 seconds.
  path: Packages/com.unity.2d.animation/Editor/Assets/EditorIcons/Light/Create_Vertex@2x.png
  artifactKey: Guid(a0c33b3a6e0728343b29883d739f1322) Importer(815301076,1909f56bfc062723c751e8b465ee728b)
Start importing Packages/com.unity.2d.animation/Editor/Assets/EditorIcons/Light/Create_Vertex@2x.png using Guid(a0c33b3a6e0728343b29883d739f1322) Importer(815301076,1909f56bfc062723c751e8b465ee728b) (PreviewImporter) -> (artifact id: '6c2f1c451e5743bb19d7e6dfcb0b3a0a') in 0.0886684 seconds
Number of updated asset objects reloaded before import = 0Number of asset objects unloaded after import = 3

========================================================================
Received Import Request.
  Time since last request: 0.000085 seconds.
  path: Packages/com.unity.2d.animation/Editor/Assets/EditorIcons/Selected/Create_Vertex@4x.png
  artifactKey: Guid(6a7ac9e8c26b12440bf2b1da2ca97794) Importer(815301076,1909f56bfc062723c751e8b465ee728b)
Start importing Packages/com.unity.2d.animation/Editor/Assets/EditorIcons/Selected/Create_Vertex@4x.png using Guid(6a7ac9e8c26b12440bf2b1da2ca97794) Importer(815301076,1909f56bfc062723c751e8b465ee728b) (PreviewImporter) -> (artifact id: '39971e1b480b27167b840c7f558f9b1d') in 0.1204602 seconds
Number of updated asset objects reloaded before import = 0Number of asset objects unloaded after import = 3

========================================================================
Received Import Request.
  Time since last request: 0.000089 seconds.
  path: Assets/GameInputControllerIconsFree/keyboard/keyboard-solid/ctrl.png
  artifactKey: Guid(890a5e2564740ab459586c1121fee81e) Importer(815301076,1909f56bfc062723c751e8b465ee728b)
Start importing Assets/GameInputControllerIconsFree/keyboard/keyboard-solid/ctrl.png using Guid(890a5e2564740ab459586c1121fee81e) Importer(815301076,1909f56bfc062723c751e8b465ee728b) (PreviewImporter) -> (artifact id: 'e07973544927a7c9c55ad6c415e772ab') in 0.087097 seconds
Number of updated asset objects reloaded before import = 0Number of asset objects unloaded after import = 3

========================================================================
Received Import Request.
  Time since last request: 0.116371 seconds.
  path: Assets/GameInputControllerIconsFree/keyboard/keyboard-solid/d.png
  artifactKey: Guid(f88a3bde663a377419f80eeae083d5b7) Importer(815301076,1909f56bfc062723c751e8b465ee728b)
Start importing Assets/GameInputControllerIconsFree/keyboard/keyboard-solid/d.png using Guid(f88a3bde663a377419f80eeae083d5b7) Importer(815301076,1909f56bfc062723c751e8b465ee728b) (PreviewImporter) -> (artifact id: '3dd78281d5813b203826578d697290a5') in 0.0356377 seconds
Number of updated asset objects reloaded before import = 0Number of asset objects unloaded after import = 3

========================================================================
Received Import Request.
  Time since last request: 0.000057 seconds.
  path: Packages/com.unity.2d.animation/Editor/Assets/ComponentIcons/d_Animation.IKCCD.png
  artifactKey: Guid(9fa9bae87905c44afb14ac13c8e481d1) Importer(815301076,1909f56bfc062723c751e8b465ee728b)
Start importing Packages/com.unity.2d.animation/Editor/Assets/ComponentIcons/d_Animation.IKCCD.png using Guid(9fa9bae87905c44afb14ac13c8e481d1) Importer(815301076,1909f56bfc062723c751e8b465ee728b) (PreviewImporter) -> (artifact id: '35c52ba074f82324c033c0acb40fc84e') in 0.0326891 seconds
Number of updated asset objects reloaded before import = 0Number of asset objects unloaded after import = 3

========================================================================
Received Import Request.
  Time since last request: 0.000298 seconds.
  path: Packages/com.unity.render-pipelines.core/Editor/LookDev/Icons/d_Add@2x.png
  artifactKey: Guid(daa49a1f06460a04b9827dd6f0bace08) Importer(815301076,1909f56bfc062723c751e8b465ee728b)
Start importing Packages/com.unity.render-pipelines.core/Editor/LookDev/Icons/d_Add@2x.png using Guid(daa49a1f06460a04b9827dd6f0bace08) Importer(815301076,1909f56bfc062723c751e8b465ee728b) (PreviewImporter) -> (artifact id: 'f23089231d4fb4122f9c024e8e331acb') in 0.0440315 seconds
Number of updated asset objects reloaded before import = 0Number of asset objects unloaded after import = 3

========================================================================
Received Import Request.
  Time since last request: 0.000050 seconds.
  path: Packages/com.unity.2d.animation/Editor/Assets/ComponentIcons/d_Animation.IKCCD@128.png
  artifactKey: Guid(aee4d1ab3c8e8444aaeb344c96f2dc3a) Importer(815301076,1909f56bfc062723c751e8b465ee728b)
Start importing Packages/com.unity.2d.animation/Editor/Assets/ComponentIcons/d_Animation.IKCCD@128.png using Guid(aee4d1ab3c8e8444aaeb344c96f2dc3a) Importer(815301076,1909f56bfc062723c751e8b465ee728b) (PreviewImporter) -> (artifact id: '5cb58922afbaf7c0481025db5d90f565') in 0.0573021 seconds
Number of updated asset objects reloaded before import = 0Number of asset objects unloaded after import = 3

========================================================================
Received Import Request.
  Time since last request: 0.209893 seconds.
  path: Packages/com.unity.2d.animation/Editor/Assets/ComponentIcons/d_Animation.IKFabrik.png
  artifactKey: Guid(56fdc1dd1bbc04a65a5c2ac1d9eacb5d) Importer(815301076,1909f56bfc062723c751e8b465ee728b)
Start importing Packages/com.unity.2d.animation/Editor/Assets/ComponentIcons/d_Animation.IKFabrik.png using Guid(56fdc1dd1bbc04a65a5c2ac1d9eacb5d) Importer(815301076,1909f56bfc062723c751e8b465ee728b) (PreviewImporter) -> (artifact id: '6a4efde6287d22c54cb5a36d3e477705') in 0.0652148 seconds
Number of updated asset objects reloaded before import = 0Number of asset objects unloaded after import = 3

========================================================================
Received Import Request.
  Time since last request: 0.000042 seconds.
  path: Packages/com.unity.2d.animation/Editor/Assets/ComponentIcons/d_Animation.IKFabrik@128.png
  artifactKey: Guid(af77273b34edb4bacbace0efd118bf1a) Importer(815301076,1909f56bfc062723c751e8b465ee728b)
Start importing Packages/com.unity.2d.animation/Editor/Assets/ComponentIcons/d_Animation.IKFabrik@128.png using Guid(af77273b34edb4bacbace0efd118bf1a) Importer(815301076,1909f56bfc062723c751e8b465ee728b) (PreviewImporter) -> (artifact id: '494e15ed60f68d201a0d8abca0708e52') in 0.0385521 seconds
Number of updated asset objects reloaded before import = 0Number of asset objects unloaded after import = 3

========================================================================
Received Import Request.
  Time since last request: 0.000032 seconds.
  path: Packages/com.unity.2d.animation/Editor/Assets/ComponentIcons/d_Animation.IKFabrik@256.png
  artifactKey: Guid(a0c5bb965b60545b79734ffd6ec9f124) Importer(815301076,1909f56bfc062723c751e8b465ee728b)
Start importing Packages/com.unity.2d.animation/Editor/Assets/ComponentIcons/d_Animation.IKFabrik@256.png using Guid(a0c5bb965b60545b79734ffd6ec9f124) Importer(815301076,1909f56bfc062723c751e8b465ee728b) (PreviewImporter) -> (artifact id: 'aa1b616396d2874013f556e856bd0efc') in 0.0303432 seconds
Number of updated asset objects reloaded before import = 0Number of asset objects unloaded after import = 3

========================================================================
Received Import Request.
  Time since last request: 0.000039 seconds.
  path: Packages/com.unity.2d.animation/Editor/Assets/ComponentIcons/d_Animation.IKLimb@32.png
  artifactKey: Guid(f1522af249bd249dc969942b2f9c4608) Importer(815301076,1909f56bfc062723c751e8b465ee728b)
Start importing Packages/com.unity.2d.animation/Editor/Assets/ComponentIcons/d_Animation.IKLimb@32.png using Guid(f1522af249bd249dc969942b2f9c4608) Importer(815301076,1909f56bfc062723c751e8b465ee728b) (PreviewImporter) -> (artifact id: 'f4a4f3b2cbac927fca0e992c4c37c3e8') in 0.2630746 seconds
Number of updated asset objects reloaded before import = 0Number of asset objects unloaded after import = 3

========================================================================
Received Import Request.
  Time since last request: 0.838971 seconds.
  path: Packages/com.unity.2d.animation/Editor/Assets/ComponentIcons/d_Animation.IKLimb@128.png
  artifactKey: Guid(4328211baea95405ab6b8d24456fcbc9) Importer(815301076,1909f56bfc062723c751e8b465ee728b)
Start importing Packages/com.unity.2d.animation/Editor/Assets/ComponentIcons/d_Animation.IKLimb@128.png using Guid(4328211baea95405ab6b8d24456fcbc9) Importer(815301076,1909f56bfc062723c751e8b465ee728b) (PreviewImporter) -> (artifact id: '784967296571fc128bbd7f952404efe7') in 0.0277007 seconds
Number of updated asset objects reloaded before import = 0Number of asset objects unloaded after import = 3

========================================================================
Received Import Request.
  Time since last request: 0.000025 seconds.
  path: Packages/com.unity.2d.animation/Editor/Assets/ComponentIcons/d_Animation.IKManager.png
  artifactKey: Guid(a220630d238d744a5a2cb385602d2498) Importer(815301076,1909f56bfc062723c751e8b465ee728b)
Start importing Packages/com.unity.2d.animation/Editor/Assets/ComponentIcons/d_Animation.IKManager.png using Guid(a220630d238d744a5a2cb385602d2498) Importer(815301076,1909f56bfc062723c751e8b465ee728b) (PreviewImporter) -> (artifact id: 'bc79e72ebc68b17a480dfc496b5805ac') in 0.029007 seconds
Number of updated asset objects reloaded before import = 0Number of asset objects unloaded after import = 3

========================================================================
Received Import Request.
  Time since last request: 0.000060 seconds.
  path: Packages/com.unity.2d.animation/Editor/Assets/ComponentIcons/d_Animation.IKManager@32.png
  artifactKey: Guid(305b8effee6b040328c293f518335b37) Importer(815301076,1909f56bfc062723c751e8b465ee728b)
Start importing Packages/com.unity.2d.animation/Editor/Assets/ComponentIcons/d_Animation.IKManager@32.png using Guid(305b8effee6b040328c293f518335b37) Importer(815301076,1909f56bfc062723c751e8b465ee728b) (PreviewImporter) -> (artifact id: '9bf8de6e3f8573846d14df73d3df344e') in 0.0272733 seconds
Number of updated asset objects reloaded before import = 0Number of asset objects unloaded after import = 3

========================================================================
Received Import Request.
  Time since last request: 0.054140 seconds.
  path: Packages/com.unity.2d.animation/Editor/Assets/ComponentIcons/d_Animation.IKManager@64.png
  artifactKey: Guid(5ab572b9a7b33426c83f5ed08ca8c798) Importer(815301076,1909f56bfc062723c751e8b465ee728b)
Start importing Packages/com.unity.2d.animation/Editor/Assets/ComponentIcons/d_Animation.IKManager@64.png using Guid(5ab572b9a7b33426c83f5ed08ca8c798) Importer(815301076,1909f56bfc062723c751e8b465ee728b) (PreviewImporter) -> (artifact id: 'e6fc857c34197c46b4a2878628b191a3') in 0.0502168 seconds
Number of updated asset objects reloaded before import = 0Number of asset objects unloaded after import = 3

========================================================================
Received Import Request.
  Time since last request: 0.000039 seconds.
  path: Packages/com.unity.2d.animation/Editor/Assets/ComponentIcons/d_Animation.IKManager@256.png
  artifactKey: Guid(ae40df8c9f7d34e72ac6a5232cb18366) Importer(815301076,1909f56bfc062723c751e8b465ee728b)
Start importing Packages/com.unity.2d.animation/Editor/Assets/ComponentIcons/d_Animation.IKManager@256.png using Guid(ae40df8c9f7d34e72ac6a5232cb18366) Importer(815301076,1909f56bfc062723c751e8b465ee728b) (PreviewImporter) -> (artifact id: 'd57baaeb54527f436a92a6de8d7493c0') in 0.0344142 seconds
Number of updated asset objects reloaded before import = 0Number of asset objects unloaded after import = 3

========================================================================
Received Import Request.
  Time since last request: 0.814277 seconds.
  path: Packages/com.unity.2d.animation/Editor/Assets/ComponentIcons/d_Animation.SpriteLibrary@32.png
  artifactKey: Guid(75f06dda60070420793cf5b254fcf8f7) Importer(815301076,1909f56bfc062723c751e8b465ee728b)
Start importing Packages/com.unity.2d.animation/Editor/Assets/ComponentIcons/d_Animation.SpriteLibrary@32.png using Guid(75f06dda60070420793cf5b254fcf8f7) Importer(815301076,1909f56bfc062723c751e8b465ee728b) (PreviewImporter) -> (artifact id: '6a7e8b32eaf03134fab04b335e1970c0') in 0.0656835 seconds
Number of updated asset objects reloaded before import = 0Number of asset objects unloaded after import = 3

========================================================================
Received Import Request.
  Time since last request: 0.000046 seconds.
  path: Packages/com.unity.2d.animation/Editor/Assets/ComponentIcons/d_Animation.SpriteLibrary@128.png
  artifactKey: Guid(7c1d940f1184e44269a954817b343570) Importer(815301076,1909f56bfc062723c751e8b465ee728b)
Start importing Packages/com.unity.2d.animation/Editor/Assets/ComponentIcons/d_Animation.SpriteLibrary@128.png using Guid(7c1d940f1184e44269a954817b343570) Importer(815301076,1909f56bfc062723c751e8b465ee728b) (PreviewImporter) -> (artifact id: 'e8fc0e6bd8d13c45b00cd7524bde9cac') in 0.0559959 seconds
Number of updated asset objects reloaded before import = 0Number of asset objects unloaded after import = 3

========================================================================
Received Import Request.
  Time since last request: 0.418955 seconds.
  path: Packages/com.unity.2d.animation/Editor/Assets/ComponentIcons/d_Animation.SpriteLibraryManager.png
  artifactKey: Guid(9ca415e19264343fda4eee42c9a3452c) Importer(815301076,1909f56bfc062723c751e8b465ee728b)
Start importing Packages/com.unity.2d.animation/Editor/Assets/ComponentIcons/d_Animation.SpriteLibraryManager.png using Guid(9ca415e19264343fda4eee42c9a3452c) Importer(815301076,1909f56bfc062723c751e8b465ee728b) (PreviewImporter) -> (artifact id: '6216aa9b583e31833c4c27c1e7d31f11') in 0.0210957 seconds
Number of updated asset objects reloaded before import = 0Number of asset objects unloaded after import = 3

========================================================================
Received Import Request.
  Time since last request: 0.000025 seconds.
  path: Packages/com.unity.2d.animation/Editor/Assets/ComponentIcons/d_Animation.SpriteLibraryManager@32.png
  artifactKey: Guid(c07475be16e5e4093a78d5271ca3abfd) Importer(815301076,1909f56bfc062723c751e8b465ee728b)
Start importing Packages/com.unity.2d.animation/Editor/Assets/ComponentIcons/d_Animation.SpriteLibraryManager@32.png using Guid(c07475be16e5e4093a78d5271ca3abfd) Importer(815301076,1909f56bfc062723c751e8b465ee728b) (PreviewImporter) -> (artifact id: 'a21163df24440b9a3239e5c297601120') in 0.0592559 seconds
Number of updated asset objects reloaded before import = 0Number of asset objects unloaded after import = 3

========================================================================
Received Import Request.
  Time since last request: 0.000039 seconds.
  path: Packages/com.unity.2d.animation/Editor/Assets/ComponentIcons/d_Animation.SpriteLibraryManager@128.png
  artifactKey: Guid(fc88c9e07aafe4904bd795a8dfa811f2) Importer(815301076,1909f56bfc062723c751e8b465ee728b)
Start importing Packages/com.unity.2d.animation/Editor/Assets/ComponentIcons/d_Animation.SpriteLibraryManager@128.png using Guid(fc88c9e07aafe4904bd795a8dfa811f2) Importer(815301076,1909f56bfc062723c751e8b465ee728b) (PreviewImporter) -> (artifact id: '5cea7899a75a85df3d3778c243bf68d4') in 0.0263498 seconds
Number of updated asset objects reloaded before import = 0Number of asset objects unloaded after import = 3

========================================================================
Received Import Request.
  Time since last request: 0.000038 seconds.
  path: Packages/com.unity.2d.animation/Editor/Assets/ComponentIcons/d_Animation.SpriteLibraryVar.png
  artifactKey: Guid(0f23e3a5939b544a695891ff91d452b7) Importer(815301076,1909f56bfc062723c751e8b465ee728b)
Start importing Packages/com.unity.2d.animation/Editor/Assets/ComponentIcons/d_Animation.SpriteLibraryVar.png using Guid(0f23e3a5939b544a695891ff91d452b7) Importer(815301076,1909f56bfc062723c751e8b465ee728b) (PreviewImporter) -> (artifact id: '8c77332a27e63075db41cc7598862952') in 0.0224737 seconds
Number of updated asset objects reloaded before import = 0Number of asset objects unloaded after import = 3

========================================================================
Received Import Request.
  Time since last request: 0.000049 seconds.
  path: Packages/com.unity.2d.animation/Editor/Assets/ComponentIcons/d_Animation.SpriteLibraryVar@64.png
  artifactKey: Guid(54e0c48589e594d96a00db47801df58b) Importer(815301076,1909f56bfc062723c751e8b465ee728b)
Start importing Packages/com.unity.2d.animation/Editor/Assets/ComponentIcons/d_Animation.SpriteLibraryVar@64.png using Guid(54e0c48589e594d96a00db47801df58b) Importer(815301076,1909f56bfc062723c751e8b465ee728b) (PreviewImporter) -> (artifact id: '5f515b8037167009963cc58916804c44') in 0.0200292 seconds
Number of updated asset objects reloaded before import = 0Number of asset objects unloaded after import = 3

========================================================================
Received Import Request.
  Time since last request: 0.000041 seconds.
  path: Packages/com.unity.2d.animation/Editor/Assets/ComponentIcons/d_Animation.SpriteLibraryVar@256.png
  artifactKey: Guid(cc7d2cf7748504544a90f45ddac4dc80) Importer(815301076,1909f56bfc062723c751e8b465ee728b)
Start importing Packages/com.unity.2d.animation/Editor/Assets/ComponentIcons/d_Animation.SpriteLibraryVar@256.png using Guid(cc7d2cf7748504544a90f45ddac4dc80) Importer(815301076,1909f56bfc062723c751e8b465ee728b) (PreviewImporter) -> (artifact id: 'c30f462b4fd7d27aaaec7f96e839cc39') in 0.0550458 seconds
Number of updated asset objects reloaded before import = 0Number of asset objects unloaded after import = 3

========================================================================
Received Import Request.
  Time since last request: 0.000042 seconds.
  path: Packages/com.unity.2d.animation/Editor/Assets/ComponentIcons/d_Animation.SpriteResolver@32.png
  artifactKey: Guid(a069762eea60d4e26b7ec2518369623c) Importer(815301076,1909f56bfc062723c751e8b465ee728b)
Start importing Packages/com.unity.2d.animation/Editor/Assets/ComponentIcons/d_Animation.SpriteResolver@32.png using Guid(a069762eea60d4e26b7ec2518369623c) Importer(815301076,1909f56bfc062723c751e8b465ee728b) (PreviewImporter) -> (artifact id: 'e113a7a0b8c74d11b60a2ebe09187f54') in 0.034673 seconds
Number of updated asset objects reloaded before import = 0Number of asset objects unloaded after import = 3

========================================================================
Received Import Request.
  Time since last request: 0.438927 seconds.
  path: Packages/com.unity.2d.animation/Editor/Assets/ComponentIcons/d_Animation.SpriteResolver@64.png
  artifactKey: Guid(4c30b1506cccf4f46952be11e3a98523) Importer(815301076,1909f56bfc062723c751e8b465ee728b)
Start importing Packages/com.unity.2d.animation/Editor/Assets/ComponentIcons/d_Animation.SpriteResolver@64.png using Guid(4c30b1506cccf4f46952be11e3a98523) Importer(815301076,1909f56bfc062723c751e8b465ee728b) (PreviewImporter) -> (artifact id: 'be73a5deb8f8e0e34857ac5bc7c44059') in 0.0808147 seconds
Number of updated asset objects reloaded before import = 0Number of asset objects unloaded after import = 3

========================================================================
Received Import Request.
  Time since last request: 0.000044 seconds.
  path: Packages/com.unity.2d.animation/Editor/Assets/ComponentIcons/d_Animation.SpriteResolver@256.png
  artifactKey: Guid(4c78d8667944f4116ba9dd56d2219e77) Importer(815301076,1909f56bfc062723c751e8b465ee728b)
Start importing Packages/com.unity.2d.animation/Editor/Assets/ComponentIcons/d_Animation.SpriteResolver@256.png using Guid(4c78d8667944f4116ba9dd56d2219e77) Importer(815301076,1909f56bfc062723c751e8b465ee728b) (PreviewImporter) -> (artifact id: '7659093bd908082b15747799e0d02391') in 0.0309304 seconds
Number of updated asset objects reloaded before import = 0Number of asset objects unloaded after import = 3

========================================================================
Received Import Request.
  Time since last request: 0.012139 seconds.
  path: Packages/com.unity.2d.animation/Editor/Assets/ComponentIcons/d_Animation.SpriteSkin@32.png
  artifactKey: Guid(49e6e07d70170412982a1e51c6c6d4de) Importer(815301076,1909f56bfc062723c751e8b465ee728b)
Start importing Packages/com.unity.2d.animation/Editor/Assets/ComponentIcons/d_Animation.SpriteSkin@32.png using Guid(49e6e07d70170412982a1e51c6c6d4de) Importer(815301076,1909f56bfc062723c751e8b465ee728b) (PreviewImporter) -> (artifact id: 'd87278a14a67e8a7f736d63095b06aa2') in 0.0789462 seconds
Number of updated asset objects reloaded before import = 0Number of asset objects unloaded after import = 3

========================================================================
Received Import Request.
  Time since last request: 0.000041 seconds.
  path: Packages/com.unity.2d.animation/Editor/Assets/ComponentIcons/d_Animation.SpriteSkin@256.png
  artifactKey: Guid(1e7881f6af9ad4c0eb01def7f1b8a31b) Importer(815301076,1909f56bfc062723c751e8b465ee728b)
Start importing Packages/com.unity.2d.animation/Editor/Assets/ComponentIcons/d_Animation.SpriteSkin@256.png using Guid(1e7881f6af9ad4c0eb01def7f1b8a31b) Importer(815301076,1909f56bfc062723c751e8b465ee728b) (PreviewImporter) -> (artifact id: '41b23fce048052473003bcb830a93649') in 0.0260425 seconds
Number of updated asset objects reloaded before import = 0Number of asset objects unloaded after import = 3

========================================================================
Received Import Request.
  Time since last request: 0.000028 seconds.
  path: Packages/com.unity.2d.animation/Editor/Assets/EditorIcons/Dark/d_Bone.png
  artifactKey: Guid(fc2eaf4b0441b7645960252182c27446) Importer(815301076,1909f56bfc062723c751e8b465ee728b)
Start importing Packages/com.unity.2d.animation/Editor/Assets/EditorIcons/Dark/d_Bone.png using Guid(fc2eaf4b0441b7645960252182c27446) Importer(815301076,1909f56bfc062723c751e8b465ee728b) (PreviewImporter) -> (artifact id: '629bb77038f2a01abc5ba71f479ca6d7') in 0.0643474 seconds
Number of updated asset objects reloaded before import = 0Number of asset objects unloaded after import = 3

========================================================================
Received Import Request.
  Time since last request: 0.000057 seconds.
  path: Packages/com.unity.2d.animation/Editor/Assets/EditorIcons/Dark/d_Bone@2x.png
  artifactKey: Guid(17d971605cfbaea47b0d10b0b5dbc406) Importer(815301076,1909f56bfc062723c751e8b465ee728b)
Start importing Packages/com.unity.2d.animation/Editor/Assets/EditorIcons/Dark/d_Bone@2x.png using Guid(17d971605cfbaea47b0d10b0b5dbc406) Importer(815301076,1909f56bfc062723c751e8b465ee728b) (PreviewImporter) -> (artifact id: 'd0165fb96b75c86cf5be977c10bf1fff') in 0.0294176 seconds
Number of updated asset objects reloaded before import = 0Number of asset objects unloaded after import = 3

========================================================================
Received Import Request.
  Time since last request: 0.359480 seconds.
  path: Packages/com.unity.2d.animation/Editor/Assets/EditorIcons/Selected/d_Bone@3x.png
  artifactKey: Guid(443d05f2a4ae81a4297ac8ec762644c3) Importer(815301076,1909f56bfc062723c751e8b465ee728b)
Start importing Packages/com.unity.2d.animation/Editor/Assets/EditorIcons/Selected/d_Bone@3x.png using Guid(443d05f2a4ae81a4297ac8ec762644c3) Importer(815301076,1909f56bfc062723c751e8b465ee728b) (PreviewImporter) -> (artifact id: 'e9622ecbb367debad2fa0c063586a624') in 0.0302144 seconds
Number of updated asset objects reloaded before import = 0Number of asset objects unloaded after import = 3

========================================================================
Received Import Request.
  Time since last request: 0.000034 seconds.
  path: Packages/com.unity.2d.animation/Editor/Assets/EditorIcons/Selected/d_Bone@4x.png
  artifactKey: Guid(1bb69cd91685d9248a58b144052746f3) Importer(815301076,1909f56bfc062723c751e8b465ee728b)
Start importing Packages/com.unity.2d.animation/Editor/Assets/EditorIcons/Selected/d_Bone@4x.png using Guid(1bb69cd91685d9248a58b144052746f3) Importer(815301076,1909f56bfc062723c751e8b465ee728b) (PreviewImporter) -> (artifact id: '0810014c4be968ef15716059238fbac9') in 0.0653105 seconds
Number of updated asset objects reloaded before import = 0Number of asset objects unloaded after import = 3

========================================================================
Received Import Request.
  Time since last request: 0.000058 seconds.
  path: Packages/com.unity.2d.animation/Editor/Assets/EditorIcons/Dark/d_Bone_Influence.png
  artifactKey: Guid(c037c4c58e8d8c34ca9bf121abb7ee49) Importer(815301076,1909f56bfc062723c751e8b465ee728b)
Start importing Packages/com.unity.2d.animation/Editor/Assets/EditorIcons/Dark/d_Bone_Influence.png using Guid(c037c4c58e8d8c34ca9bf121abb7ee49) Importer(815301076,1909f56bfc062723c751e8b465ee728b) (PreviewImporter) -> (artifact id: '89d1cd9cc1497368d4fc8f60a8eca075') in 0.0898789 seconds
Number of updated asset objects reloaded before import = 0Number of asset objects unloaded after import = 3

========================================================================
Received Import Request.
  Time since last request: 0.000044 seconds.
  path: Packages/com.unity.2d.animation/Editor/Assets/EditorIcons/Dark/d_Bone_Influence@2x.png
  artifactKey: Guid(045a46ed7fd32804eb02dc411be96859) Importer(815301076,1909f56bfc062723c751e8b465ee728b)
Start importing Packages/com.unity.2d.animation/Editor/Assets/EditorIcons/Dark/d_Bone_Influence@2x.png using Guid(045a46ed7fd32804eb02dc411be96859) Importer(815301076,1909f56bfc062723c751e8b465ee728b) (PreviewImporter) -> (artifact id: '1c9e28891d13b4d28c689242548d9d9e') in 0.0267047 seconds
Number of updated asset objects reloaded before import = 0Number of asset objects unloaded after import = 3

========================================================================
Received Import Request.
  Time since last request: 0.000031 seconds.
  path: Packages/com.unity.render-pipelines.core/Editor/LookDev/Icons/d_Camera1@2x.png
  artifactKey: Guid(603d01d730be24147adda7897e463598) Importer(815301076,1909f56bfc062723c751e8b465ee728b)
Start importing Packages/com.unity.render-pipelines.core/Editor/LookDev/Icons/d_Camera1@2x.png using Guid(603d01d730be24147adda7897e463598) Importer(815301076,1909f56bfc062723c751e8b465ee728b) (PreviewImporter) -> (artifact id: 'cdaadc01e4d0f0347f2e1ea0665ad519') in 0.0428652 seconds
Number of updated asset objects reloaded before import = 0Number of asset objects unloaded after import = 3

========================================================================
Received Import Request.
  Time since last request: 0.000047 seconds.
  path: Packages/com.unity.render-pipelines.core/Editor/LookDev/Icons/d_Camera2.png
  artifactKey: Guid(281160d54742cbb44a88a61bf8ccfb16) Importer(815301076,1909f56bfc062723c751e8b465ee728b)
Start importing Packages/com.unity.render-pipelines.core/Editor/LookDev/Icons/d_Camera2.png using Guid(281160d54742cbb44a88a61bf8ccfb16) Importer(815301076,1909f56bfc062723c751e8b465ee728b) (PreviewImporter) -> (artifact id: '40a60db307c52f08273efeb172a87eb7') in 0.0348376 seconds
Number of updated asset objects reloaded before import = 0Number of asset objects unloaded after import = 3

========================================================================
Received Import Request.
  Time since last request: 0.000043 seconds.
  path: Packages/com.unity.render-pipelines.core/Editor/LookDev/Icons/d_CenterLight.png
  artifactKey: Guid(fca3bc21b4600e04faaddb69c5fad81e) Importer(815301076,1909f56bfc062723c751e8b465ee728b)
Start importing Packages/com.unity.render-pipelines.core/Editor/LookDev/Icons/d_CenterLight.png using Guid(fca3bc21b4600e04faaddb69c5fad81e) Importer(815301076,1909f56bfc062723c751e8b465ee728b) (PreviewImporter) -> (artifact id: '8939ce87a5f3e1041d9ac665161eba09') in 0.0604011 seconds
Number of updated asset objects reloaded before import = 0Number of asset objects unloaded after import = 3

========================================================================
Received Import Request.
  Time since last request: 0.000025 seconds.
  path: Packages/com.unity.2d.animation/Editor/Assets/EditorIcons/Dark/d_character_Mode.png
  artifactKey: Guid(a33833072bf90f34c856623b67d0e897) Importer(815301076,1909f56bfc062723c751e8b465ee728b)
Start importing Packages/com.unity.2d.animation/Editor/Assets/EditorIcons/Dark/d_character_Mode.png using Guid(a33833072bf90f34c856623b67d0e897) Importer(815301076,1909f56bfc062723c751e8b465ee728b) (PreviewImporter) -> (artifact id: 'c45ba23746f1785f1979a4a76a9c4590') in 0.0514548 seconds
Number of updated asset objects reloaded before import = 0Number of asset objects unloaded after import = 3

========================================================================
Received Import Request.
  Time since last request: 0.000052 seconds.
  path: Packages/com.unity.2d.animation/Editor/Assets/EditorIcons/Dark/d_character_Mode@3x.png
  artifactKey: Guid(c22340e383b54c44196cb7765328e79d) Importer(815301076,1909f56bfc062723c751e8b465ee728b)
Start importing Packages/com.unity.2d.animation/Editor/Assets/EditorIcons/Dark/d_character_Mode@3x.png using Guid(c22340e383b54c44196cb7765328e79d) Importer(815301076,1909f56bfc062723c751e8b465ee728b) (PreviewImporter) -> (artifact id: '683ecedb67e0bec2b7c468cbcec248bd') in 0.0271582 seconds
Number of updated asset objects reloaded before import = 0Number of asset objects unloaded after import = 3

========================================================================
Received Import Request.
  Time since last request: 0.000037 seconds.
  path: Packages/com.unity.2d.animation/Editor/Assets/EditorIcons/Dark/d_Copy@2x.png
  artifactKey: Guid(312df9440efd5df4ea8f6c98591d6b96) Importer(815301076,1909f56bfc062723c751e8b465ee728b)
Start importing Packages/com.unity.2d.animation/Editor/Assets/EditorIcons/Dark/d_Copy@2x.png using Guid(312df9440efd5df4ea8f6c98591d6b96) Importer(815301076,1909f56bfc062723c751e8b465ee728b) (PreviewImporter) -> (artifact id: 'f969725d011e2255fbda42fb07558017') in 0.0262785 seconds
Number of updated asset objects reloaded before import = 0Number of asset objects unloaded after import = 3

========================================================================
Received Import Request.
  Time since last request: 0.000032 seconds.
  path: Packages/com.unity.2d.animation/Editor/Assets/EditorIcons/Dark/d_Copy@4x.png
  artifactKey: Guid(00b8ce4a201871b498992f536279acf7) Importer(815301076,1909f56bfc062723c751e8b465ee728b)
Start importing Packages/com.unity.2d.animation/Editor/Assets/EditorIcons/Dark/d_Copy@4x.png using Guid(00b8ce4a201871b498992f536279acf7) Importer(815301076,1909f56bfc062723c751e8b465ee728b) (PreviewImporter) -> (artifact id: '3c51d37f1549af76bffabad13f53ab1c') in 0.0659006 seconds
Number of updated asset objects reloaded before import = 0Number of asset objects unloaded after import = 3

========================================================================
Received Import Request.
  Time since last request: 0.000043 seconds.
  path: Packages/com.unity.2d.animation/Editor/Assets/EditorIcons/Dark/d_character_Mode@4x.png
  artifactKey: Guid(395f6b9556f14704790df6035be6ee3a) Importer(815301076,1909f56bfc062723c751e8b465ee728b)
Start importing Packages/com.unity.2d.animation/Editor/Assets/EditorIcons/Dark/d_character_Mode@4x.png using Guid(395f6b9556f14704790df6035be6ee3a) Importer(815301076,1909f56bfc062723c751e8b465ee728b) (PreviewImporter) -> (artifact id: '176e15a003b20a538e4d45ca61e80e8c') in 0.0281231 seconds
Number of updated asset objects reloaded before import = 0Number of asset objects unloaded after import = 3

========================================================================
Received Import Request.
  Time since last request: 0.057996 seconds.
  path: Packages/com.unity.2d.animation/Editor/Assets/EditorIcons/Dark/d_Create Bones@3x.png
  artifactKey: Guid(6e2c347c12b3fe04b94007ad25ace23a) Importer(815301076,1909f56bfc062723c751e8b465ee728b)
Start importing Packages/com.unity.2d.animation/Editor/Assets/EditorIcons/Dark/d_Create Bones@3x.png using Guid(6e2c347c12b3fe04b94007ad25ace23a) Importer(815301076,1909f56bfc062723c751e8b465ee728b) (PreviewImporter) -> (artifact id: 'b9f338559788535a0c574a6dcf1ae3c6') in 0.0609438 seconds
Number of updated asset objects reloaded before import = 0Number of asset objects unloaded after import = 3

========================================================================
Received Import Request.
  Time since last request: 0.000123 seconds.
  path: Packages/com.unity.2d.animation/Editor/Assets/EditorIcons/Dark/d_Create_Edge@2x.png
  artifactKey: Guid(ebaf5b914f751a142b6851d985adf69d) Importer(815301076,1909f56bfc062723c751e8b465ee728b)
Start importing Packages/com.unity.2d.animation/Editor/Assets/EditorIcons/Dark/d_Create_Edge@2x.png using Guid(ebaf5b914f751a142b6851d985adf69d) Importer(815301076,1909f56bfc062723c751e8b465ee728b) (PreviewImporter) -> (artifact id: '30b82c2e4c3253f573e0ddf424a84d1f') in 0.0515899 seconds
Number of updated asset objects reloaded before import = 0Number of asset objects unloaded after import = 3

========================================================================
Received Import Request.
  Time since last request: 0.000039 seconds.
  path: Packages/com.unity.2d.animation/Editor/Assets/EditorIcons/Dark/d_Create_Edge@4x.png
  artifactKey: Guid(62053ed690017d143bd2cfa8e5dc3ff5) Importer(815301076,1909f56bfc062723c751e8b465ee728b)
Start importing Packages/com.unity.2d.animation/Editor/Assets/EditorIcons/Dark/d_Create_Edge@4x.png using Guid(62053ed690017d143bd2cfa8e5dc3ff5) Importer(815301076,1909f56bfc062723c751e8b465ee728b) (PreviewImporter) -> (artifact id: '581bd9aa67eb3e060e9a515bf9b7e953') in 0.0502536 seconds
Number of updated asset objects reloaded before import = 0Number of asset objects unloaded after import = 3

========================================================================
Received Import Request.
  Time since last request: 0.000153 seconds.
  path: Packages/com.unity.2d.animation/Editor/Assets/EditorIcons/Dark/d_Create_Vertex@2x.png
  artifactKey: Guid(80a2a0d76c01997428d4213411145e8c) Importer(815301076,1909f56bfc062723c751e8b465ee728b)
Start importing Packages/com.unity.2d.animation/Editor/Assets/EditorIcons/Dark/d_Create_Vertex@2x.png using Guid(80a2a0d76c01997428d4213411145e8c) Importer(815301076,1909f56bfc062723c751e8b465ee728b) (PreviewImporter) -> (artifact id: 'be0e5f5ea60e75130d8dc7aecaba6b0a') in 0.024744 seconds
Number of updated asset objects reloaded before import = 0Number of asset objects unloaded after import = 3

========================================================================
Received Import Request.
  Time since last request: 0.000052 seconds.
  path: Packages/com.unity.2d.animation/Editor/Assets/EditorIcons/Dark/d_Create_Vertex@4x.png
  artifactKey: Guid(2ced226d9df062547882002f633ab6ee) Importer(815301076,1909f56bfc062723c751e8b465ee728b)
Start importing Packages/com.unity.2d.animation/Editor/Assets/EditorIcons/Dark/d_Create_Vertex@4x.png using Guid(2ced226d9df062547882002f633ab6ee) Importer(815301076,1909f56bfc062723c751e8b465ee728b) (PreviewImporter) -> (artifact id: 'b50521c29c5467865de156341911f5ae') in 0.0627744 seconds
Number of updated asset objects reloaded before import = 0Number of asset objects unloaded after import = 3

========================================================================
Received Import Request.
  Time since last request: 0.000050 seconds.
  path: Packages/com.unity.render-pipelines.core/Editor/LookDev/Icons/d_Duplicate@2x.png
  artifactKey: Guid(8ca869dd944d5f54e9ec614b26f10dcb) Importer(815301076,1909f56bfc062723c751e8b465ee728b)
Start importing Packages/com.unity.render-pipelines.core/Editor/LookDev/Icons/d_Duplicate@2x.png using Guid(8ca869dd944d5f54e9ec614b26f10dcb) Importer(815301076,1909f56bfc062723c751e8b465ee728b) (PreviewImporter) -> (artifact id: '1c46e59b4b3b0ba8c6e3d2801ada6a58') in 0.0418582 seconds
Number of updated asset objects reloaded before import = 0Number of asset objects unloaded after import = 3

========================================================================
Received Import Request.
  Time since last request: 0.748270 seconds.
  path: Packages/com.unity.2d.animation/Editor/Assets/EditorIcons/Dark/d_Edit_Geometry.png
  artifactKey: Guid(a855026b258150c418b14e56540f642a) Importer(815301076,1909f56bfc062723c751e8b465ee728b)
Start importing Packages/com.unity.2d.animation/Editor/Assets/EditorIcons/Dark/d_Edit_Geometry.png using Guid(a855026b258150c418b14e56540f642a) Importer(815301076,1909f56bfc062723c751e8b465ee728b) (PreviewImporter) -> (artifact id: '257ff8cda7fe2c2c8d042a634918949c') in 0.0435988 seconds
Number of updated asset objects reloaded before import = 0Number of asset objects unloaded after import = 3

========================================================================
Received Import Request.
  Time since last request: 0.000034 seconds.
  path: Packages/com.unity.2d.animation/Editor/Assets/EditorIcons/Dark/d_Edit_Geometry@3x.png
  artifactKey: Guid(0ff8fd73a1ad1284eb30ab319560b4c7) Importer(815301076,1909f56bfc062723c751e8b465ee728b)
Start importing Packages/com.unity.2d.animation/Editor/Assets/EditorIcons/Dark/d_Edit_Geometry@3x.png using Guid(0ff8fd73a1ad1284eb30ab319560b4c7) Importer(815301076,1909f56bfc062723c751e8b465ee728b) (PreviewImporter) -> (artifact id: 'b24f83c6143201d8c2a4252f10c9f194') in 0.033081 seconds
Number of updated asset objects reloaded before import = 0Number of asset objects unloaded after import = 3

========================================================================
Received Import Request.
  Time since last request: 0.006039 seconds.
  path: Packages/com.unity.2d.animation/Editor/Assets/EditorIcons/Dark/d_Edit_Joints.png
  artifactKey: Guid(8c3235661573d7b44bd864536f83d0ea) Importer(815301076,1909f56bfc062723c751e8b465ee728b)
Start importing Packages/com.unity.2d.animation/Editor/Assets/EditorIcons/Dark/d_Edit_Joints.png using Guid(8c3235661573d7b44bd864536f83d0ea) Importer(815301076,1909f56bfc062723c751e8b465ee728b) (PreviewImporter) -> (artifact id: '7c1f75367f06e1d80da01558bf498284') in 0.0219509 seconds
Number of updated asset objects reloaded before import = 0Number of asset objects unloaded after import = 3

========================================================================
Received Import Request.
  Time since last request: 0.000030 seconds.
  path: Packages/com.unity.2d.animation/Editor/Assets/EditorIcons/Dark/d_Edit_Joints@2x.png
  artifactKey: Guid(eecbc6949fc2aac40bfe64caade7a594) Importer(815301076,1909f56bfc062723c751e8b465ee728b)
Start importing Packages/com.unity.2d.animation/Editor/Assets/EditorIcons/Dark/d_Edit_Joints@2x.png using Guid(eecbc6949fc2aac40bfe64caade7a594) Importer(815301076,1909f56bfc062723c751e8b465ee728b) (PreviewImporter) -> (artifact id: '41773eb488d740436e5ad47a0ed8827c') in 0.0529723 seconds
Number of updated asset objects reloaded before import = 0Number of asset objects unloaded after import = 3

========================================================================
Received Import Request.
  Time since last request: 0.000036 seconds.
  path: Packages/com.unity.2d.animation/Editor/Assets/EditorIcons/Dark/d_Edit_Joints@4x.png
  artifactKey: Guid(15d3c315af8faf2498573371308b9d3e) Importer(815301076,1909f56bfc062723c751e8b465ee728b)
Start importing Packages/com.unity.2d.animation/Editor/Assets/EditorIcons/Dark/d_Edit_Joints@4x.png using Guid(15d3c315af8faf2498573371308b9d3e) Importer(815301076,1909f56bfc062723c751e8b465ee728b) (PreviewImporter) -> (artifact id: '831380a42ef9c47addd585abd55154eb') in 0.0367007 seconds
Number of updated asset objects reloaded before import = 0Number of asset objects unloaded after import = 3

========================================================================
Received Import Request.
  Time since last request: 0.000040 seconds.
  path: Packages/com.unity.2d.animation/Editor/Assets/EditorIcons/Dark/d_Edit_Pose@3x.png
  artifactKey: Guid(334b0c5a2da656f4a9d2fe6b658cfd68) Importer(815301076,1909f56bfc062723c751e8b465ee728b)
Start importing Packages/com.unity.2d.animation/Editor/Assets/EditorIcons/Dark/d_Edit_Pose@3x.png using Guid(334b0c5a2da656f4a9d2fe6b658cfd68) Importer(815301076,1909f56bfc062723c751e8b465ee728b) (PreviewImporter) -> (artifact id: '592e735b248c77a3d1d0a2ff090a4fb1') in 0.1369022 seconds
Number of updated asset objects reloaded before import = 0Number of asset objects unloaded after import = 3

========================================================================
Received Import Request.
  Time since last request: 0.000044 seconds.
  path: Packages/com.unity.2d.animation/Editor/Assets/EditorIcons/Dark/d_Edit_Pose@4x.png
  artifactKey: Guid(4f3a106299767d146975053c7be09b97) Importer(815301076,1909f56bfc062723c751e8b465ee728b)
Start importing Packages/com.unity.2d.animation/Editor/Assets/EditorIcons/Dark/d_Edit_Pose@4x.png using Guid(4f3a106299767d146975053c7be09b97) Importer(815301076,1909f56bfc062723c751e8b465ee728b) (PreviewImporter) -> (artifact id: '8ca8374e6f7a5b47b342073bc32849d9') in 0.0216236 seconds
Number of updated asset objects reloaded before import = 0Number of asset objects unloaded after import = 3

========================================================================
Received Import Request.
  Time since last request: 0.000055 seconds.
  path: Packages/com.unity.2d.animation/Editor/Assets/EditorIcons/Dark/d_EditorUI.Filter.png
  artifactKey: Guid(a8da56a2d332845258195016e4f58611) Importer(815301076,1909f56bfc062723c751e8b465ee728b)
Start importing Packages/com.unity.2d.animation/Editor/Assets/EditorIcons/Dark/d_EditorUI.Filter.png using Guid(a8da56a2d332845258195016e4f58611) Importer(815301076,1909f56bfc062723c751e8b465ee728b) (PreviewImporter) -> (artifact id: '6eb346a7097e5793cd78841302c65952') in 0.0362378 seconds
Number of updated asset objects reloaded before import = 0Number of asset objects unloaded after import = 3

========================================================================
Received Import Request.
  Time since last request: 0.000036 seconds.
  path: Packages/com.unity.2d.animation/Editor/Assets/EditorIcons/Dark/d_EditorUI.Filter@2x.png
  artifactKey: Guid(fda2e829442ad4c0d875a0f52dd3a487) Importer(815301076,1909f56bfc062723c751e8b465ee728b)
Start importing Packages/com.unity.2d.animation/Editor/Assets/EditorIcons/Dark/d_EditorUI.Filter@2x.png using Guid(fda2e829442ad4c0d875a0f52dd3a487) Importer(815301076,1909f56bfc062723c751e8b465ee728b) (PreviewImporter) -> (artifact id: '9b9146c9b9859e8b32640f2ca1dc8a78') in 0.0440449 seconds
Number of updated asset objects reloaded before import = 0Number of asset objects unloaded after import = 3

========================================================================
Received Import Request.
  Time since last request: 0.043371 seconds.
  path: Packages/com.unity.2d.tilemap/Editor/Icons/d_EditorUI.Target.png
  artifactKey: Guid(04e6c3cc740a491458073f2f715066f6) Importer(815301076,1909f56bfc062723c751e8b465ee728b)
Start importing Packages/com.unity.2d.tilemap/Editor/Icons/d_EditorUI.Target.png using Guid(04e6c3cc740a491458073f2f715066f6) Importer(815301076,1909f56bfc062723c751e8b465ee728b) (PreviewImporter) -> (artifact id: '27ca5d1e61a473837fc0a5758dfb7c8d') in 0.0220031 seconds
Number of updated asset objects reloaded before import = 0Number of asset objects unloaded after import = 3

========================================================================
Received Import Request.
  Time since last request: 0.000026 seconds.
  path: Packages/com.unity.2d.tilemap/Editor/Icons/d_EditorUI.Target@4x.png
  artifactKey: Guid(c7d31ce121f6d6841b01dbcf3d909854) Importer(815301076,1909f56bfc062723c751e8b465ee728b)
Start importing Packages/com.unity.2d.tilemap/Editor/Icons/d_EditorUI.Target@4x.png using Guid(c7d31ce121f6d6841b01dbcf3d909854) Importer(815301076,1909f56bfc062723c751e8b465ee728b) (PreviewImporter) -> (artifact id: 'f7c7f000ac63ea61234ccf5adcb0545d') in 0.0509147 seconds
Number of updated asset objects reloaded before import = 0Number of asset objects unloaded after import = 3

========================================================================
Received Import Request.
  Time since last request: 0.000036 seconds.
  path: Packages/com.unity.2d.tilemap/Editor/Icons/d_EditorUI.TargetHover@2x.png
  artifactKey: Guid(857187d2d610c234587c8a50803e4307) Importer(815301076,1909f56bfc062723c751e8b465ee728b)
Start importing Packages/com.unity.2d.tilemap/Editor/Icons/d_EditorUI.TargetHover@2x.png using Guid(857187d2d610c234587c8a50803e4307) Importer(815301076,1909f56bfc062723c751e8b465ee728b) (PreviewImporter) -> (artifact id: 'd8033a56f9006c196fbfa38c0f4a6c2c') in 0.0262885 seconds
Number of updated asset objects reloaded before import = 0Number of asset objects unloaded after import = 3

========================================================================
Received Import Request.
  Time since last request: 0.000283 seconds.
  path: Packages/com.unity.2d.tilemap/Editor/Icons/d_EditorUI.TargetHover@4x.png
  artifactKey: Guid(dd81f55787e496249bb4111007562ef5) Importer(815301076,1909f56bfc062723c751e8b465ee728b)
Start importing Packages/com.unity.2d.tilemap/Editor/Icons/d_EditorUI.TargetHover@4x.png using Guid(dd81f55787e496249bb4111007562ef5) Importer(815301076,1909f56bfc062723c751e8b465ee728b) (PreviewImporter) -> (artifact id: '17186987f05a06fabed1d83963b17462') in 0.0655664 seconds
Number of updated asset objects reloaded before import = 0Number of asset objects unloaded after import = 3

========================================================================
Received Import Request.
  Time since last request: 0.000041 seconds.
  path: Packages/com.unity.render-pipelines.core/Editor/LookDev/Icons/d_Environment@2x.png
  artifactKey: Guid(a4638c6b8e07c0b49822ed7a91a96d0a) Importer(815301076,1909f56bfc062723c751e8b465ee728b)
Start importing Packages/com.unity.render-pipelines.core/Editor/LookDev/Icons/d_Environment@2x.png using Guid(a4638c6b8e07c0b49822ed7a91a96d0a) Importer(815301076,1909f56bfc062723c751e8b465ee728b) (PreviewImporter) -> (artifact id: '558073504a3561ea5a400826566ce970') in 0.024602 seconds
Number of updated asset objects reloaded before import = 0Number of asset objects unloaded after import = 3

========================================================================
Received Import Request.
  Time since last request: 0.000027 seconds.
  path: Packages/com.unity.2d.animation/Editor/Assets/EditorIcons/Dark/d_ErrorIcon_Small.png
  artifactKey: Guid(9edfa29c08b214d45ab0b38117fd080d) Importer(815301076,1909f56bfc062723c751e8b465ee728b)
Start importing Packages/com.unity.2d.animation/Editor/Assets/EditorIcons/Dark/d_ErrorIcon_Small.png using Guid(9edfa29c08b214d45ab0b38117fd080d) Importer(815301076,1909f56bfc062723c751e8b465ee728b) (PreviewImporter) -> (artifact id: '4eec76a37aa4be6cd20e953c9bbba63d') in 0.017389 seconds
Number of updated asset objects reloaded before import = 0Number of asset objects unloaded after import = 3

========================================================================
Received Import Request.
  Time since last request: 0.000044 seconds.
  path: Packages/com.unity.2d.animation/Editor/Assets/EditorIcons/Dark/d_ErrorIcon_Small@2x.png
  artifactKey: Guid(9cfa39010fe314547b3c17a05ff5f403) Importer(815301076,1909f56bfc062723c751e8b465ee728b)
Start importing Packages/com.unity.2d.animation/Editor/Assets/EditorIcons/Dark/d_ErrorIcon_Small@2x.png using Guid(9cfa39010fe314547b3c17a05ff5f403) Importer(815301076,1909f56bfc062723c751e8b465ee728b) (PreviewImporter) -> (artifact id: 'e414c5d6f67e1cc2f4cf02d816e23669') in 0.0183052 seconds
Number of updated asset objects reloaded before import = 0Number of asset objects unloaded after import = 3

========================================================================
Received Import Request.
  Time since last request: 0.460548 seconds.
  path: Packages/com.unity.2d.tilemap.extras/Editor/Brushes/GameObjectBrush/d_GameObjectBrush.png
  artifactKey: Guid(714529104297846e7bb63724eabddbdf) Importer(815301076,1909f56bfc062723c751e8b465ee728b)
Start importing Packages/com.unity.2d.tilemap.extras/Editor/Brushes/GameObjectBrush/d_GameObjectBrush.png using Guid(714529104297846e7bb63724eabddbdf) Importer(815301076,1909f56bfc062723c751e8b465ee728b) (PreviewImporter) -> (artifact id: 'aa5d7d782a7dfe33200c7a0361ef2114') in 0.025388 seconds
Number of updated asset objects reloaded before import = 0Number of asset objects unloaded after import = 3

========================================================================
Received Import Request.
  Time since last request: 0.000029 seconds.
  path: Packages/com.unity.2d.tilemap.extras/Editor/Brushes/GameObjectBrush/d_GameObjectBrush@4x.png
  artifactKey: Guid(8a585d635efb349edbcfc142059feb21) Importer(815301076,1909f56bfc062723c751e8b465ee728b)
Start importing Packages/com.unity.2d.tilemap.extras/Editor/Brushes/GameObjectBrush/d_GameObjectBrush@4x.png using Guid(8a585d635efb349edbcfc142059feb21) Importer(815301076,1909f56bfc062723c751e8b465ee728b) (PreviewImporter) -> (artifact id: '7348ab8c4b1506485ce29fe426c93431') in 0.029422 seconds
Number of updated asset objects reloaded before import = 0Number of asset objects unloaded after import = 3

========================================================================
Received Import Request.
  Time since last request: 0.000046 seconds.
  path: Packages/com.unity.2d.animation/Editor/Assets/EditorIcons/Dark/d_Generate_Geometry@2x.png
  artifactKey: Guid(80cc8d218dc9bee4091ecde845959866) Importer(815301076,1909f56bfc062723c751e8b465ee728b)
Start importing Packages/com.unity.2d.animation/Editor/Assets/EditorIcons/Dark/d_Generate_Geometry@2x.png using Guid(80cc8d218dc9bee4091ecde845959866) Importer(815301076,1909f56bfc062723c751e8b465ee728b) (PreviewImporter) -> (artifact id: 'f72eb2f61c34b7e4305d801324599d7a') in 0.056126 seconds
Number of updated asset objects reloaded before import = 0Number of asset objects unloaded after import = 3

========================================================================
Received Import Request.
  Time since last request: 0.000035 seconds.
  path: Packages/com.unity.2d.animation/Editor/Assets/EditorIcons/Dark/d_Generate_Geometry@4x.png
  artifactKey: Guid(db49e13fa9e16dc44b5ffb6bc43d4235) Importer(815301076,1909f56bfc062723c751e8b465ee728b)
Start importing Packages/com.unity.2d.animation/Editor/Assets/EditorIcons/Dark/d_Generate_Geometry@4x.png using Guid(db49e13fa9e16dc44b5ffb6bc43d4235) Importer(815301076,1909f56bfc062723c751e8b465ee728b) (PreviewImporter) -> (artifact id: 'a2385e4162a4cf338d85ea3e87c1333c') in 0.0328618 seconds
Number of updated asset objects reloaded before import = 0Number of asset objects unloaded after import = 3

========================================================================
Received Import Request.
  Time since last request: 0.626534 seconds.
  path: Packages/com.unity.2d.animation/Editor/Assets/EditorIcons/Dark/d_Generate_Weights@2x.png
  artifactKey: Guid(f7e651b449fe96f42badf0e18b738c78) Importer(815301076,1909f56bfc062723c751e8b465ee728b)
Start importing Packages/com.unity.2d.animation/Editor/Assets/EditorIcons/Dark/d_Generate_Weights@2x.png using Guid(f7e651b449fe96f42badf0e18b738c78) Importer(815301076,1909f56bfc062723c751e8b465ee728b) (PreviewImporter) -> (artifact id: 'b37a34aad6ba75f4c22fa179dae1c278') in 0.0715152 seconds
Number of updated asset objects reloaded before import = 0Number of asset objects unloaded after import = 3

========================================================================
Received Import Request.
  Time since last request: 0.000042 seconds.
  path: Packages/com.unity.2d.animation/Editor/Assets/ComponentIcons/d_GreenCheck.png
  artifactKey: Guid(3706f0af0fd964c949932a2664734f23) Importer(815301076,1909f56bfc062723c751e8b465ee728b)
Start importing Packages/com.unity.2d.animation/Editor/Assets/ComponentIcons/d_GreenCheck.png using Guid(3706f0af0fd964c949932a2664734f23) Importer(815301076,1909f56bfc062723c751e8b465ee728b) (PreviewImporter) -> (artifact id: '46ed6e3466c59013f63b9f8b7eca1cdb') in 0.0241702 seconds
Number of updated asset objects reloaded before import = 0Number of asset objects unloaded after import = 3

========================================================================
Received Import Request.
  Time since last request: 0.000179 seconds.
  path: Packages/com.unity.2d.animation/Editor/Assets/EditorIcons/Dark/d_GreenCheck.png
  artifactKey: Guid(04b7844ba6de040e3a9f0081d763c83d) Importer(815301076,1909f56bfc062723c751e8b465ee728b)
Start importing Packages/com.unity.2d.animation/Editor/Assets/EditorIcons/Dark/d_GreenCheck.png using Guid(04b7844ba6de040e3a9f0081d763c83d) Importer(815301076,1909f56bfc062723c751e8b465ee728b) (PreviewImporter) -> (artifact id: '91b12ec7ded62a9e27028259ebf9fed7') in 0.0473791 seconds
Number of updated asset objects reloaded before import = 0Number of asset objects unloaded after import = 3

========================================================================
Received Import Request.
  Time since last request: 0.000027 seconds.
  path: Packages/com.unity.2d.tilemap/Editor/Icons/d_Grid.FlipX@2x.png
  artifactKey: Guid(1f26945e970839e41ba35badd04237ef) Importer(815301076,1909f56bfc062723c751e8b465ee728b)
Start importing Packages/com.unity.2d.tilemap/Editor/Icons/d_Grid.FlipX@2x.png using Guid(1f26945e970839e41ba35badd04237ef) Importer(815301076,1909f56bfc062723c751e8b465ee728b) (PreviewImporter) -> (artifact id: 'c4710b75e3c48c24022ee758e3bdd5d0') in 0.0324098 seconds
Number of updated asset objects reloaded before import = 0Number of asset objects unloaded after import = 3

========================================================================
Received Import Request.
  Time since last request: 0.438798 seconds.
  path: Packages/com.unity.2d.tilemap/Editor/Icons/d_Grid.FlipY@2x.png
  artifactKey: Guid(a3c4ea29a117e3f418ded11a50e4d52d) Importer(815301076,1909f56bfc062723c751e8b465ee728b)
Start importing Packages/com.unity.2d.tilemap/Editor/Icons/d_Grid.FlipY@2x.png using Guid(a3c4ea29a117e3f418ded11a50e4d52d) Importer(815301076,1909f56bfc062723c751e8b465ee728b) (PreviewImporter) -> (artifact id: '57bcd8b0d0984bc481471245a8868860') in 0.0234596 seconds
Number of updated asset objects reloaded before import = 0Number of asset objects unloaded after import = 3

========================================================================
Received Import Request.
  Time since last request: 0.000029 seconds.
  path: Packages/com.unity.2d.tilemap/Editor/Icons/d_Grid.RotateACW@2x.png
  artifactKey: Guid(72124a67bbace794fa38534a24d23cee) Importer(815301076,1909f56bfc062723c751e8b465ee728b)
Start importing Packages/com.unity.2d.tilemap/Editor/Icons/d_Grid.RotateACW@2x.png using Guid(72124a67bbace794fa38534a24d23cee) Importer(815301076,1909f56bfc062723c751e8b465ee728b) (PreviewImporter) -> (artifact id: '8fa9af65dffac5afa051c5403ca73aad') in 0.0288168 seconds
Number of updated asset objects reloaded before import = 0Number of asset objects unloaded after import = 3

========================================================================
Received Import Request.
  Time since last request: 0.000032 seconds.
  path: Packages/com.unity.2d.tilemap/Editor/Icons/d_Grid.RotateCW@2x.png
  artifactKey: Guid(e41a6ab3ac7354642a9006c03183e95e) Importer(815301076,1909f56bfc062723c751e8b465ee728b)
Start importing Packages/com.unity.2d.tilemap/Editor/Icons/d_Grid.RotateCW@2x.png using Guid(e41a6ab3ac7354642a9006c03183e95e) Importer(815301076,1909f56bfc062723c751e8b465ee728b) (PreviewImporter) -> (artifact id: '3edccdba95fc9dca78a2627536baf3a4') in 0.0326432 seconds
Number of updated asset objects reloaded before import = 0Number of asset objects unloaded after import = 3

========================================================================
Received Import Request.
  Time since last request: 0.000070 seconds.
  path: Packages/com.unity.2d.tilemap.extras/Editor/Brushes/GroupBrush/d_GroupBrush@2x.png
  artifactKey: Guid(295e44cef6a724d4fa1d386ea35a8f49) Importer(815301076,1909f56bfc062723c751e8b465ee728b)
Start importing Packages/com.unity.2d.tilemap.extras/Editor/Brushes/GroupBrush/d_GroupBrush@2x.png using Guid(295e44cef6a724d4fa1d386ea35a8f49) Importer(815301076,1909f56bfc062723c751e8b465ee728b) (PreviewImporter) -> (artifact id: 'afe8e1c2130895bbec50a9acfd876bb9') in 0.0540802 seconds
Number of updated asset objects reloaded before import = 0Number of asset objects unloaded after import = 3

========================================================================
Received Import Request.
  Time since last request: 0.000027 seconds.
  path: Packages/com.unity.collab-proxy/Editor/Assets/Images/d_iconbranch.png
  artifactKey: Guid(c1516142c0a669b42aecce30a3459017) Importer(815301076,1909f56bfc062723c751e8b465ee728b)
Start importing Packages/com.unity.collab-proxy/Editor/Assets/Images/d_iconbranch.png using Guid(c1516142c0a669b42aecce30a3459017) Importer(815301076,1909f56bfc062723c751e8b465ee728b) (PreviewImporter) -> (artifact id: '93ded94a03edd789989b1a868dd7356b') in 0.0433108 seconds
Number of updated asset objects reloaded before import = 0Number of asset objects unloaded after import = 3

========================================================================
Received Import Request.
  Time since last request: 0.000040 seconds.
  path: Packages/com.unity.collab-proxy/Editor/Assets/Images/d_iconbrex.png
  artifactKey: Guid(d44f9c7a4044e1845b5b3627ba32fb10) Importer(815301076,1909f56bfc062723c751e8b465ee728b)
Start importing Packages/com.unity.collab-proxy/Editor/Assets/Images/d_iconbrex.png using Guid(d44f9c7a4044e1845b5b3627ba32fb10) Importer(815301076,1909f56bfc062723c751e8b465ee728b) (PreviewImporter) -> (artifact id: '2b37dc6945c93938c00d9c597f06eef0') in 0.0672277 seconds
Number of updated asset objects reloaded before import = 0Number of asset objects unloaded after import = 3

========================================================================
Received Import Request.
  Time since last request: 0.121494 seconds.
  path: Packages/com.unity.collab-proxy/Editor/Assets/Images/d_iconclipboard.png
  artifactKey: Guid(3f65802f2a170a145bd30ab3801b8d80) Importer(815301076,1909f56bfc062723c751e8b465ee728b)
Start importing Packages/com.unity.collab-proxy/Editor/Assets/Images/d_iconclipboard.png using Guid(3f65802f2a170a145bd30ab3801b8d80) Importer(815301076,1909f56bfc062723c751e8b465ee728b) (PreviewImporter) -> (artifact id: 'd8806430bc65b9b34348ee24a62cb8b2') in 0.0734944 seconds
Number of updated asset objects reloaded before import = 0Number of asset objects unloaded after import = 3

========================================================================
Received Import Request.
  Time since last request: 0.000032 seconds.
  path: Packages/com.unity.collab-proxy/Editor/Assets/Images/d_iconinfobellnotification@2x.png
  artifactKey: Guid(3cf8ae89579fd29479f4269d09600e16) Importer(815301076,1909f56bfc062723c751e8b465ee728b)
Start importing Packages/com.unity.collab-proxy/Editor/Assets/Images/d_iconinfobellnotification@2x.png using Guid(3cf8ae89579fd29479f4269d09600e16) Importer(815301076,1909f56bfc062723c751e8b465ee728b) (PreviewImporter) -> (artifact id: '1a67e15a21a04cf16bd9778ed0c94820') in 0.0730677 seconds
Number of updated asset objects reloaded before import = 0Number of asset objects unloaded after import = 3

========================================================================
Received Import Request.
  Time since last request: 0.000036 seconds.
  path: Packages/com.unity.collab-proxy/Editor/Assets/Images/d_iconinviteusers.png
  artifactKey: Guid(3094096a150921c409ef35579f2ada0f) Importer(815301076,1909f56bfc062723c751e8b465ee728b)
Start importing Packages/com.unity.collab-proxy/Editor/Assets/Images/d_iconinviteusers.png using Guid(3094096a150921c409ef35579f2ada0f) Importer(815301076,1909f56bfc062723c751e8b465ee728b) (PreviewImporter) -> (artifact id: 'a8bc3355b635b44aa0a3ae672e3972fb') in 0.0424836 seconds
Number of updated asset objects reloaded before import = 0Number of asset objects unloaded after import = 3

========================================================================
Received Import Request.
  Time since last request: 0.000029 seconds.
  path: Packages/com.unity.collab-proxy/Editor/Assets/Images/d_iconlock@2x.png
  artifactKey: Guid(55747841a2e3b47dab36dc8d5e0dc4df) Importer(815301076,1909f56bfc062723c751e8b465ee728b)
Start importing Packages/com.unity.collab-proxy/Editor/Assets/Images/d_iconlock@2x.png using Guid(55747841a2e3b47dab36dc8d5e0dc4df) Importer(815301076,1909f56bfc062723c751e8b465ee728b) (PreviewImporter) -> (artifact id: '7e67ebcd6d7fe68699ff012541dcacb8') in 0.0699845 seconds
Number of updated asset objects reloaded before import = 0Number of asset objects unloaded after import = 3

========================================================================
Received Import Request.
  Time since last request: 0.000035 seconds.
  path: Packages/com.unity.render-pipelines.core/Editor/LookDev/Icons/d_Layout1.png
  artifactKey: Guid(da974c4d40533154a83d57ca90e34bb8) Importer(815301076,1909f56bfc062723c751e8b465ee728b)
Start importing Packages/com.unity.render-pipelines.core/Editor/LookDev/Icons/d_Layout1.png using Guid(da974c4d40533154a83d57ca90e34bb8) Importer(815301076,1909f56bfc062723c751e8b465ee728b) (PreviewImporter) -> (artifact id: 'b7efb2e75bef35db4dc0b2f6022bc251') in 0.0645273 seconds
Number of updated asset objects reloaded before import = 0Number of asset objects unloaded after import = 3

========================================================================
Received Import Request.
  Time since last request: 0.000056 seconds.
  path: Packages/com.unity.collab-proxy/Editor/Assets/Images/d_iconshelve.png
  artifactKey: Guid(292bae633fda01e41b8847fad37495c2) Importer(815301076,1909f56bfc062723c751e8b465ee728b)
Start importing Packages/com.unity.collab-proxy/Editor/Assets/Images/d_iconshelve.png using Guid(292bae633fda01e41b8847fad37495c2) Importer(815301076,1909f56bfc062723c751e8b465ee728b) (PreviewImporter) -> (artifact id: '203616dfc43d132a8444dbba0a84490d') in 0.0311761 seconds
Number of updated asset objects reloaded before import = 0Number of asset objects unloaded after import = 3

========================================================================
Received Import Request.
  Time since last request: 0.071406 seconds.
  path: Packages/com.unity.render-pipelines.core/Editor/LookDev/Icons/d_Layout1@2x.png
  artifactKey: Guid(4de5e4f3717b2c548bd8b90b6c628b2f) Importer(815301076,1909f56bfc062723c751e8b465ee728b)
Start importing Packages/com.unity.render-pipelines.core/Editor/LookDev/Icons/d_Layout1@2x.png using Guid(4de5e4f3717b2c548bd8b90b6c628b2f) Importer(815301076,1909f56bfc062723c751e8b465ee728b) (PreviewImporter) -> (artifact id: '63c9af66b66167884a8bf2b9f33130a6') in 0.0214007 seconds
Number of updated asset objects reloaded before import = 0Number of asset objects unloaded after import = 3

========================================================================
Received Import Request.
  Time since last request: 0.000031 seconds.
  path: Packages/com.unity.render-pipelines.core/Editor/LookDev/Icons/d_Layout2@2x.png
  artifactKey: Guid(50f7a3e9878119a4da02f38cf05d75ba) Importer(815301076,1909f56bfc062723c751e8b465ee728b)
Start importing Packages/com.unity.render-pipelines.core/Editor/LookDev/Icons/d_Layout2@2x.png using Guid(50f7a3e9878119a4da02f38cf05d75ba) Importer(815301076,1909f56bfc062723c751e8b465ee728b) (PreviewImporter) -> (artifact id: '6d7b24cc8062578311ad7f392633e85b') in 0.1001534 seconds
Number of updated asset objects reloaded before import = 0Number of asset objects unloaded after import = 3

========================================================================
Received Import Request.
  Time since last request: 0.000038 seconds.
  path: Packages/com.unity.render-pipelines.core/Editor/LookDev/Icons/d_LayoutCustom@2x.png
  artifactKey: Guid(b753c88a6aeb2674fa1d4f0a4c0a285a) Importer(815301076,1909f56bfc062723c751e8b465ee728b)
Start importing Packages/com.unity.render-pipelines.core/Editor/LookDev/Icons/d_LayoutCustom@2x.png using Guid(b753c88a6aeb2674fa1d4f0a4c0a285a) Importer(815301076,1909f56bfc062723c751e8b465ee728b) (PreviewImporter) -> (artifact id: '255d9fb75ae3b1395a004e1734154507') in 0.0198328 seconds
Number of updated asset objects reloaded before import = 0Number of asset objects unloaded after import = 3

========================================================================
Received Import Request.
  Time since last request: 0.015563 seconds.
  path: Packages/com.unity.render-pipelines.core/Editor/LookDev/Icons/d_LayoutHorizontal@2x.png
  artifactKey: Guid(9cad92999ddfa304495b735a55c78329) Importer(815301076,1909f56bfc062723c751e8b465ee728b)
Start importing Packages/com.unity.render-pipelines.core/Editor/LookDev/Icons/d_LayoutHorizontal@2x.png using Guid(9cad92999ddfa304495b735a55c78329) Importer(815301076,1909f56bfc062723c751e8b465ee728b) (PreviewImporter) -> (artifact id: '9a0e1af73c075e5ff6ad5e38dfe644f1') in 0.0211757 seconds
Number of updated asset objects reloaded before import = 0Number of asset objects unloaded after import = 3

========================================================================
Received Import Request.
  Time since last request: 0.039011 seconds.
  path: Packages/com.unity.render-pipelines.core/Editor/LookDev/Icons/d_LayoutVertical@2x.png
  artifactKey: Guid(472b4042959bbd844b8fd760bddd7a47) Importer(815301076,1909f56bfc062723c751e8b465ee728b)
Start importing Packages/com.unity.render-pipelines.core/Editor/LookDev/Icons/d_LayoutVertical@2x.png using Guid(472b4042959bbd844b8fd760bddd7a47) Importer(815301076,1909f56bfc062723c751e8b465ee728b) (PreviewImporter) -> (artifact id: 'e1f794ba7c69777be7e0d4617edb46c6') in 0.0542713 seconds
Number of updated asset objects reloaded before import = 0Number of asset objects unloaded after import = 3

========================================================================
Received Import Request.
  Time since last request: 0.000023 seconds.
  path: Packages/com.unity.render-pipelines.core/Editor/LookDev/Icons/d_LeftArrow@2x.png
  artifactKey: Guid(90335e5423c010749a50f906b965fa54) Importer(815301076,1909f56bfc062723c751e8b465ee728b)
Start importing Packages/com.unity.render-pipelines.core/Editor/LookDev/Icons/d_LeftArrow@2x.png using Guid(90335e5423c010749a50f906b965fa54) Importer(815301076,1909f56bfc062723c751e8b465ee728b) (PreviewImporter) -> (artifact id: 'c2fa2243b76b777569f3d74879c2d96a') in 0.0234571 seconds
Number of updated asset objects reloaded before import = 0Number of asset objects unloaded after import = 3

========================================================================
Received Import Request.
  Time since last request: 0.150457 seconds.
  path: Packages/com.unity.2d.tilemap.extras/Editor/Brushes/LineBrush/d_LineBrush@2x.png
  artifactKey: Guid(fa52298efb877496ab068b8298f7f6aa) Importer(815301076,1909f56bfc062723c751e8b465ee728b)
Start importing Packages/com.unity.2d.tilemap.extras/Editor/Brushes/LineBrush/d_LineBrush@2x.png using Guid(fa52298efb877496ab068b8298f7f6aa) Importer(815301076,1909f56bfc062723c751e8b465ee728b) (PreviewImporter) -> (artifact id: '271d41286c448d26dbe2da8082e23e22') in 0.0214052 seconds
Number of updated asset objects reloaded before import = 0Number of asset objects unloaded after import = 3

========================================================================
Received Import Request.
  Time since last request: 0.019098 seconds.
  path: Packages/com.unity.render-pipelines.core/Editor/LookDev/Icons/d_Link.png
  artifactKey: Guid(94ec4fdf9502c3747b5c0754ca18919e) Importer(815301076,1909f56bfc062723c751e8b465ee728b)
Start importing Packages/com.unity.render-pipelines.core/Editor/LookDev/Icons/d_Link.png using Guid(94ec4fdf9502c3747b5c0754ca18919e) Importer(815301076,1909f56bfc062723c751e8b465ee728b) (PreviewImporter) -> (artifact id: 'f702e7db38b38cfeaf917019a04eb5db') in 0.0236519 seconds
Number of updated asset objects reloaded before import = 0Number of asset objects unloaded after import = 3

========================================================================
Received Import Request.
  Time since last request: 0.000058 seconds.
  path: Packages/com.unity.render-pipelines.core/Editor/LookDev/Icons/d_Link@2x.png
  artifactKey: Guid(2b06c35710693f640babb3dcf747d06a) Importer(815301076,1909f56bfc062723c751e8b465ee728b)
Start importing Packages/com.unity.render-pipelines.core/Editor/LookDev/Icons/d_Link@2x.png using Guid(2b06c35710693f640babb3dcf747d06a) Importer(815301076,1909f56bfc062723c751e8b465ee728b) (PreviewImporter) -> (artifact id: '013cafc5d234e5afd83d26af81f41582') in 0.0482486 seconds
Number of updated asset objects reloaded before import = 0Number of asset objects unloaded after import = 3

========================================================================
Received Import Request.
  Time since last request: 0.000032 seconds.
  path: Packages/com.unity.render-pipelines.core/Editor/LookDev/Icons/d_LookDev@2x.png
  artifactKey: Guid(ffdf80dc342e69344b2dccafe04c30ee) Importer(815301076,1909f56bfc062723c751e8b465ee728b)
Start importing Packages/com.unity.render-pipelines.core/Editor/LookDev/Icons/d_LookDev@2x.png using Guid(ffdf80dc342e69344b2dccafe04c30ee) Importer(815301076,1909f56bfc062723c751e8b465ee728b) (PreviewImporter) -> (artifact id: '852741e6e9721828b14af1187c6b0055') in 0.0251753 seconds
Number of updated asset objects reloaded before import = 0Number of asset objects unloaded after import = 3

========================================================================
Received Import Request.
  Time since last request: 0.000038 seconds.
  path: Packages/com.unity.2d.animation/Editor/Assets/EditorIcons/Dark/d_Mesh.png
  artifactKey: Guid(f4e90b0a1e5a5bc46897cdcf5a142111) Importer(815301076,1909f56bfc062723c751e8b465ee728b)
Start importing Packages/com.unity.2d.animation/Editor/Assets/EditorIcons/Dark/d_Mesh.png using Guid(f4e90b0a1e5a5bc46897cdcf5a142111) Importer(815301076,1909f56bfc062723c751e8b465ee728b) (PreviewImporter) -> (artifact id: '2d903c4628e848c09eddc33f5aa0147f') in 0.0283901 seconds
Number of updated asset objects reloaded before import = 0Number of asset objects unloaded after import = 3

========================================================================
Received Import Request.
  Time since last request: 0.579775 seconds.
  path: Packages/com.unity.2d.animation/Editor/Assets/EditorIcons/Dark/d_Mesh@2x.png
  artifactKey: Guid(fc8dcc4a15d828e4686470389805489c) Importer(815301076,1909f56bfc062723c751e8b465ee728b)
Start importing Packages/com.unity.2d.animation/Editor/Assets/EditorIcons/Dark/d_Mesh@2x.png using Guid(fc8dcc4a15d828e4686470389805489c) Importer(815301076,1909f56bfc062723c751e8b465ee728b) (PreviewImporter) -> (artifact id: '647214709403139929efe42deaa5a99a') in 0.042411 seconds
Number of updated asset objects reloaded before import = 0Number of asset objects unloaded after import = 3

========================================================================
Received Import Request.
  Time since last request: 0.000034 seconds.
  path: Packages/com.unity.2d.animation/Editor/Assets/EditorIcons/Selected/d_Mesh@3x.png
  artifactKey: Guid(e79a9e9d6396eba438900afb0357e808) Importer(815301076,1909f56bfc062723c751e8b465ee728b)
Start importing Packages/com.unity.2d.animation/Editor/Assets/EditorIcons/Selected/d_Mesh@3x.png using Guid(e79a9e9d6396eba438900afb0357e808) Importer(815301076,1909f56bfc062723c751e8b465ee728b) (PreviewImporter) -> (artifact id: '04274d23ab94f5802654a652a6f5f9ff') in 0.0410231 seconds
Number of updated asset objects reloaded before import = 0Number of asset objects unloaded after import = 3

========================================================================
Received Import Request.
  Time since last request: 0.000041 seconds.
  path: Packages/com.unity.2d.animation/Editor/Assets/EditorIcons/Dark/d_Mesh@4x.png
  artifactKey: Guid(39b89ea328c2cad4abef27aedb17a4a3) Importer(815301076,1909f56bfc062723c751e8b465ee728b)
Start importing Packages/com.unity.2d.animation/Editor/Assets/EditorIcons/Dark/d_Mesh@4x.png using Guid(39b89ea328c2cad4abef27aedb17a4a3) Importer(815301076,1909f56bfc062723c751e8b465ee728b) (PreviewImporter) -> (artifact id: '2f86abfaf2c919ba87a9224a7cd26010') in 0.0405022 seconds
Number of updated asset objects reloaded before import = 0Number of asset objects unloaded after import = 3

========================================================================
Received Import Request.
  Time since last request: 0.000045 seconds.
  path: Packages/com.unity.2d.animation/Editor/Assets/EditorIcons/Dark/d_Parent_Bone.png
  artifactKey: Guid(8b8fa969cc0cac04b97330905b3dd95b) Importer(815301076,1909f56bfc062723c751e8b465ee728b)
Start importing Packages/com.unity.2d.animation/Editor/Assets/EditorIcons/Dark/d_Parent_Bone.png using Guid(8b8fa969cc0cac04b97330905b3dd95b) Importer(815301076,1909f56bfc062723c751e8b465ee728b) (PreviewImporter) -> (artifact id: 'f2b555b4fd706bc563cfb70d39c64a08') in 0.0285988 seconds
Number of updated asset objects reloaded before import = 0Number of asset objects unloaded after import = 3

========================================================================
Received Import Request.
  Time since last request: 0.367547 seconds.
  path: Packages/com.unity.2d.animation/Editor/Assets/EditorIcons/Dark/d_Parent_Bone@2x.png
  artifactKey: Guid(1038032ed9d668e438d3f97dd8014cbb) Importer(815301076,1909f56bfc062723c751e8b465ee728b)
Start importing Packages/com.unity.2d.animation/Editor/Assets/EditorIcons/Dark/d_Parent_Bone@2x.png using Guid(1038032ed9d668e438d3f97dd8014cbb) Importer(815301076,1909f56bfc062723c751e8b465ee728b) (PreviewImporter) -> (artifact id: 'c91badfb1b2ed8d78a1c7fb905514d76') in 0.018591 seconds
Number of updated asset objects reloaded before import = 0Number of asset objects unloaded after import = 3

========================================================================
Received Import Request.
  Time since last request: 0.000035 seconds.
  path: Packages/com.unity.2d.animation/Editor/Assets/EditorIcons/Dark/d_Parent_Bone@4x.png
  artifactKey: Guid(c6601234a3b63ef4a9386f8182db5849) Importer(815301076,1909f56bfc062723c751e8b465ee728b)
Start importing Packages/com.unity.2d.animation/Editor/Assets/EditorIcons/Dark/d_Parent_Bone@4x.png using Guid(c6601234a3b63ef4a9386f8182db5849) Importer(815301076,1909f56bfc062723c751e8b465ee728b) (PreviewImporter) -> (artifact id: '104e5d04f2d7e0ba9fa8e3d789df1737') in 0.0260758 seconds
Number of updated asset objects reloaded before import = 0Number of asset objects unloaded after import = 3

========================================================================
Received Import Request.
  Time since last request: 0.000030 seconds.
  path: Packages/com.unity.2d.animation/Editor/Assets/EditorIcons/Dark/d_Paste@2x.png
  artifactKey: Guid(6de1e8bb25ebf5c44b02b794de99154c) Importer(815301076,1909f56bfc062723c751e8b465ee728b)
Start importing Packages/com.unity.2d.animation/Editor/Assets/EditorIcons/Dark/d_Paste@2x.png using Guid(6de1e8bb25ebf5c44b02b794de99154c) Importer(815301076,1909f56bfc062723c751e8b465ee728b) (PreviewImporter) -> (artifact id: 'b2490b85ac75b96c40fbed5859c3c994') in 0.0349137 seconds
Number of updated asset objects reloaded before import = 0Number of asset objects unloaded after import = 3

========================================================================
Received Import Request.
  Time since last request: 0.003874 seconds.
  path: Packages/com.unity.2d.animation/Editor/Assets/EditorIcons/Dark/d_Paste@4x.png
  artifactKey: Guid(35a3340b835c797478eb139353421953) Importer(815301076,1909f56bfc062723c751e8b465ee728b)
Start importing Packages/com.unity.2d.animation/Editor/Assets/EditorIcons/Dark/d_Paste@4x.png using Guid(35a3340b835c797478eb139353421953) Importer(815301076,1909f56bfc062723c751e8b465ee728b) (PreviewImporter) -> (artifact id: '35cdb7c79fd3ebe42641717c3905fef1') in 0.0312752 seconds
Number of updated asset objects reloaded before import = 0Number of asset objects unloaded after import = 3

========================================================================
Received Import Request.
  Time since last request: 0.299027 seconds.
  path: Packages/com.unity.2d.tilemap.extras/Editor/Brushes/RandomBrush/d_RandomBrush@2x.png
  artifactKey: Guid(6b3bffe22de404f319ed8587790d10ed) Importer(815301076,1909f56bfc062723c751e8b465ee728b)
Start importing Packages/com.unity.2d.tilemap.extras/Editor/Brushes/RandomBrush/d_RandomBrush@2x.png using Guid(6b3bffe22de404f319ed8587790d10ed) Importer(815301076,1909f56bfc062723c751e8b465ee728b) (PreviewImporter) -> (artifact id: '1a7688618b48ffcf3888f0c0ead3a2b4') in 0.027045 seconds
Number of updated asset objects reloaded before import = 0Number of asset objects unloaded after import = 3

========================================================================
Received Import Request.
  Time since last request: 0.000045 seconds.
  path: Packages/com.unity.render-pipelines.core/Editor/LookDev/Icons/d_Remove.png
  artifactKey: Guid(4ff71d806d58fd041be6e55d1d1ca70e) Importer(815301076,1909f56bfc062723c751e8b465ee728b)
Start importing Packages/com.unity.render-pipelines.core/Editor/LookDev/Icons/d_Remove.png using Guid(4ff71d806d58fd041be6e55d1d1ca70e) Importer(815301076,1909f56bfc062723c751e8b465ee728b) (PreviewImporter) -> (artifact id: '57b69c4c8282ff93f0ca4699bd4052b2') in 0.0383695 seconds
Number of updated asset objects reloaded before import = 0Number of asset objects unloaded after import = 3

========================================================================
Received Import Request.
  Time since last request: 0.000043 seconds.
  path: Packages/com.unity.render-pipelines.core/Editor/LookDev/Icons/d_renderdoc.png
  artifactKey: Guid(cbe929948d88af7409a05054bc8187c7) Importer(815301076,1909f56bfc062723c751e8b465ee728b)
Start importing Packages/com.unity.render-pipelines.core/Editor/LookDev/Icons/d_renderdoc.png using Guid(cbe929948d88af7409a05054bc8187c7) Importer(815301076,1909f56bfc062723c751e8b465ee728b) (PreviewImporter) -> (artifact id: '84405e2a3873bfbe42b657da1d8dcc41') in 0.0593723 seconds
Number of updated asset objects reloaded before import = 0Number of asset objects unloaded after import = 3

========================================================================
Received Import Request.
  Time since last request: 0.000042 seconds.
  path: Packages/com.unity.render-pipelines.core/Editor/LookDev/Icons/d_RightArrow.png
  artifactKey: Guid(99e5d180080c96940a65c6d906ff9131) Importer(815301076,1909f56bfc062723c751e8b465ee728b)
Start importing Packages/com.unity.render-pipelines.core/Editor/LookDev/Icons/d_RightArrow.png using Guid(99e5d180080c96940a65c6d906ff9131) Importer(815301076,1909f56bfc062723c751e8b465ee728b) (PreviewImporter) -> (artifact id: 'd3dc7af30ddac724f52840b3d245b1a2') in 0.4512286 seconds
Number of updated asset objects reloaded before import = 0Number of asset objects unloaded after import = 3

========================================================================
Received Import Request.
  Time since last request: 0.000032 seconds.
  path: Packages/com.unity.2d.animation/Editor/Assets/EditorIcons/Dark/d_SetPivot64.png
  artifactKey: Guid(0292e97c3662741749dc97edf5bbaa66) Importer(815301076,1909f56bfc062723c751e8b465ee728b)
Start importing Packages/com.unity.2d.animation/Editor/Assets/EditorIcons/Dark/d_SetPivot64.png using Guid(0292e97c3662741749dc97edf5bbaa66) Importer(815301076,1909f56bfc062723c751e8b465ee728b) (PreviewImporter) -> (artifact id: 'e74931c952c82231546f764f4655b7a6') in 0.0311622 seconds
Number of updated asset objects reloaded before import = 0Number of asset objects unloaded after import = 3

========================================================================
Received Import Request.
  Time since last request: 0.000064 seconds.
  path: Packages/com.unity.2d.animation/Editor/Assets/EditorIcons/Dark/d_SetPivot128.png
  artifactKey: Guid(e105e7dad311341f69e2349618434f7f) Importer(815301076,1909f56bfc062723c751e8b465ee728b)
Start importing Packages/com.unity.2d.animation/Editor/Assets/EditorIcons/Dark/d_SetPivot128.png using Guid(e105e7dad311341f69e2349618434f7f) Importer(815301076,1909f56bfc062723c751e8b465ee728b) (PreviewImporter) -> (artifact id: '5ad3d740548f8146eac44a21b92432cb') in 0.0760065 seconds
Number of updated asset objects reloaded before import = 0Number of asset objects unloaded after import = 3

========================================================================
Received Import Request.
  Time since last request: 0.000040 seconds.
  path: Packages/com.unity.2d.animation/Editor/Assets/EditorIcons/Dark/d_Split Bones.png
  artifactKey: Guid(3e98b5bf8fbc84d4bafe25706ebcde8a) Importer(815301076,1909f56bfc062723c751e8b465ee728b)
Start importing Packages/com.unity.2d.animation/Editor/Assets/EditorIcons/Dark/d_Split Bones.png using Guid(3e98b5bf8fbc84d4bafe25706ebcde8a) Importer(815301076,1909f56bfc062723c751e8b465ee728b) (PreviewImporter) -> (artifact id: 'dd10e07904a86e06f5b4a34c739ecd28') in 0.035036 seconds
Number of updated asset objects reloaded before import = 0Number of asset objects unloaded after import = 3

========================================================================
Received Import Request.
  Time since last request: 0.000044 seconds.
  path: Packages/com.unity.2d.animation/Editor/Assets/EditorIcons/Dark/d_Split Bones@4x.png
  artifactKey: Guid(0bf67b4360dc1cd4caa0338c55219e9e) Importer(815301076,1909f56bfc062723c751e8b465ee728b)
Start importing Packages/com.unity.2d.animation/Editor/Assets/EditorIcons/Dark/d_Split Bones@4x.png using Guid(0bf67b4360dc1cd4caa0338c55219e9e) Importer(815301076,1909f56bfc062723c751e8b465ee728b) (PreviewImporter) -> (artifact id: '5678a9e2418ee86a85b21ebec354a443') in 0.0551191 seconds
Number of updated asset objects reloaded before import = 0Number of asset objects unloaded after import = 3

========================================================================
Received Import Request.
  Time since last request: 0.000077 seconds.
  path: Packages/com.unity.2d.animation/Editor/Assets/EditorIcons/Dark/d_Split_Edge.png
  artifactKey: Guid(0530bfa18fbf4a140b3a604c988a9a4b) Importer(815301076,1909f56bfc062723c751e8b465ee728b)
Start importing Packages/com.unity.2d.animation/Editor/Assets/EditorIcons/Dark/d_Split_Edge.png using Guid(0530bfa18fbf4a140b3a604c988a9a4b) Importer(815301076,1909f56bfc062723c751e8b465ee728b) (PreviewImporter) -> (artifact id: '230438bca02cb66588a867e2151615cf') in 0.0307135 seconds
Number of updated asset objects reloaded before import = 0Number of asset objects unloaded after import = 3

========================================================================
Received Import Request.
  Time since last request: 2.066603 seconds.
  path: Packages/com.unity.2d.animation/Editor/Assets/EditorIcons/Dark/d_Split_Edge@2x.png
  artifactKey: Guid(22fade1e2426f684a9c315c974f50d18) Importer(815301076,1909f56bfc062723c751e8b465ee728b)
Start importing Packages/com.unity.2d.animation/Editor/Assets/EditorIcons/Dark/d_Split_Edge@2x.png using Guid(22fade1e2426f684a9c315c974f50d18) Importer(815301076,1909f56bfc062723c751e8b465ee728b) (PreviewImporter) -> (artifact id: 'a42068292d279c1035f66ba2ecb6b898') in 0.0442509 seconds
Number of updated asset objects reloaded before import = 0Number of asset objects unloaded after import = 3

========================================================================
Received Import Request.
  Time since last request: 0.000045 seconds.
  path: Packages/com.unity.2d.animation/Editor/Assets/EditorIcons/Dark/d_Split_Edge@4x.png
  artifactKey: Guid(ed130aac49764ad4f9d35454c297b75a) Importer(815301076,1909f56bfc062723c751e8b465ee728b)
Start importing Packages/com.unity.2d.animation/Editor/Assets/EditorIcons/Dark/d_Split_Edge@4x.png using Guid(ed130aac49764ad4f9d35454c297b75a) Importer(815301076,1909f56bfc062723c751e8b465ee728b) (PreviewImporter) -> (artifact id: '02abebd2d9f06aaa308395e32b9dbeab') in 0.025909 seconds
Number of updated asset objects reloaded before import = 0Number of asset objects unloaded after import = 3

========================================================================
Received Import Request.
  Time since last request: 0.620055 seconds.
  path: Packages/com.unity.2d.animation/Editor/Assets/EditorIcons/Dark/d_Sprite_Influence@2x.png
  artifactKey: Guid(0f26b0f71c3344e8b8838eb64eb7d9e9) Importer(815301076,1909f56bfc062723c751e8b465ee728b)
Start importing Packages/com.unity.2d.animation/Editor/Assets/EditorIcons/Dark/d_Sprite_Influence@2x.png using Guid(0f26b0f71c3344e8b8838eb64eb7d9e9) Importer(815301076,1909f56bfc062723c751e8b465ee728b) (PreviewImporter) -> (artifact id: 'a3d64bd9dcb84224b860b392384e8bae') in 0.0621863 seconds
Number of updated asset objects reloaded before import = 0Number of asset objects unloaded after import = 3

========================================================================
Received Import Request.
  Time since last request: 0.000053 seconds.
  path: Packages/com.unity.2d.animation/Editor/Assets/EditorIcons/Dark/d_Sprite_Influence@4x.png
  artifactKey: Guid(58702b682724446469909705bca1de62) Importer(815301076,1909f56bfc062723c751e8b465ee728b)
Start importing Packages/com.unity.2d.animation/Editor/Assets/EditorIcons/Dark/d_Sprite_Influence@4x.png using Guid(58702b682724446469909705bca1de62) Importer(815301076,1909f56bfc062723c751e8b465ee728b) (PreviewImporter) -> (artifact id: '58706edb2c33912908583c4f379ef4fb') in 0.03162 seconds
Number of updated asset objects reloaded before import = 0Number of asset objects unloaded after import = 3

========================================================================
Received Import Request.
  Time since last request: 1.130717 seconds.
  path: Packages/com.unity.2d.animation/Editor/Assets/EditorIcons/Dark/d_Sprite_Mode@2x.png
  artifactKey: Guid(269eee5bd0392044cb38fd13171b84f6) Importer(815301076,1909f56bfc062723c751e8b465ee728b)
Start importing Packages/com.unity.2d.animation/Editor/Assets/EditorIcons/Dark/d_Sprite_Mode@2x.png using Guid(269eee5bd0392044cb38fd13171b84f6) Importer(815301076,1909f56bfc062723c751e8b465ee728b) (PreviewImporter) -> (artifact id: 'b44fe26d308501261aa0c9ef8cdc851e') in 0.0298766 seconds
Number of updated asset objects reloaded before import = 0Number of asset objects unloaded after import = 3

========================================================================
Received Import Request.
  Time since last request: 0.048341 seconds.
  path: Packages/com.unity.2d.animation/Editor/Assets/EditorIcons/Dark/d_Sprite_Mode@4x.png
  artifactKey: Guid(177f0e0a4941a464f935c21b367d57c7) Importer(815301076,1909f56bfc062723c751e8b465ee728b)
Start importing Packages/com.unity.2d.animation/Editor/Assets/EditorIcons/Dark/d_Sprite_Mode@4x.png using Guid(177f0e0a4941a464f935c21b367d57c7) Importer(815301076,1909f56bfc062723c751e8b465ee728b) (PreviewImporter) -> (artifact id: 'cadbb2c71a6dbc61d0bde82ecb3b3ff4') in 0.0230552 seconds
Number of updated asset objects reloaded before import = 0Number of asset objects unloaded after import = 3

========================================================================
Received Import Request.
  Time since last request: 0.034419 seconds.
  path: Packages/com.unity.render-pipelines.core/Editor/LookDev/Icons/d_SunPosition@2x.png
  artifactKey: Guid(ba2d3d7d05fd3e046b6d413365e9b11e) Importer(815301076,1909f56bfc062723c751e8b465ee728b)
Start importing Packages/com.unity.render-pipelines.core/Editor/LookDev/Icons/d_SunPosition@2x.png using Guid(ba2d3d7d05fd3e046b6d413365e9b11e) Importer(815301076,1909f56bfc062723c751e8b465ee728b) (PreviewImporter) -> (artifact id: '915128f89a015d41e956721c75cebc73') in 0.026784 seconds
Number of updated asset objects reloaded before import = 0Number of asset objects unloaded after import = 3

========================================================================
Received Import Request.
  Time since last request: 0.370597 seconds.
  path: Packages/com.unity.2d.tilemap/Editor/Icons/d_Tilemap.BrushPicks.png
  artifactKey: Guid(bdab342e8f290224dbdbc33dd03605c4) Importer(815301076,1909f56bfc062723c751e8b465ee728b)
Start importing Packages/com.unity.2d.tilemap/Editor/Icons/d_Tilemap.BrushPicks.png using Guid(bdab342e8f290224dbdbc33dd03605c4) Importer(815301076,1909f56bfc062723c751e8b465ee728b) (PreviewImporter) -> (artifact id: 'b4e85b3f91b3278eb35ac2bd3b8235dd') in 0.0721355 seconds
Number of updated asset objects reloaded before import = 0Number of asset objects unloaded after import = 3

========================================================================
Received Import Request.
  Time since last request: 0.474067 seconds.
  path: Packages/com.unity.2d.tilemap/Editor/Icons/d_Tilemap.BrushSettings@2x.png
  artifactKey: Guid(03d93c388f90a6248983677a29c72b38) Importer(815301076,1909f56bfc062723c751e8b465ee728b)
Start importing Packages/com.unity.2d.tilemap/Editor/Icons/d_Tilemap.BrushSettings@2x.png using Guid(03d93c388f90a6248983677a29c72b38) Importer(815301076,1909f56bfc062723c751e8b465ee728b) (PreviewImporter) -> (artifact id: 'ff7a155e324c5510f1b80e667b3b3baa') in 0.0845952 seconds
Number of updated asset objects reloaded before import = 0Number of asset objects unloaded after import = 3

========================================================================
Received Import Request.
  Time since last request: 0.000043 seconds.
  path: Packages/com.unity.2d.tilemap/Editor/Icons/d_Tilemap.DefaultBrush.png
  artifactKey: Guid(12e04f72413abf04fb4a5f79e70822ff) Importer(815301076,1909f56bfc062723c751e8b465ee728b)
Start importing Packages/com.unity.2d.tilemap/Editor/Icons/d_Tilemap.DefaultBrush.png using Guid(12e04f72413abf04fb4a5f79e70822ff) Importer(815301076,1909f56bfc062723c751e8b465ee728b) (PreviewImporter) -> (artifact id: '01b9965962876f471c69f2fa957476fd') in 0.0280749 seconds
Number of updated asset objects reloaded before import = 0Number of asset objects unloaded after import = 3

========================================================================
Received Import Request.
  Time since last request: 0.000062 seconds.
  path: Packages/com.unity.2d.tilemap/Editor/Icons/d_Tilemap.DefaultBrush@4x.png
  artifactKey: Guid(77be2b195bdd3a849b554d6dd09badb0) Importer(815301076,1909f56bfc062723c751e8b465ee728b)
Start importing Packages/com.unity.2d.tilemap/Editor/Icons/d_Tilemap.DefaultBrush@4x.png using Guid(77be2b195bdd3a849b554d6dd09badb0) Importer(815301076,1909f56bfc062723c751e8b465ee728b) (PreviewImporter) -> (artifact id: 'd6c8caae427f686e5d87fde1d9038e86') in 0.0343343 seconds
Number of updated asset objects reloaded before import = 0Number of asset objects unloaded after import = 3

========================================================================
Received Import Request.
  Time since last request: 0.000104 seconds.
  path: Packages/com.unity.2d.tilemap/Editor/Icons/d_Tilemap.EditPalette@4x.png
  artifactKey: Guid(9c4b584fdcc16e84391e2a1f5235a9d3) Importer(815301076,1909f56bfc062723c751e8b465ee728b)
Start importing Packages/com.unity.2d.tilemap/Editor/Icons/d_Tilemap.EditPalette@4x.png using Guid(9c4b584fdcc16e84391e2a1f5235a9d3) Importer(815301076,1909f56bfc062723c751e8b465ee728b) (PreviewImporter) -> (artifact id: '278784db1928bb24ccecb087e923edeb') in 0.0309793 seconds
Number of updated asset objects reloaded before import = 0Number of asset objects unloaded after import = 3

========================================================================
Received Import Request.
  Time since last request: 7.564407 seconds.
  path: Assets/Prefab/SavePoint.prefab
  artifactKey: Guid(a1217f47bc23e4b42a75e4289695e2ae) Importer(815301076,1909f56bfc062723c751e8b465ee728b)
Start importing Assets/Prefab/SavePoint.prefab using Guid(a1217f47bc23e4b42a75e4289695e2ae) Importer(815301076,1909f56bfc062723c751e8b465ee728b) (PreviewImporter) -> (artifact id: '5680f44b7f7b12a72e3789c2afa59bd7') in 0.0933953 seconds
Number of updated asset objects reloaded before import = 0Number of asset objects unloaded after import = 9

========================================================================
Received Import Request.
  Time since last request: 13.917963 seconds.
  path: Packages/com.unity.2d.animation/Editor/Assets/ComponentIcons/d_WarningIcon_Small.png
  artifactKey: Guid(528a130a47a1d4af28e1ef4c8b3c5386) Importer(815301076,1909f56bfc062723c751e8b465ee728b)
Start importing Packages/com.unity.2d.animation/Editor/Assets/ComponentIcons/d_WarningIcon_Small.png using Guid(528a130a47a1d4af28e1ef4c8b3c5386) Importer(815301076,1909f56bfc062723c751e8b465ee728b) (PreviewImporter) -> (artifact id: '7fe216bba0a7735b510d036b518c03e5') in 0.0616727 seconds
Number of updated asset objects reloaded before import = 0Number of asset objects unloaded after import = 3

========================================================================
Received Import Request.
  Time since last request: 0.000057 seconds.
  path: Packages/com.unity.2d.animation/Editor/Assets/ComponentIcons/d_WarningIcon_Small@2x.png
  artifactKey: Guid(3f2d8e263d8314a48a35859e01318f35) Importer(815301076,1909f56bfc062723c751e8b465ee728b)
Start importing Packages/com.unity.2d.animation/Editor/Assets/ComponentIcons/d_WarningIcon_Small@2x.png using Guid(3f2d8e263d8314a48a35859e01318f35) Importer(815301076,1909f56bfc062723c751e8b465ee728b) (PreviewImporter) -> (artifact id: 'fd416d5a67b60823d5e22faea6a7c1a1') in 0.0328642 seconds
Number of updated asset objects reloaded before import = 0Number of asset objects unloaded after import = 3

========================================================================
Received Import Request.
  Time since last request: 3.003609 seconds.
  path: Assets/Prefab/DeadPoint.prefab
  artifactKey: Guid(b1785d1b19b0f5747989c00566efeeee) Importer(815301076,1909f56bfc062723c751e8b465ee728b)
Start importing Assets/Prefab/DeadPoint.prefab using Guid(b1785d1b19b0f5747989c00566efeeee) Importer(815301076,1909f56bfc062723c751e8b465ee728b) (PreviewImporter) -> (artifact id: 'f3339737e5760c96fbe492eb141fbfc5') in 0.0268471 seconds
Number of updated asset objects reloaded before import = 0Number of asset objects unloaded after import = 9

========================================================================
Received Import Request.
  Time since last request: 49.008968 seconds.
  path: Packages/com.unity.2d.tilemap/Editor/Icons/d_Tilemap.FocusGrid.png
  artifactKey: Guid(b46d3a07716bc8b4296166d5ac10e492) Importer(815301076,1909f56bfc062723c751e8b465ee728b)
Start importing Packages/com.unity.2d.tilemap/Editor/Icons/d_Tilemap.FocusGrid.png using Guid(b46d3a07716bc8b4296166d5ac10e492) Importer(815301076,1909f56bfc062723c751e8b465ee728b) (PreviewImporter) -> (artifact id: '82786e9ed2386ef4b8f2c9e2a162b397') in 0.0498999 seconds
Number of updated asset objects reloaded before import = 0Number of asset objects unloaded after import = 3

========================================================================
Received Import Request.
  Time since last request: 0.556471 seconds.
  path: Packages/com.unity.2d.tilemap/Editor/Icons/d_Tilemap.GridPaint.png
  artifactKey: Guid(26f3d342b8e95b24da7ec4638d7f2322) Importer(815301076,1909f56bfc062723c751e8b465ee728b)
Start importing Packages/com.unity.2d.tilemap/Editor/Icons/d_Tilemap.GridPaint.png using Guid(26f3d342b8e95b24da7ec4638d7f2322) Importer(815301076,1909f56bfc062723c751e8b465ee728b) (PreviewImporter) -> (artifact id: '1b61336e5b1983ddf312344306cb186d') in 0.0387026 seconds
Number of updated asset objects reloaded before import = 0Number of asset objects unloaded after import = 3

========================================================================
Received Import Request.
  Time since last request: 0.000085 seconds.
  path: Packages/com.unity.2d.tilemap/Editor/Icons/d_Tilemap.GridPaint@4x.png
  artifactKey: Guid(4e62fa74d1eac074cac268c2997a658c) Importer(815301076,1909f56bfc062723c751e8b465ee728b)
Start importing Packages/com.unity.2d.tilemap/Editor/Icons/d_Tilemap.GridPaint@4x.png using Guid(4e62fa74d1eac074cac268c2997a658c) Importer(815301076,1909f56bfc062723c751e8b465ee728b) (PreviewImporter) -> (artifact id: '96fa692ead1d4f60a66052200c72e375') in 0.0615897 seconds
Number of updated asset objects reloaded before import = 0Number of asset objects unloaded after import = 3

========================================================================
Received Import Request.
  Time since last request: 0.053276 seconds.
  path: Packages/com.unity.2d.tilemap/Editor/Icons/d_Tilemap.TilePalette.png
  artifactKey: Guid(a16432554ffe69042985d012d1df2637) Importer(815301076,1909f56bfc062723c751e8b465ee728b)
Start importing Packages/com.unity.2d.tilemap/Editor/Icons/d_Tilemap.TilePalette.png using Guid(a16432554ffe69042985d012d1df2637) Importer(815301076,1909f56bfc062723c751e8b465ee728b) (PreviewImporter) -> (artifact id: '43703d229fa33b2360fb49475a4766ed') in 0.0264718 seconds
Number of updated asset objects reloaded before import = 0Number of asset objects unloaded after import = 3

========================================================================
Received Import Request.
  Time since last request: 0.000041 seconds.
  path: Packages/com.unity.2d.tilemap/Editor/Icons/d_Tilemap.TilePalette@4x.png
  artifactKey: Guid(86408806ba4819c4494d51cb88d34da4) Importer(815301076,1909f56bfc062723c751e8b465ee728b)
Start importing Packages/com.unity.2d.tilemap/Editor/Icons/d_Tilemap.TilePalette@4x.png using Guid(86408806ba4819c4494d51cb88d34da4) Importer(815301076,1909f56bfc062723c751e8b465ee728b) (PreviewImporter) -> (artifact id: 'b3faf58f0d2f8ce4705a3701c2bc8685') in 0.0958433 seconds
Number of updated asset objects reloaded before import = 0Number of asset objects unloaded after import = 3

========================================================================
Received Import Request.
  Time since last request: 0.593641 seconds.
  path: Packages/com.unity.2d.animation/Editor/Assets/EditorIcons/Selected/d_Visibility_Tool@2x.png
  artifactKey: Guid(a9e89ee3f041fa5459a4e78b37d1e58e) Importer(815301076,1909f56bfc062723c751e8b465ee728b)
Start importing Packages/com.unity.2d.animation/Editor/Assets/EditorIcons/Selected/d_Visibility_Tool@2x.png using Guid(a9e89ee3f041fa5459a4e78b37d1e58e) Importer(815301076,1909f56bfc062723c751e8b465ee728b) (PreviewImporter) -> (artifact id: '532537402eaaa766889201690c26a326') in 0.0578851 seconds
Number of updated asset objects reloaded before import = 0Number of asset objects unloaded after import = 3

========================================================================
Received Import Request.
  Time since last request: 0.000075 seconds.
  path: Packages/com.unity.2d.animation/Editor/Assets/EditorIcons/Dark/d_Visibility_Tool@2x 1.png
  artifactKey: Guid(1c5db39ecfdc3764c9b3874920a80999) Importer(815301076,1909f56bfc062723c751e8b465ee728b)
Start importing Packages/com.unity.2d.animation/Editor/Assets/EditorIcons/Dark/d_Visibility_Tool@2x 1.png using Guid(1c5db39ecfdc3764c9b3874920a80999) Importer(815301076,1909f56bfc062723c751e8b465ee728b) (PreviewImporter) -> (artifact id: '5a0f8d49a62403b9ee6d1dce3c26944b') in 0.054792 seconds
Number of updated asset objects reloaded before import = 0Number of asset objects unloaded after import = 3

========================================================================
Received Import Request.
  Time since last request: 0.013448 seconds.
  path: Packages/com.unity.2d.animation/Editor/Assets/EditorIcons/Dark/d_Visibility_Tool@3x.png
  artifactKey: Guid(8c3b52e1fbc36584d802ee0099c48682) Importer(815301076,1909f56bfc062723c751e8b465ee728b)
Start importing Packages/com.unity.2d.animation/Editor/Assets/EditorIcons/Dark/d_Visibility_Tool@3x.png using Guid(8c3b52e1fbc36584d802ee0099c48682) Importer(815301076,1909f56bfc062723c751e8b465ee728b) (PreviewImporter) -> (artifact id: '88366028beb30bb3f9c7077b54cc9bf9') in 0.0411748 seconds
Number of updated asset objects reloaded before import = 0Number of asset objects unloaded after import = 3

========================================================================
Received Import Request.
  Time since last request: 0.000028 seconds.
  path: Packages/com.unity.2d.animation/Editor/Assets/EditorIcons/Dark/d_Visibility_Tool@3x 1.png
  artifactKey: Guid(2fe54232a3d87784e804d41060f1cd8e) Importer(815301076,1909f56bfc062723c751e8b465ee728b)
Start importing Packages/com.unity.2d.animation/Editor/Assets/EditorIcons/Dark/d_Visibility_Tool@3x 1.png using Guid(2fe54232a3d87784e804d41060f1cd8e) Importer(815301076,1909f56bfc062723c751e8b465ee728b) (PreviewImporter) -> (artifact id: '812c9e34dede5f659bd834e16f3ed055') in 0.0230907 seconds
Number of updated asset objects reloaded before import = 0Number of asset objects unloaded after import = 3

========================================================================
Received Import Request.
  Time since last request: 0.000025 seconds.
  path: Packages/com.unity.2d.animation/Editor/Assets/EditorIcons/Dark/d_Visibility_Tool@4x.png
  artifactKey: Guid(575e67e67fc4b3349bef2112e32f0be3) Importer(815301076,1909f56bfc062723c751e8b465ee728b)
Start importing Packages/com.unity.2d.animation/Editor/Assets/EditorIcons/Dark/d_Visibility_Tool@4x.png using Guid(575e67e67fc4b3349bef2112e32f0be3) Importer(815301076,1909f56bfc062723c751e8b465ee728b) (PreviewImporter) -> (artifact id: '18aa6c40a2ad288f14f374592bd27479') in 0.1806838 seconds
Number of updated asset objects reloaded before import = 0Number of asset objects unloaded after import = 3

========================================================================
Received Import Request.
  Time since last request: 0.000053 seconds.
  path: Packages/com.unity.2d.animation/Editor/Assets/EditorIcons/Dark/d_Weight_Brush@2x.png
  artifactKey: Guid(fda4344db9f9d794698ed7487ca53957) Importer(815301076,1909f56bfc062723c751e8b465ee728b)
Start importing Packages/com.unity.2d.animation/Editor/Assets/EditorIcons/Dark/d_Weight_Brush@2x.png using Guid(fda4344db9f9d794698ed7487ca53957) Importer(815301076,1909f56bfc062723c751e8b465ee728b) (PreviewImporter) -> (artifact id: '8c737e5c7dfd9a2b73af0196070c0f34') in 0.0401617 seconds
Number of updated asset objects reloaded before import = 0Number of asset objects unloaded after import = 3

========================================================================
Received Import Request.
  Time since last request: 0.283424 seconds.
  path: Packages/com.unity.2d.animation/Editor/Assets/EditorIcons/Dark/d_Weight_Brush@4x.png
  artifactKey: Guid(f68f6cf24545d2f41b27323ca2b06a52) Importer(815301076,1909f56bfc062723c751e8b465ee728b)
Start importing Packages/com.unity.2d.animation/Editor/Assets/EditorIcons/Dark/d_Weight_Brush@4x.png using Guid(f68f6cf24545d2f41b27323ca2b06a52) Importer(815301076,1909f56bfc062723c751e8b465ee728b) (PreviewImporter) -> (artifact id: 'ac816d09b4a9194433bb968011cbb2c4') in 0.056818 seconds
Number of updated asset objects reloaded before import = 0Number of asset objects unloaded after import = 3

========================================================================
Received Import Request.
  Time since last request: 0.009149 seconds.
  path: Packages/com.unity.2d.animation/Editor/Assets/EditorIcons/Dark/d_Weight_Slider.png
  artifactKey: Guid(dce15ef65ee3c394cb6cc78d4d70b6d9) Importer(815301076,1909f56bfc062723c751e8b465ee728b)
Start importing Packages/com.unity.2d.animation/Editor/Assets/EditorIcons/Dark/d_Weight_Slider.png using Guid(dce15ef65ee3c394cb6cc78d4d70b6d9) Importer(815301076,1909f56bfc062723c751e8b465ee728b) (PreviewImporter) -> (artifact id: '3b918292c4108b1f5455d8946d6566cd') in 0.145211 seconds
Number of updated asset objects reloaded before import = 0Number of asset objects unloaded after import = 3

========================================================================
Received Import Request.
  Time since last request: 0.000039 seconds.
  path: Packages/com.unity.2d.animation/Editor/Assets/EditorIcons/Dark/d_Weight_Slider@3x.png
  artifactKey: Guid(3120ec2beffde56499fe86f755fc25b9) Importer(815301076,1909f56bfc062723c751e8b465ee728b)
Start importing Packages/com.unity.2d.animation/Editor/Assets/EditorIcons/Dark/d_Weight_Slider@3x.png using Guid(3120ec2beffde56499fe86f755fc25b9) Importer(815301076,1909f56bfc062723c751e8b465ee728b) (PreviewImporter) -> (artifact id: '1ed19eb9c93f038d19b09fe95b5f026c') in 0.088986 seconds
Number of updated asset objects reloaded before import = 0Number of asset objects unloaded after import = 3

========================================================================
Received Import Request.
  Time since last request: 0.000033 seconds.
  path: Packages/com.unity.2d.animation/Editor/Assets/EditorIcons/Dark/d_Weight_Slider@4x.png
  artifactKey: Guid(6816bbef55b2e9847b5e4f06c5475d8b) Importer(815301076,1909f56bfc062723c751e8b465ee728b)
Start importing Packages/com.unity.2d.animation/Editor/Assets/EditorIcons/Dark/d_Weight_Slider@4x.png using Guid(6816bbef55b2e9847b5e4f06c5475d8b) Importer(815301076,1909f56bfc062723c751e8b465ee728b) (PreviewImporter) -> (artifact id: '753f6f717d4333cf98a9578ac438bee9') in 0.0457441 seconds
Number of updated asset objects reloaded before import = 0Number of asset objects unloaded after import = 3

========================================================================
Received Import Request.
  Time since last request: 0.074155 seconds.
  path: Assets/GameInputControllerIconsFree/keyboard/keyboard-solid/dot.png
  artifactKey: Guid(3ba6f79fa5d41be40b2687b0fa9fc081) Importer(815301076,1909f56bfc062723c751e8b465ee728b)
Start importing Assets/GameInputControllerIconsFree/keyboard/keyboard-solid/dot.png using Guid(3ba6f79fa5d41be40b2687b0fa9fc081) Importer(815301076,1909f56bfc062723c751e8b465ee728b) (PreviewImporter) -> (artifact id: '62c5a6daa5db57331f566fdb71253b8c') in 0.0530324 seconds
Number of updated asset objects reloaded before import = 0Number of asset objects unloaded after import = 3

========================================================================
Received Import Request.
  Time since last request: 0.851788 seconds.
  path: Packages/com.unity.render-pipelines.core/Editor/LookDev/Icons/Duplicate.png
  artifactKey: Guid(352dd7fc77ee28c479bf6504efe94f16) Importer(815301076,1909f56bfc062723c751e8b465ee728b)
Start importing Packages/com.unity.render-pipelines.core/Editor/LookDev/Icons/Duplicate.png using Guid(352dd7fc77ee28c479bf6504efe94f16) Importer(815301076,1909f56bfc062723c751e8b465ee728b) (PreviewImporter) -> (artifact id: 'dcb629a47ce816bb4c6157b380d23c1f') in 0.0682916 seconds
Number of updated asset objects reloaded before import = 0Number of asset objects unloaded after import = 3

========================================================================
Received Import Request.
  Time since last request: 0.363124 seconds.
  path: Assets/GameInputControllerIconsFree/keyboard/keyboard-solid/e.png
  artifactKey: Guid(69da02ec34c73624b91727759ad616df) Importer(815301076,1909f56bfc062723c751e8b465ee728b)
Start importing Assets/GameInputControllerIconsFree/keyboard/keyboard-solid/e.png using Guid(69da02ec34c73624b91727759ad616df) Importer(815301076,1909f56bfc062723c751e8b465ee728b) (PreviewImporter) -> (artifact id: 'af6ee86485d28a38ce31408df44b99a1') in 0.0666749 seconds
Number of updated asset objects reloaded before import = 0Number of asset objects unloaded after import = 3

========================================================================
Received Import Request.
  Time since last request: 0.979526 seconds.
  path: Packages/com.unity.2d.animation/Editor/Assets/EditorIcons/Light/Edit_Geometry.png
  artifactKey: Guid(5242f1eff2245a741a7cec5ada97f9f2) Importer(815301076,1909f56bfc062723c751e8b465ee728b)
Start importing Packages/com.unity.2d.animation/Editor/Assets/EditorIcons/Light/Edit_Geometry.png using Guid(5242f1eff2245a741a7cec5ada97f9f2) Importer(815301076,1909f56bfc062723c751e8b465ee728b) (PreviewImporter) -> (artifact id: '3aad55c797e99ef737b05cc728af816a') in 0.1915701 seconds
Number of updated asset objects reloaded before import = 0Number of asset objects unloaded after import = 3

========================================================================
Received Import Request.
  Time since last request: 0.000030 seconds.
  path: Packages/com.unity.2d.animation/Editor/Assets/EditorIcons/Light/Edit_Geometry@2x.png
  artifactKey: Guid(4bcd27377338b8440bda5ecf26ea2fb5) Importer(815301076,1909f56bfc062723c751e8b465ee728b)
Start importing Packages/com.unity.2d.animation/Editor/Assets/EditorIcons/Light/Edit_Geometry@2x.png using Guid(4bcd27377338b8440bda5ecf26ea2fb5) Importer(815301076,1909f56bfc062723c751e8b465ee728b) (PreviewImporter) -> (artifact id: '6f17d496209d87df1c68dbf350bba71d') in 0.0841237 seconds
Number of updated asset objects reloaded before import = 0Number of asset objects unloaded after import = 3

========================================================================
Received Import Request.
  Time since last request: 0.000037 seconds.
  path: Packages/com.unity.2d.animation/Editor/Assets/EditorIcons/Light/Edit_Geometry@4x.png
  artifactKey: Guid(088ce4ab56060504083daeb4556a09c1) Importer(815301076,1909f56bfc062723c751e8b465ee728b)
Start importing Packages/com.unity.2d.animation/Editor/Assets/EditorIcons/Light/Edit_Geometry@4x.png using Guid(088ce4ab56060504083daeb4556a09c1) Importer(815301076,1909f56bfc062723c751e8b465ee728b) (PreviewImporter) -> (artifact id: 'a9ed5a338972b1ee8b375fd4950a916c') in 0.3355644 seconds
Number of updated asset objects reloaded before import = 0Number of asset objects unloaded after import = 3

========================================================================
Received Import Request.
  Time since last request: 0.000035 seconds.
  path: Packages/com.unity.2d.animation/Editor/Assets/EditorIcons/Light/Edit_Geometry@3x.png
  artifactKey: Guid(b37297243655c064a8cd48d76a074ca0) Importer(815301076,1909f56bfc062723c751e8b465ee728b)
Start importing Packages/com.unity.2d.animation/Editor/Assets/EditorIcons/Light/Edit_Geometry@3x.png using Guid(b37297243655c064a8cd48d76a074ca0) Importer(815301076,1909f56bfc062723c751e8b465ee728b) (PreviewImporter) -> (artifact id: '385af5f611e80fab635ae12b17874839') in 0.2711057 seconds
Number of updated asset objects reloaded before import = 0Number of asset objects unloaded after import = 3

========================================================================
Received Import Request.
  Time since last request: 2.482194 seconds.
  path: Packages/com.unity.2d.animation/Editor/Assets/EditorIcons/Selected/Edit_Geometry@4x.png
  artifactKey: Guid(1a96ab5f501a8e84c9016458682e1ccb) Importer(815301076,1909f56bfc062723c751e8b465ee728b)
Start importing Packages/com.unity.2d.animation/Editor/Assets/EditorIcons/Selected/Edit_Geometry@4x.png using Guid(1a96ab5f501a8e84c9016458682e1ccb) Importer(815301076,1909f56bfc062723c751e8b465ee728b) (PreviewImporter) -> (artifact id: 'ed46435afc3832707e6e8d05728a8ee3') in 0.0220553 seconds
Number of updated asset objects reloaded before import = 0Number of asset objects unloaded after import = 3

========================================================================
Received Import Request.
  Time since last request: 0.000049 seconds.
  path: Packages/com.unity.2d.animation/Editor/Assets/EditorIcons/Selected/Edit_Joints.png
  artifactKey: Guid(6fd5a08a269c8544095b5c02ab57696b) Importer(815301076,1909f56bfc062723c751e8b465ee728b)
Start importing Packages/com.unity.2d.animation/Editor/Assets/EditorIcons/Selected/Edit_Joints.png using Guid(6fd5a08a269c8544095b5c02ab57696b) Importer(815301076,1909f56bfc062723c751e8b465ee728b) (PreviewImporter) -> (artifact id: '603ac79a5ca6b2a994eae0d622f5b88b') in 0.0777162 seconds
Number of updated asset objects reloaded before import = 0Number of asset objects unloaded after import = 3

========================================================================
Received Import Request.
  Time since last request: 0.722183 seconds.
  path: Packages/com.unity.2d.animation/Editor/Assets/EditorIcons/Light/Edit_Joints@2x.png
  artifactKey: Guid(2fc7298673dedaa4a9f850a8ca46e299) Importer(815301076,1909f56bfc062723c751e8b465ee728b)
Start importing Packages/com.unity.2d.animation/Editor/Assets/EditorIcons/Light/Edit_Joints@2x.png using Guid(2fc7298673dedaa4a9f850a8ca46e299) Importer(815301076,1909f56bfc062723c751e8b465ee728b) (PreviewImporter) -> (artifact id: '0bfc7c7aebc718ed6bf8a5bf61a3d75c') in 0.0746689 seconds
Number of updated asset objects reloaded before import = 0Number of asset objects unloaded after import = 3

========================================================================
Received Import Request.
  Time since last request: 0.000034 seconds.
  path: Packages/com.unity.2d.animation/Editor/Assets/EditorIcons/Light/Edit_Joints@3x.png
  artifactKey: Guid(da6b55611e420f443a65d0be7a8f8719) Importer(815301076,1909f56bfc062723c751e8b465ee728b)
Start importing Packages/com.unity.2d.animation/Editor/Assets/EditorIcons/Light/Edit_Joints@3x.png using Guid(da6b55611e420f443a65d0be7a8f8719) Importer(815301076,1909f56bfc062723c751e8b465ee728b) (PreviewImporter) -> (artifact id: '6f5d450a35e248b2ff2d069001773cc0') in 0.0553654 seconds
Number of updated asset objects reloaded before import = 0Number of asset objects unloaded after import = 3

========================================================================
Received Import Request.
  Time since last request: 0.653700 seconds.
  path: Packages/com.unity.2d.animation/Editor/Assets/EditorIcons/Light/Edit_Joints@4x.png
  artifactKey: Guid(11030f66cab4dcd4c989fe1de7a7c79c) Importer(815301076,1909f56bfc062723c751e8b465ee728b)
Start importing Packages/com.unity.2d.animation/Editor/Assets/EditorIcons/Light/Edit_Joints@4x.png using Guid(11030f66cab4dcd4c989fe1de7a7c79c) Importer(815301076,1909f56bfc062723c751e8b465ee728b) (PreviewImporter) -> (artifact id: '2ea0c42bcac3a42b5f4b054df5200e47') in 0.0812013 seconds
Number of updated asset objects reloaded before import = 0Number of asset objects unloaded after import = 3

========================================================================
Received Import Request.
  Time since last request: 0.000026 seconds.
  path: Packages/com.unity.2d.animation/Editor/Assets/EditorIcons/Light/Edit_Pose.png
  artifactKey: Guid(9369d4108c727134a8f5a9618cfbbf18) Importer(815301076,1909f56bfc062723c751e8b465ee728b)
Start importing Packages/com.unity.2d.animation/Editor/Assets/EditorIcons/Light/Edit_Pose.png using Guid(9369d4108c727134a8f5a9618cfbbf18) Importer(815301076,1909f56bfc062723c751e8b465ee728b) (PreviewImporter) -> (artifact id: '5207dbf6cda2354041c29682f7b86b5f') in 0.0372451 seconds
Number of updated asset objects reloaded before import = 0Number of asset objects unloaded after import = 3

========================================================================
Received Import Request.
  Time since last request: 0.015557 seconds.
  path: Packages/com.unity.2d.animation/Editor/Assets/EditorIcons/Light/Edit_Pose@2x.png
  artifactKey: Guid(f169a69b888768d44906789625031d45) Importer(815301076,1909f56bfc062723c751e8b465ee728b)
Start importing Packages/com.unity.2d.animation/Editor/Assets/EditorIcons/Light/Edit_Pose@2x.png using Guid(f169a69b888768d44906789625031d45) Importer(815301076,1909f56bfc062723c751e8b465ee728b) (PreviewImporter) -> (artifact id: '2fda1bdf39baf256bfd10e7498bef26f') in 0.6117636 seconds
Number of updated asset objects reloaded before import = 0Number of asset objects unloaded after import = 3

========================================================================
Received Import Request.
  Time since last request: 0.000031 seconds.
  path: Packages/com.unity.2d.animation/Editor/Assets/EditorIcons/Selected/Edit_Pose@3x.png
  artifactKey: Guid(558997ec9158c584a9ba9ee3eddbe8b0) Importer(815301076,1909f56bfc062723c751e8b465ee728b)
Start importing Packages/com.unity.2d.animation/Editor/Assets/EditorIcons/Selected/Edit_Pose@3x.png using Guid(558997ec9158c584a9ba9ee3eddbe8b0) Importer(815301076,1909f56bfc062723c751e8b465ee728b) (PreviewImporter) -> (artifact id: '8120520564508c40b4af491461157c3c') in 0.074612 seconds
Number of updated asset objects reloaded before import = 0Number of asset objects unloaded after import = 3

========================================================================
Received Import Request.
  Time since last request: 0.000037 seconds.
  path: Packages/com.unity.2d.animation/Editor/Assets/EditorIcons/Light/Edit_Pose@4x.png
  artifactKey: Guid(095744d2710d19e4ab3dd9f6852cbd15) Importer(815301076,1909f56bfc062723c751e8b465ee728b)
Start importing Packages/com.unity.2d.animation/Editor/Assets/EditorIcons/Light/Edit_Pose@4x.png using Guid(095744d2710d19e4ab3dd9f6852cbd15) Importer(815301076,1909f56bfc062723c751e8b465ee728b) (PreviewImporter) -> (artifact id: '61aec5f53074faea1a0fc700f7fc0121') in 0.039831 seconds
Number of updated asset objects reloaded before import = 0Number of asset objects unloaded after import = 3

========================================================================
Received Import Request.
  Time since last request: 0.000026 seconds.
  path: Packages/com.unity.2d.animation/Editor/Assets/EditorIcons/Light/EditorUI.Filter.png
  artifactKey: Guid(88550efdfb3734011ab1fc63037b4a20) Importer(815301076,1909f56bfc062723c751e8b465ee728b)
Start importing Packages/com.unity.2d.animation/Editor/Assets/EditorIcons/Light/EditorUI.Filter.png using Guid(88550efdfb3734011ab1fc63037b4a20) Importer(815301076,1909f56bfc062723c751e8b465ee728b) (PreviewImporter) -> (artifact id: '48b7c700ddf6c67d8108d442d9475a6d') in 0.04285 seconds
Number of updated asset objects reloaded before import = 0Number of asset objects unloaded after import = 3

========================================================================
Received Import Request.
  Time since last request: 0.000032 seconds.
  path: Packages/com.unity.2d.tilemap/Editor/Icons/EditorUI.Filter@2x.png
  artifactKey: Guid(943f98e6f10ab4d4883cdc5198a68118) Importer(815301076,1909f56bfc062723c751e8b465ee728b)
Start importing Packages/com.unity.2d.tilemap/Editor/Icons/EditorUI.Filter@2x.png using Guid(943f98e6f10ab4d4883cdc5198a68118) Importer(815301076,1909f56bfc062723c751e8b465ee728b) (PreviewImporter) -> (artifact id: '2fb2622b3b8fcacb8dbad70b98ae6c9e') in 0.0251322 seconds
Number of updated asset objects reloaded before import = 0Number of asset objects unloaded after import = 3

========================================================================
Received Import Request.
  Time since last request: 0.000036 seconds.
  path: Packages/com.unity.2d.tilemap/Editor/Icons/EditorUI.Target.png
  artifactKey: Guid(cf94b5ae9bca88f4a97ce96847235ba3) Importer(815301076,1909f56bfc062723c751e8b465ee728b)
Start importing Packages/com.unity.2d.tilemap/Editor/Icons/EditorUI.Target.png using Guid(cf94b5ae9bca88f4a97ce96847235ba3) Importer(815301076,1909f56bfc062723c751e8b465ee728b) (PreviewImporter) -> (artifact id: 'd6dd390103095624f30f81c7b1a40fe6') in 0.085445 seconds
Number of updated asset objects reloaded before import = 0Number of asset objects unloaded after import = 3

========================================================================
Received Import Request.
  Time since last request: 0.000119 seconds.
  path: Packages/com.unity.2d.tilemap/Editor/Icons/EditorUI.Target@4x.png
  artifactKey: Guid(86f74056ad052aa4b83fe485546f0521) Importer(815301076,1909f56bfc062723c751e8b465ee728b)
Start importing Packages/com.unity.2d.tilemap/Editor/Icons/EditorUI.Target@4x.png using Guid(86f74056ad052aa4b83fe485546f0521) Importer(815301076,1909f56bfc062723c751e8b465ee728b) (PreviewImporter) -> (artifact id: '60af788cf1cbf2430898ec3140c2d616') in 0.0334907 seconds
Number of updated asset objects reloaded before import = 0Number of asset objects unloaded after import = 3

========================================================================
Received Import Request.
  Time since last request: 0.000031 seconds.
  path: Assets/GameInputControllerIconsFree/keyboard/keyboard-solid/end.png
  artifactKey: Guid(679074283b364d047a38623e065131e1) Importer(815301076,1909f56bfc062723c751e8b465ee728b)
Start importing Assets/GameInputControllerIconsFree/keyboard/keyboard-solid/end.png using Guid(679074283b364d047a38623e065131e1) Importer(815301076,1909f56bfc062723c751e8b465ee728b) (PreviewImporter) -> (artifact id: '21ad38903fd4b11f1f7c393f9190d38e') in 0.0253296 seconds
Number of updated asset objects reloaded before import = 0Number of asset objects unloaded after import = 3

========================================================================
Received Import Request.
  Time since last request: 0.000155 seconds.
  path: Assets/GameInputControllerIconsFree/keyboard/keyboard-solid/enter.png
  artifactKey: Guid(4ca1c19ae5051cf44a202109968cd5f0) Importer(815301076,1909f56bfc062723c751e8b465ee728b)
Start importing Assets/GameInputControllerIconsFree/keyboard/keyboard-solid/enter.png using Guid(4ca1c19ae5051cf44a202109968cd5f0) Importer(815301076,1909f56bfc062723c751e8b465ee728b) (PreviewImporter) -> (artifact id: '6de4d16768b6de60397f4ae69769189b') in 0.0377389 seconds
Number of updated asset objects reloaded before import = 0Number of asset objects unloaded after import = 3

========================================================================
Received Import Request.
  Time since last request: 46.206116 seconds.
  path: Assets/Scenes/Stage1.unity
  artifactKey: Guid(7c4e7ce6d181268408bba9af0eb588d5) Importer(815301076,1909f56bfc062723c751e8b465ee728b)
Start importing Assets/Scenes/Stage1.unity using Guid(7c4e7ce6d181268408bba9af0eb588d5) Importer(815301076,1909f56bfc062723c751e8b465ee728b) (PreviewImporter) -> (artifact id: 'd9da1a6b2882b7093ddd63f80ecfdeb5') in 0.0019645 seconds
Number of updated asset objects reloaded before import = 0Number of asset objects unloaded after import = 0

========================================================================
Received Import Request.
  Time since last request: 156.523832 seconds.
  path: Assets/Prefab/Key.prefab
  artifactKey: Guid(c96c5bb9e2653d34db6077d45f575f83) Importer(815301076,1909f56bfc062723c751e8b465ee728b)
Start importing Assets/Prefab/Key.prefab using Guid(c96c5bb9e2653d34db6077d45f575f83) Importer(815301076,1909f56bfc062723c751e8b465ee728b) (PreviewImporter) -> (artifact id: '74ce09d4843c3b04185794e34153c980') in 0.0360624 seconds
Number of updated asset objects reloaded before import = 0Number of asset objects unloaded after import = 9

========================================================================
Received Import Request.
  Time since last request: 1.566111 seconds.
  path: Assets/Prefab/Locked.prefab
  artifactKey: Guid(0228db356f7bb3b449409ebf312328fe) Importer(815301076,1909f56bfc062723c751e8b465ee728b)
Start importing Assets/Prefab/Locked.prefab using Guid(0228db356f7bb3b449409ebf312328fe) Importer(815301076,1909f56bfc062723c751e8b465ee728b) (PreviewImporter) -> (artifact id: 'c902e4781d4109dfaa3669c784b808b8') in 0.0311404 seconds
Number of updated asset objects reloaded before import = 0Number of asset objects unloaded after import = 9

========================================================================
Received Import Request.
  Time since last request: 37.338333 seconds.
  path: Assets/Scenes/Main.unity
  artifactKey: Guid(855b6635e48278340a8833ba9f7b57b7) Importer(815301076,1909f56bfc062723c751e8b465ee728b)
Start importing Assets/Scenes/Main.unity using Guid(855b6635e48278340a8833ba9f7b57b7) Importer(815301076,1909f56bfc062723c751e8b465ee728b) (PreviewImporter) -> (artifact id: '2f058de653047b1fb4969c2bf94d65ba') in 0.0010497 seconds
Number of updated asset objects reloaded before import = 0Number of asset objects unloaded after import = 0

========================================================================
Received Prepare
Begin MonoManager ReloadAssembly
- Loaded All Assemblies, in  1.866 seconds
Refreshing native plugins compatible for Editor in 4.32 ms, found 4 plugins.
Native extension for Android target not found
Native extension for WindowsStandalone target not found
Mono: successfully reloaded assembly
- Finished resetting the current domain, in  2.947 seconds
Domain Reload Profiling: 4819ms
	BeginReloadAssembly (591ms)
		ExecutionOrderSort (0ms)
		DisableScriptedObjects (53ms)
		BackupInstance (0ms)
		ReleaseScriptingObjects (0ms)
		CreateAndSetChildDomain (143ms)
	RebuildCommonClasses (76ms)
	RebuildNativeTypeToScriptingClass (35ms)
	initialDomainReloadingComplete (72ms)
	LoadAllAssembliesAndSetupDomain (1095ms)
		LoadAssemblies (910ms)
		RebuildTransferFunctionScriptingTraits (0ms)
		AnalyzeDomain (491ms)
			TypeCache.Refresh (16ms)
				TypeCache.ScanAssembly (0ms)
			BuildScriptInfoCaches (438ms)
			ResolveRequiredComponents (29ms)
	FinalizeReload (2950ms)
		ReleaseScriptCaches (0ms)
		RebuildScriptCaches (0ms)
		SetupLoadedEditorAssemblies (2377ms)
			LogAssemblyErrors (0ms)
			InitializePlatformSupportModulesInManaged (57ms)
			SetLoadedEditorAssemblies (17ms)
			BeforeProcessingInitializeOnLoad (386ms)
			ProcessInitializeOnLoadAttributes (1655ms)
			ProcessInitializeOnLoadMethodAttributes (240ms)
			AfterProcessingInitializeOnLoad (22ms)
			EditorAssembliesLoaded (1ms)
		ExecutionOrderSort2 (0ms)
		AwakeInstancesAfterBackupRestoration (75ms)
Refreshing native plugins compatible for Editor in 7.39 ms, found 4 plugins.
Preloading 0 native plugins for Editor in 0.00 ms.
Unloading 13 Unused Serialized files (Serialized files now loaded: 0)
Unloading 6580 unused Assets / (4.8 MB). Loaded Objects now: 7472.
Memory consumption went from 157.0 MB to 152.2 MB.
Total: 19.610300 ms (FindLiveObjects: 1.105200 ms CreateObjectMapping: 2.374200 ms MarkObjects: 11.884400 ms  DeleteObjects: 4.245300 ms)

Prepare: number of updated asset objects reloaded= 0
========================================================================
Received Import Request.
  Time since last request: 64.259721 seconds.
  path: Assets/Scenes/Stage1.unity
  artifactKey: Guid(7c4e7ce6d181268408bba9af0eb588d5) Importer(815301076,1909f56bfc062723c751e8b465ee728b)
Start importing Assets/Scenes/Stage1.unity using Guid(7c4e7ce6d181268408bba9af0eb588d5) Importer(815301076,1909f56bfc062723c751e8b465ee728b) (PreviewImporter) -> (artifact id: '555146c6692c3bb34c7066f73ff81dbd') in 0.048053 seconds
Number of updated asset objects reloaded before import = 0Number of asset objects unloaded after import = 0

========================================================================
Received Prepare
Begin MonoManager ReloadAssembly
- Loaded All Assemblies, in  7.711 seconds
Refreshing native plugins compatible for Editor in 6.44 ms, found 4 plugins.
Native extension for Android target not found
Native extension for WindowsStandalone target not found
Mono: successfully reloaded assembly
- Finished resetting the current domain, in  2.922 seconds
Domain Reload Profiling: 10649ms
	BeginReloadAssembly (959ms)
		ExecutionOrderSort (0ms)
		DisableScriptedObjects (51ms)
		BackupInstance (0ms)
		ReleaseScriptingObjects (0ms)
		CreateAndSetChildDomain (159ms)
	RebuildCommonClasses (201ms)
	RebuildNativeTypeToScriptingClass (66ms)
	initialDomainReloadingComplete (142ms)
	LoadAllAssembliesAndSetupDomain (6355ms)
		LoadAssemblies (3956ms)
		RebuildTransferFunctionScriptingTraits (0ms)
		AnalyzeDomain (2979ms)
			TypeCache.Refresh (255ms)
				TypeCache.ScanAssembly (0ms)
			BuildScriptInfoCaches (2542ms)
			ResolveRequiredComponents (155ms)
	FinalizeReload (2926ms)
		ReleaseScriptCaches (0ms)
		RebuildScriptCaches (0ms)
		SetupLoadedEditorAssemblies (2176ms)
			LogAssemblyErrors (0ms)
			InitializePlatformSupportModulesInManaged (67ms)
			SetLoadedEditorAssemblies (19ms)
			BeforeProcessingInitializeOnLoad (370ms)
			ProcessInitializeOnLoadAttributes (1507ms)
			ProcessInitializeOnLoadMethodAttributes (196ms)
			AfterProcessingInitializeOnLoad (16ms)
			EditorAssembliesLoaded (1ms)
		ExecutionOrderSort2 (0ms)
		AwakeInstancesAfterBackupRestoration (61ms)
Refreshing native plugins compatible for Editor in 6.38 ms, found 4 plugins.
Preloading 0 native plugins for Editor in 0.00 ms.
Unloading 13 Unused Serialized files (Serialized files now loaded: 0)
Unloading 6580 unused Assets / (4.5 MB). Loaded Objects now: 7474.
Memory consumption went from 156.9 MB to 152.4 MB.
Total: 31.812500 ms (FindLiveObjects: 1.397700 ms CreateObjectMapping: 2.565500 ms MarkObjects: 20.355700 ms  DeleteObjects: 7.487500 ms)

Prepare: number of updated asset objects reloaded= 0
========================================================================
Received Import Request.
  Time since last request: 96.114334 seconds.
  path: Assets/Prefab/Key.prefab
  artifactKey: Guid(c96c5bb9e2653d34db6077d45f575f83) Importer(815301076,1909f56bfc062723c751e8b465ee728b)
Start importing Assets/Prefab/Key.prefab using Guid(c96c5bb9e2653d34db6077d45f575f83) Importer(815301076,1909f56bfc062723c751e8b465ee728b) (PreviewImporter) -> (artifact id: 'a211c9ec624f30cf42e63e561f01755e') in 1.1575353 seconds
Number of updated asset objects reloaded before import = 0Number of asset objects unloaded after import = 9

========================================================================
Received Import Request.
  Time since last request: 80.615203 seconds.
  path: Assets/Prefab/FallingPlatform.prefab
  artifactKey: Guid(c74ff64440d568d4faf44add4d4b24cc) Importer(815301076,1909f56bfc062723c751e8b465ee728b)
Start importing Assets/Prefab/FallingPlatform.prefab using Guid(c74ff64440d568d4faf44add4d4b24cc) Importer(815301076,1909f56bfc062723c751e8b465ee728b) (PreviewImporter) -> (artifact id: 'ef1b1244abcbeff021e698cb9f48cb45') in 0.0213679 seconds
Number of updated asset objects reloaded before import = 0Number of asset objects unloaded after import = 10

========================================================================
Received Import Request.
  Time since last request: 48.838137 seconds.
  path: Assets/Prefab/FallingPlatform.prefab
  artifactKey: Guid(c74ff64440d568d4faf44add4d4b24cc) Importer(815301076,1909f56bfc062723c751e8b465ee728b)
Start importing Assets/Prefab/FallingPlatform.prefab using Guid(c74ff64440d568d4faf44add4d4b24cc) Importer(815301076,1909f56bfc062723c751e8b465ee728b) (PreviewImporter) -> (artifact id: '5f73cf7a1dc95ece4f6084d83ca3ccba') in 0.0210582 seconds
Number of updated asset objects reloaded before import = 0Number of asset objects unloaded after import = 10

========================================================================
Received Prepare
Begin MonoManager ReloadAssembly
- Loaded All Assemblies, in  2.218 seconds
Refreshing native plugins compatible for Editor in 3.51 ms, found 4 plugins.
Native extension for Android target not found
Native extension for WindowsStandalone target not found
Mono: successfully reloaded assembly
- Finished resetting the current domain, in  2.788 seconds
Domain Reload Profiling: 5008ms
	BeginReloadAssembly (629ms)
		ExecutionOrderSort (0ms)
		DisableScriptedObjects (55ms)
		BackupInstance (0ms)
		ReleaseScriptingObjects (0ms)
		CreateAndSetChildDomain (144ms)
	RebuildCommonClasses (89ms)
	RebuildNativeTypeToScriptingClass (40ms)
	initialDomainReloadingComplete (83ms)
	LoadAllAssembliesAndSetupDomain (1377ms)
		LoadAssemblies (1214ms)
		RebuildTransferFunctionScriptingTraits (0ms)
		AnalyzeDomain (509ms)
			TypeCache.Refresh (20ms)
				TypeCache.ScanAssembly (0ms)
			BuildScriptInfoCaches (449ms)
			ResolveRequiredComponents (32ms)
	FinalizeReload (2789ms)
		ReleaseScriptCaches (0ms)
		RebuildScriptCaches (0ms)
		SetupLoadedEditorAssemblies (2225ms)
			LogAssemblyErrors (0ms)
			InitializePlatformSupportModulesInManaged (61ms)
			SetLoadedEditorAssemblies (23ms)
			BeforeProcessingInitializeOnLoad (500ms)
			ProcessInitializeOnLoadAttributes (1402ms)
			ProcessInitializeOnLoadMethodAttributes (221ms)
			AfterProcessingInitializeOnLoad (16ms)
			EditorAssembliesLoaded (1ms)
		ExecutionOrderSort2 (0ms)
		AwakeInstancesAfterBackupRestoration (60ms)
Refreshing native plugins compatible for Editor in 6.68 ms, found 4 plugins.
Preloading 0 native plugins for Editor in 0.00 ms.
Unloading 13 Unused Serialized files (Serialized files now loaded: 0)
Unloading 6580 unused Assets / (4.6 MB). Loaded Objects now: 7498.
Memory consumption went from 158.5 MB to 154.0 MB.
Total: 30.647900 ms (FindLiveObjects: 1.352600 ms CreateObjectMapping: 2.756400 ms MarkObjects: 19.855300 ms  DeleteObjects: 6.681900 ms)

Prepare: number of updated asset objects reloaded= 0
========================================================================
Received Prepare
Begin MonoManager ReloadAssembly
- Loaded All Assemblies, in  2.047 seconds
Refreshing native plugins compatible for Editor in 7.87 ms, found 4 plugins.
Native extension for Android target not found
Native extension for WindowsStandalone target not found
Mono: successfully reloaded assembly
- Finished resetting the current domain, in  3.110 seconds
Domain Reload Profiling: 5162ms
	BeginReloadAssembly (530ms)
		ExecutionOrderSort (0ms)
		DisableScriptedObjects (31ms)
		BackupInstance (0ms)
		ReleaseScriptingObjects (0ms)
		CreateAndSetChildDomain (120ms)
	RebuildCommonClasses (76ms)
	RebuildNativeTypeToScriptingClass (29ms)
	initialDomainReloadingComplete (65ms)
	LoadAllAssembliesAndSetupDomain (1351ms)
		LoadAssemblies (995ms)
		RebuildTransferFunctionScriptingTraits (0ms)
		AnalyzeDomain (647ms)
			TypeCache.Refresh (15ms)
				TypeCache.ScanAssembly (0ms)
			BuildScriptInfoCaches (582ms)
			ResolveRequiredComponents (42ms)
	FinalizeReload (3111ms)
		ReleaseScriptCaches (0ms)
		RebuildScriptCaches (0ms)
		SetupLoadedEditorAssemblies (2408ms)
			LogAssemblyErrors (0ms)
			InitializePlatformSupportModulesInManaged (72ms)
			SetLoadedEditorAssemblies (18ms)
			BeforeProcessingInitializeOnLoad (422ms)
			ProcessInitializeOnLoadAttributes (1632ms)
			ProcessInitializeOnLoadMethodAttributes (244ms)
			AfterProcessingInitializeOnLoad (20ms)
			EditorAssembliesLoaded (1ms)
		ExecutionOrderSort2 (0ms)
		AwakeInstancesAfterBackupRestoration (75ms)
Refreshing native plugins compatible for Editor in 7.23 ms, found 4 plugins.
Preloading 0 native plugins for Editor in 0.00 ms.
Unloading 13 Unused Serialized files (Serialized files now loaded: 0)
Unloading 6580 unused Assets / (4.5 MB). Loaded Objects now: 7500.
Memory consumption went from 158.5 MB to 153.9 MB.
Total: 30.229700 ms (FindLiveObjects: 1.329700 ms CreateObjectMapping: 3.832700 ms MarkObjects: 18.515700 ms  DeleteObjects: 6.549100 ms)

Prepare: number of updated asset objects reloaded= 0
========================================================================
Received Prepare
Begin MonoManager ReloadAssembly
- Loaded All Assemblies, in  1.768 seconds
Refreshing native plugins compatible for Editor in 4.90 ms, found 4 plugins.
Native extension for Android target not found
Native extension for WindowsStandalone target not found
Mono: successfully reloaded assembly
- Finished resetting the current domain, in  3.500 seconds
Domain Reload Profiling: 5270ms
	BeginReloadAssembly (487ms)
		ExecutionOrderSort (0ms)
		DisableScriptedObjects (33ms)
		BackupInstance (0ms)
		ReleaseScriptingObjects (0ms)
		CreateAndSetChildDomain (95ms)
	RebuildCommonClasses (79ms)
	RebuildNativeTypeToScriptingClass (30ms)
	initialDomainReloadingComplete (60ms)
	LoadAllAssembliesAndSetupDomain (1114ms)
		LoadAssemblies (858ms)
		RebuildTransferFunctionScriptingTraits (0ms)
		AnalyzeDomain (528ms)
			TypeCache.Refresh (18ms)
				TypeCache.ScanAssembly (0ms)
			BuildScriptInfoCaches (476ms)
			ResolveRequiredComponents (27ms)
	FinalizeReload (3501ms)
		ReleaseScriptCaches (0ms)
		RebuildScriptCaches (0ms)
		SetupLoadedEditorAssemblies (2914ms)
			LogAssemblyErrors (0ms)
			InitializePlatformSupportModulesInManaged (48ms)
			SetLoadedEditorAssemblies (18ms)
			BeforeProcessingInitializeOnLoad (388ms)
			ProcessInitializeOnLoadAttributes (1965ms)
			ProcessInitializeOnLoadMethodAttributes (296ms)
			AfterProcessingInitializeOnLoad (198ms)
			EditorAssembliesLoaded (2ms)
		ExecutionOrderSort2 (0ms)
		AwakeInstancesAfterBackupRestoration (101ms)
Refreshing native plugins compatible for Editor in 7.80 ms, found 4 plugins.
Preloading 0 native plugins for Editor in 0.00 ms.
Unloading 13 Unused Serialized files (Serialized files now loaded: 0)
Unloading 6580 unused Assets / (4.1 MB). Loaded Objects now: 7502.
Memory consumption went from 158.6 MB to 154.5 MB.
Total: 32.909700 ms (FindLiveObjects: 1.738800 ms CreateObjectMapping: 2.900600 ms MarkObjects: 17.887200 ms  DeleteObjects: 10.381500 ms)

Prepare: number of updated asset objects reloaded= 0
========================================================================
Received Prepare
Begin MonoManager ReloadAssembly
- Loaded All Assemblies, in  1.914 seconds
Refreshing native plugins compatible for Editor in 4.69 ms, found 4 plugins.
Native extension for Android target not found
Native extension for WindowsStandalone target not found
Mono: successfully reloaded assembly
- Finished resetting the current domain, in  3.071 seconds
Domain Reload Profiling: 4985ms
	BeginReloadAssembly (539ms)
		ExecutionOrderSort (0ms)
		DisableScriptedObjects (29ms)
		BackupInstance (0ms)
		ReleaseScriptingObjects (0ms)
		CreateAndSetChildDomain (96ms)
	RebuildCommonClasses (89ms)
	RebuildNativeTypeToScriptingClass (27ms)
	initialDomainReloadingComplete (66ms)
	LoadAllAssembliesAndSetupDomain (1190ms)
		LoadAssemblies (1036ms)
		RebuildTransferFunctionScriptingTraits (0ms)
		AnalyzeDomain (494ms)
			TypeCache.Refresh (16ms)
				TypeCache.ScanAssembly (0ms)
			BuildScriptInfoCaches (445ms)
			ResolveRequiredComponents (26ms)
	FinalizeReload (3073ms)
		ReleaseScriptCaches (0ms)
		RebuildScriptCaches (0ms)
		SetupLoadedEditorAssemblies (2219ms)
			LogAssemblyErrors (0ms)
			InitializePlatformSupportModulesInManaged (50ms)
			SetLoadedEditorAssemblies (16ms)
			BeforeProcessingInitializeOnLoad (355ms)
			ProcessInitializeOnLoadAttributes (1349ms)
			ProcessInitializeOnLoadMethodAttributes (286ms)
			AfterProcessingInitializeOnLoad (162ms)
			EditorAssembliesLoaded (1ms)
		ExecutionOrderSort2 (0ms)
		AwakeInstancesAfterBackupRestoration (172ms)
Refreshing native plugins compatible for Editor in 7.35 ms, found 4 plugins.
Preloading 0 native plugins for Editor in 0.00 ms.
Unloading 13 Unused Serialized files (Serialized files now loaded: 0)
Unloading 6580 unused Assets / (4.7 MB). Loaded Objects now: 7504.
Memory consumption went from 158.6 MB to 153.9 MB.
Total: 30.929200 ms (FindLiveObjects: 1.646400 ms CreateObjectMapping: 5.736100 ms MarkObjects: 17.466500 ms  DeleteObjects: 6.078000 ms)

Prepare: number of updated asset objects reloaded= 0
