Using pre-set license
Built from '6000.0/release' branch; Version is '6000.0.45f1 (d91bd3d4e081) revision 14228435'; Using compiler version '193933523'; Build Type 'Release'
OS: 'Windows 10  (10.0.19045) 64bit Enterprise' Language: 'ko' Physical Memory: 16021 MB
BatchMode: 1, IsHumanControllingUs: 0, StartBugReporterOnCrash: 0, Is64bit: 1, IsPro: 1

COMMAND LINE ARGUMENTS:
E:\Unity\6000.0.45f1\Editor\Unity.exe
-adb2
-batchMode
-noUpm
-name
AssetImportWorker1
-projectPath
D:/Program Files (x86)/for unity/software/2d
-logFile
Logs/AssetImportWorker1.log
-srvPort
51150
-job-worker-count
3
-background-job-worker-count
8
-gc-helper-count
1
Successfully changed project path to: D:/Program Files (x86)/for unity/software/2d
D:/Program Files (x86)/for unity/software/2d
[UnityMemory] Configuration Parameters - Can be set up in boot.config
    "memorysetup-bucket-allocator-granularity=16"
    "memorysetup-bucket-allocator-bucket-count=8"
    "memorysetup-bucket-allocator-block-size=33554432"
    "memorysetup-bucket-allocator-block-count=8"
    "memorysetup-main-allocator-block-size=16777216"
    "memorysetup-thread-allocator-block-size=16777216"
    "memorysetup-gfx-main-allocator-block-size=16777216"
    "memorysetup-gfx-thread-allocator-block-size=16777216"
    "memorysetup-cache-allocator-block-size=4194304"
    "memorysetup-typetree-allocator-block-size=2097152"
    "memorysetup-profiler-bucket-allocator-granularity=16"
    "memorysetup-profiler-bucket-allocator-bucket-count=8"
    "memorysetup-profiler-bucket-allocator-block-size=33554432"
    "memorysetup-profiler-bucket-allocator-block-count=8"
    "memorysetup-profiler-allocator-block-size=16777216"
    "memorysetup-profiler-editor-allocator-block-size=1048576"
    "memorysetup-temp-allocator-size-main=16777216"
    "memorysetup-job-temp-allocator-block-size=2097152"
    "memorysetup-job-temp-allocator-block-size-background=1048576"
    "memorysetup-job-temp-allocator-reduction-small-platforms=262144"
    "memorysetup-allocator-temp-initial-block-size-main=262144"
    "memorysetup-allocator-temp-initial-block-size-worker=262144"
    "memorysetup-temp-allocator-size-background-worker=32768"
    "memorysetup-temp-allocator-size-job-worker=262144"
    "memorysetup-temp-allocator-size-preload-manager=33554432"
    "memorysetup-temp-allocator-size-nav-mesh-worker=65536"
    "memorysetup-temp-allocator-size-audio-worker=65536"
    "memorysetup-temp-allocator-size-cloud-worker=32768"
    "memorysetup-temp-allocator-size-gi-baking-worker=262144"
    "memorysetup-temp-allocator-size-gi-baking-worker=262144"
    "memorysetup-temp-allocator-size-gi-baking-worker=262144"
    "memorysetup-temp-allocator-size-gi-baking-worker=262144"
    "memorysetup-temp-allocator-size-gi-baking-worker=262144"
    "memorysetup-temp-allocator-size-gfx=262144"
Player connection [18240]  Target information:

Player connection [18240]  * "[IP] 192.168.219.105 [Port] 0 [Flags] 2 [Guid] 3592177253 [EditorId] 3592177253 [Version] 1048832 [Id] WindowsEditor(7,DESKTOP-9F44E9E) [Debug] 1 [PackageName] WindowsEditor [ProjectName] Editor" 

Player connection [18240] Host joined multi-casting on [225.0.0.222:54997]...
Player connection [18240] Host joined alternative multi-casting on [225.0.0.222:34997]...
JobSystem: Creating JobQueue using job-worker-count value 3
Input System module state changed to: Initialized.
[Physics::Module] Initialized fallback backend.
[Physics::Module] Id: 0xdecafbad
Library Redirect Path: Library/
[Physics::Module] Selected backend.
[Physics::Module] Name: PhysX
[Physics::Module] Id: 0xf2b8ea05
[Physics::Module] SDK Version: 4.1.2
[Physics::Module] Integration Version: 1.0.0
[Physics::Module] Threading Mode: Multi-Threaded
Refreshing native plugins compatible for Editor in 172.52 ms, found 4 plugins.
Preloading 0 native plugins for Editor in 0.00 ms.
Initialize engine version: 6000.0.45f1 (d91bd3d4e081)
[Subsystems] Discovering subsystems at path E:/Unity/6000.0.45f1/Editor/Data/Resources/UnitySubsystems
[Subsystems] Discovering subsystems at path D:/Program Files (x86)/for unity/software/2d/Assets
GfxDevice: creating device client; kGfxThreadingModeNonThreaded
Direct3D:
    Version:  Direct3D 11.0 [level 11.1]
    Renderer: NVIDIA GeForce GTX 1050 Ti (ID=0x1c8c)
    Vendor:   NVIDIA
    VRAM:     4004 MB
    Driver:   32.0.15.6614
Initialize mono
Mono path[0] = 'E:/Unity/6000.0.45f1/Editor/Data/Managed'
Mono path[1] = 'E:/Unity/6000.0.45f1/Editor/Data/MonoBleedingEdge/lib/mono/unityjit-win32'
Mono config path = 'E:/Unity/6000.0.45f1/Editor/Data/MonoBleedingEdge/etc'
Using monoOptions --debugger-agent=transport=dt_socket,embedding=1,server=y,suspend=n,address=127.0.0.1:56184
Begin MonoManager ReloadAssembly
Registering precompiled unity dll's ...
Register platform support module: E:/Unity/6000.0.45f1/Editor/Data/PlaybackEngines/WindowsStandaloneSupport/UnityEditor.WindowsStandalone.Extensions.dll
Register platform support module: E:/Unity/6000.0.45f1/Editor/Data/PlaybackEngines/AndroidPlayer/UnityEditor.Android.Extensions.dll
Registered in 2.924730 seconds.
- Loaded All Assemblies, in 39.965 seconds
Native extension for Android target not found
Android Extension - Scanning For ADB Devices 1728 ms
Native extension for WindowsStandalone target not found
Mono: successfully reloaded assembly
- Finished resetting the current domain, in  3.015 seconds
Domain Reload Profiling: 42939ms
	BeginReloadAssembly (31520ms)
		ExecutionOrderSort (0ms)
		DisableScriptedObjects (0ms)
		BackupInstance (0ms)
		ReleaseScriptingObjects (0ms)
		CreateAndSetChildDomain (2ms)
	RebuildCommonClasses (141ms)
	RebuildNativeTypeToScriptingClass (44ms)
	initialDomainReloadingComplete (3391ms)
	LoadAllAssembliesAndSetupDomain (4826ms)
		LoadAssemblies (31601ms)
		RebuildTransferFunctionScriptingTraits (0ms)
		AnalyzeDomain (4700ms)
			TypeCache.Refresh (4696ms)
				TypeCache.ScanAssembly (4645ms)
			BuildScriptInfoCaches (0ms)
			ResolveRequiredComponents (1ms)
	FinalizeReload (3016ms)
		ReleaseScriptCaches (0ms)
		RebuildScriptCaches (0ms)
		SetupLoadedEditorAssemblies (2869ms)
			LogAssemblyErrors (0ms)
			InitializePlatformSupportModulesInManaged (2119ms)
			SetLoadedEditorAssemblies (9ms)
			BeforeProcessingInitializeOnLoad (138ms)
			ProcessInitializeOnLoadAttributes (353ms)
			ProcessInitializeOnLoadMethodAttributes (248ms)
			AfterProcessingInitializeOnLoad (0ms)
			EditorAssembliesLoaded (0ms)
		ExecutionOrderSort2 (0ms)
		AwakeInstancesAfterBackupRestoration (0ms)
========================================================================
Worker process is ready to serve import requests
Import Worker Mode flag is 0x00
Begin MonoManager ReloadAssembly
- Loaded All Assemblies, in  6.448 seconds
Refreshing native plugins compatible for Editor in 4.57 ms, found 4 plugins.
Native extension for Android target not found
Native extension for WindowsStandalone target not found
Mono: successfully reloaded assembly
- Finished resetting the current domain, in  7.993 seconds
Domain Reload Profiling: 14434ms
	BeginReloadAssembly (466ms)
		ExecutionOrderSort (0ms)
		DisableScriptedObjects (15ms)
		BackupInstance (0ms)
		ReleaseScriptingObjects (0ms)
		CreateAndSetChildDomain (62ms)
	RebuildCommonClasses (90ms)
	RebuildNativeTypeToScriptingClass (29ms)
	initialDomainReloadingComplete (91ms)
	LoadAllAssembliesAndSetupDomain (5764ms)
		LoadAssemblies (5270ms)
		RebuildTransferFunctionScriptingTraits (0ms)
		AnalyzeDomain (810ms)
			TypeCache.Refresh (617ms)
				TypeCache.ScanAssembly (563ms)
			BuildScriptInfoCaches (163ms)
			ResolveRequiredComponents (24ms)
	FinalizeReload (7995ms)
		ReleaseScriptCaches (0ms)
		RebuildScriptCaches (0ms)
		SetupLoadedEditorAssemblies (6070ms)
			LogAssemblyErrors (0ms)
			InitializePlatformSupportModulesInManaged (79ms)
			SetLoadedEditorAssemblies (16ms)
			BeforeProcessingInitializeOnLoad (523ms)
			ProcessInitializeOnLoadAttributes (3671ms)
			ProcessInitializeOnLoadMethodAttributes (1755ms)
			AfterProcessingInitializeOnLoad (26ms)
			EditorAssembliesLoaded (0ms)
		ExecutionOrderSort2 (0ms)
		AwakeInstancesAfterBackupRestoration (41ms)
Launched and connected shader compiler UnityShaderCompiler.exe after 0.08 seconds
Refreshing native plugins compatible for Editor in 4.77 ms, found 4 plugins.
Preloading 0 native plugins for Editor in 0.00 ms.
Unloading 220 Unused Serialized files (Serialized files now loaded: 0)
Unloading 6579 unused Assets / (5.1 MB). Loaded Objects now: 7313.
Memory consumption went from 184.3 MB to 179.1 MB.
Total: 21.125500 ms (FindLiveObjects: 1.388500 ms CreateObjectMapping: 1.839600 ms MarkObjects: 13.172600 ms  DeleteObjects: 4.723600 ms)

========================================================================
Received Import Request.
  Time since last request: 2732.441750 seconds.
  path: Assets/karsiori/TileMap/Tiles/Tilesheet - WOODS.png
  artifactKey: Guid(b425613db706e0a49821a35253ec9db1) Importer(815301076,1909f56bfc062723c751e8b465ee728b)
Start importing Assets/karsiori/TileMap/Tiles/Tilesheet - WOODS.png using Guid(b425613db706e0a49821a35253ec9db1) Importer(815301076,1909f56bfc062723c751e8b465ee728b) (PreviewImporter) -> (artifact id: 'af2f6f1381b4a8ce3fb9ca9d180aa516') in 0.507258 seconds
Number of updated asset objects reloaded before import = 0Number of asset objects unloaded after import = 90

========================================================================
Received Import Request.
  Time since last request: 0.000055 seconds.
  path: Assets/karsiori/TileMap/Decorations/BUSH FOREGROUND 1-4.png
  artifactKey: Guid(204aa51c2bf1ec24581c9d3474d90682) Importer(815301076,1909f56bfc062723c751e8b465ee728b)
Start importing Assets/karsiori/TileMap/Decorations/BUSH FOREGROUND 1-4.png using Guid(204aa51c2bf1ec24581c9d3474d90682) Importer(815301076,1909f56bfc062723c751e8b465ee728b) (PreviewImporter) -> (artifact id: 'deb2d40934864b945a7ed49a829a9403') in 0.0377149 seconds
Number of updated asset objects reloaded before import = 0Number of asset objects unloaded after import = 3

========================================================================
Received Import Request.
  Time since last request: 0.000039 seconds.
  path: Assets/karsiori/TileMap/Decorations/BUSH FOREGROUND 1-3.png
  artifactKey: Guid(a97b342cc5260f04cafe1eb0535e607f) Importer(815301076,1909f56bfc062723c751e8b465ee728b)
Start importing Assets/karsiori/TileMap/Decorations/BUSH FOREGROUND 1-3.png using Guid(a97b342cc5260f04cafe1eb0535e607f) Importer(815301076,1909f56bfc062723c751e8b465ee728b) (PreviewImporter) -> (artifact id: 'd8f445eba1dbfe97a206be18b7984583') in 0.0329687 seconds
Number of updated asset objects reloaded before import = 0Number of asset objects unloaded after import = 3

========================================================================
Received Import Request.
  Time since last request: 0.000050 seconds.
  path: Assets/karsiori/TileMap/Decorations/GRASS 2-1.png
  artifactKey: Guid(978dc763e47067149be399903ad6addb) Importer(815301076,1909f56bfc062723c751e8b465ee728b)
Start importing Assets/karsiori/TileMap/Decorations/GRASS 2-1.png using Guid(978dc763e47067149be399903ad6addb) Importer(815301076,1909f56bfc062723c751e8b465ee728b) (PreviewImporter) -> (artifact id: '02486e7eccff832594cf42e6f64f9a93') in 0.0897222 seconds
Number of updated asset objects reloaded before import = 0Number of asset objects unloaded after import = 3

========================================================================
Received Import Request.
  Time since last request: 0.000071 seconds.
  path: Assets/karsiori/TileMap/Decorations/GRASS 2-2.png
  artifactKey: Guid(1ee73367054f56241a4324eb7326adfa) Importer(815301076,1909f56bfc062723c751e8b465ee728b)
Start importing Assets/karsiori/TileMap/Decorations/GRASS 2-2.png using Guid(1ee73367054f56241a4324eb7326adfa) Importer(815301076,1909f56bfc062723c751e8b465ee728b) (PreviewImporter) -> (artifact id: '735498d7a48a6d926058cbb1cc5a3a97') in 0.0318217 seconds
Number of updated asset objects reloaded before import = 0Number of asset objects unloaded after import = 3

========================================================================
Received Import Request.
  Time since last request: 0.000058 seconds.
  path: Assets/karsiori/TileMap/Decorations/GRASS 3-2.png
  artifactKey: Guid(86647a41d202c7d42bb73668e9f329b0) Importer(815301076,1909f56bfc062723c751e8b465ee728b)
Start importing Assets/karsiori/TileMap/Decorations/GRASS 3-2.png using Guid(86647a41d202c7d42bb73668e9f329b0) Importer(815301076,1909f56bfc062723c751e8b465ee728b) (PreviewImporter) -> (artifact id: 'cc92509cf79ceb9e3c57350fd792cf24') in 0.0351068 seconds
Number of updated asset objects reloaded before import = 0Number of asset objects unloaded after import = 3

========================================================================
Received Import Request.
  Time since last request: 0.000024 seconds.
  path: Assets/karsiori/TileMap/Backgrounds/WOODS - Second.png
  artifactKey: Guid(066d770ac5ce1af4ca576794cfe6704e) Importer(815301076,1909f56bfc062723c751e8b465ee728b)
Start importing Assets/karsiori/TileMap/Backgrounds/WOODS - Second.png using Guid(066d770ac5ce1af4ca576794cfe6704e) Importer(815301076,1909f56bfc062723c751e8b465ee728b) (PreviewImporter) -> (artifact id: '7a82c70a5526466c47d48bfd25aa965a') in 0.036226 seconds
Number of updated asset objects reloaded before import = 0Number of asset objects unloaded after import = 3

========================================================================
Received Import Request.
  Time since last request: 0.000034 seconds.
  path: Assets/karsiori/TileMap/Decorations/GRASS 1-1.png
  artifactKey: Guid(0601d1c0d4f47414d8f4753656fb214d) Importer(815301076,1909f56bfc062723c751e8b465ee728b)
Start importing Assets/karsiori/TileMap/Decorations/GRASS 1-1.png using Guid(0601d1c0d4f47414d8f4753656fb214d) Importer(815301076,1909f56bfc062723c751e8b465ee728b) (PreviewImporter) -> (artifact id: 'f4f343bbae2eec966cdf6d22cbc74ced') in 0.0418035 seconds
Number of updated asset objects reloaded before import = 0Number of asset objects unloaded after import = 3

========================================================================
Received Import Request.
  Time since last request: 0.000046 seconds.
  path: Assets/karsiori/TileMap/Decorations/GRASS 1-2.png
  artifactKey: Guid(968fb733146be924a9feb390a617f3e5) Importer(815301076,1909f56bfc062723c751e8b465ee728b)
Start importing Assets/karsiori/TileMap/Decorations/GRASS 1-2.png using Guid(968fb733146be924a9feb390a617f3e5) Importer(815301076,1909f56bfc062723c751e8b465ee728b) (PreviewImporter) -> (artifact id: '28c22c46adf400b48111e7064c3c07e8') in 0.0382415 seconds
Number of updated asset objects reloaded before import = 0Number of asset objects unloaded after import = 3

========================================================================
Received Import Request.
  Time since last request: 0.000027 seconds.
  path: Assets/karsiori/TileMap/Decorations/GRASS 3-1.png
  artifactKey: Guid(99da83ba741f67f499ae9ac3544776b5) Importer(815301076,1909f56bfc062723c751e8b465ee728b)
Start importing Assets/karsiori/TileMap/Decorations/GRASS 3-1.png using Guid(99da83ba741f67f499ae9ac3544776b5) Importer(815301076,1909f56bfc062723c751e8b465ee728b) (PreviewImporter) -> (artifact id: '5e5680b77025ee13f2a98173f4c638e5') in 0.044893 seconds
Number of updated asset objects reloaded before import = 0Number of asset objects unloaded after import = 3

========================================================================
Received Import Request.
  Time since last request: 0.000029 seconds.
  path: Assets/karsiori/TileMap/Backgrounds/BUSH - BACKGROUND.png
  artifactKey: Guid(6e0fcddb85b3bfd4a9a26b3143f5d12a) Importer(815301076,1909f56bfc062723c751e8b465ee728b)
Start importing Assets/karsiori/TileMap/Backgrounds/BUSH - BACKGROUND.png using Guid(6e0fcddb85b3bfd4a9a26b3143f5d12a) Importer(815301076,1909f56bfc062723c751e8b465ee728b) (PreviewImporter) -> (artifact id: '5e8dfe87c7518d2f1fddd67a4e7039e8') in 0.0409964 seconds
Number of updated asset objects reloaded before import = 0Number of asset objects unloaded after import = 3

========================================================================
Received Import Request.
  Time since last request: 0.000046 seconds.
  path: Assets/karsiori/TileMap/Backgrounds/VINES - Second.png
  artifactKey: Guid(c3909c99bf845a24db9a162d677b6398) Importer(815301076,1909f56bfc062723c751e8b465ee728b)
Start importing Assets/karsiori/TileMap/Backgrounds/VINES - Second.png using Guid(c3909c99bf845a24db9a162d677b6398) Importer(815301076,1909f56bfc062723c751e8b465ee728b) (PreviewImporter) -> (artifact id: '4b715db674119eb0a9102573fb8020f8') in 0.0334051 seconds
Number of updated asset objects reloaded before import = 0Number of asset objects unloaded after import = 3

========================================================================
Received Import Request.
  Time since last request: 0.000035 seconds.
  path: Assets/karsiori/TileMap/Decorations/BUSH FOREGROUND 1-6.png
  artifactKey: Guid(052ccebcbaae6204f803204b2645d91c) Importer(815301076,1909f56bfc062723c751e8b465ee728b)
Start importing Assets/karsiori/TileMap/Decorations/BUSH FOREGROUND 1-6.png using Guid(052ccebcbaae6204f803204b2645d91c) Importer(815301076,1909f56bfc062723c751e8b465ee728b) (PreviewImporter) -> (artifact id: '3fa738f6130c4f7455a82503ed1c2692') in 0.0344697 seconds
Number of updated asset objects reloaded before import = 0Number of asset objects unloaded after import = 3

========================================================================
Received Import Request.
  Time since last request: 0.000032 seconds.
  path: Assets/karsiori/TileMap/Tiles/Tilesheet - WOODS_6.asset
  artifactKey: Guid(ff5d7bf85032bf64ea4ab58ad565ee45) Importer(815301076,1909f56bfc062723c751e8b465ee728b)
Start importing Assets/karsiori/TileMap/Tiles/Tilesheet - WOODS_6.asset using Guid(ff5d7bf85032bf64ea4ab58ad565ee45) Importer(815301076,1909f56bfc062723c751e8b465ee728b) (PreviewImporter) -> (artifact id: '0c6303ce3b21e89084d6f8ee36b74697') in 0.0812752 seconds
Number of updated asset objects reloaded before import = 0Number of asset objects unloaded after import = 3

========================================================================
Received Import Request.
  Time since last request: 0.000039 seconds.
  path: Assets/karsiori/TileMap/Decorations/BUSH FOREGROUND 1-7.png
  artifactKey: Guid(68304e1b7849e7843b7784e79792ff89) Importer(815301076,1909f56bfc062723c751e8b465ee728b)
Start importing Assets/karsiori/TileMap/Decorations/BUSH FOREGROUND 1-7.png using Guid(68304e1b7849e7843b7784e79792ff89) Importer(815301076,1909f56bfc062723c751e8b465ee728b) (PreviewImporter) -> (artifact id: '48804920d6daf4b1bcbf4b276bb12916') in 0.0255377 seconds
Number of updated asset objects reloaded before import = 0Number of asset objects unloaded after import = 3

========================================================================
Received Import Request.
  Time since last request: 0.000022 seconds.
  path: Assets/karsiori/TileMap/Backgrounds/WOODS - Fourth.png
  artifactKey: Guid(0e8e998796118084d8b33b5085a3560b) Importer(815301076,1909f56bfc062723c751e8b465ee728b)
Start importing Assets/karsiori/TileMap/Backgrounds/WOODS - Fourth.png using Guid(0e8e998796118084d8b33b5085a3560b) Importer(815301076,1909f56bfc062723c751e8b465ee728b) (PreviewImporter) -> (artifact id: 'b937a88cef28c3c4db4c6364f08160e6') in 0.0284456 seconds
Number of updated asset objects reloaded before import = 0Number of asset objects unloaded after import = 3

========================================================================
Received Import Request.
  Time since last request: 0.000019 seconds.
  path: Assets/karsiori/TileMap/Decorations/BUSH FOREGROUND 1-1.png
  artifactKey: Guid(390501f7c18ef384eb17584a5b462691) Importer(815301076,1909f56bfc062723c751e8b465ee728b)
Start importing Assets/karsiori/TileMap/Decorations/BUSH FOREGROUND 1-1.png using Guid(390501f7c18ef384eb17584a5b462691) Importer(815301076,1909f56bfc062723c751e8b465ee728b) (PreviewImporter) -> (artifact id: '9d790013fd99a3fbb072703612557c07') in 0.0197186 seconds
Number of updated asset objects reloaded before import = 0Number of asset objects unloaded after import = 3

========================================================================
Received Import Request.
  Time since last request: 0.000026 seconds.
  path: Assets/karsiori/TileMap/Tiles/Tilesheet - WOODS_10.asset
  artifactKey: Guid(8957af186e093f647bb7ff79bfc23fdb) Importer(815301076,1909f56bfc062723c751e8b465ee728b)
Start importing Assets/karsiori/TileMap/Tiles/Tilesheet - WOODS_10.asset using Guid(8957af186e093f647bb7ff79bfc23fdb) Importer(815301076,1909f56bfc062723c751e8b465ee728b) (PreviewImporter) -> (artifact id: 'fd97902719c4b05eae064750597e6b75') in 0.0217876 seconds
Number of updated asset objects reloaded before import = 0Number of asset objects unloaded after import = 3

========================================================================
Received Import Request.
  Time since last request: 0.000040 seconds.
  path: Assets/karsiori/TileMap/Backgrounds/WOODS - Third.png
  artifactKey: Guid(45367da5e1f745b4daacb977484a3704) Importer(815301076,1909f56bfc062723c751e8b465ee728b)
Start importing Assets/karsiori/TileMap/Backgrounds/WOODS - Third.png using Guid(45367da5e1f745b4daacb977484a3704) Importer(815301076,1909f56bfc062723c751e8b465ee728b) (PreviewImporter) -> (artifact id: '1cb03d284bbface8233b8117166fef57') in 0.0274112 seconds
Number of updated asset objects reloaded before import = 0Number of asset objects unloaded after import = 3

========================================================================
Received Import Request.
  Time since last request: 0.000026 seconds.
  path: Assets/karsiori/TileMap/Tiles/Tilesheet - WOODS_4.asset
  artifactKey: Guid(6e8de3d76be31834aac03dbad2304adb) Importer(815301076,1909f56bfc062723c751e8b465ee728b)
Start importing Assets/karsiori/TileMap/Tiles/Tilesheet - WOODS_4.asset using Guid(6e8de3d76be31834aac03dbad2304adb) Importer(815301076,1909f56bfc062723c751e8b465ee728b) (PreviewImporter) -> (artifact id: 'bec720434a76c23b988d305f0148a395') in 0.0231047 seconds
Number of updated asset objects reloaded before import = 0Number of asset objects unloaded after import = 3

========================================================================
Received Import Request.
  Time since last request: 0.000023 seconds.
  path: Assets/karsiori/TileMap/Tiles/Tilesheet - WOODS_8.asset
  artifactKey: Guid(094dd37345348064a8558780b21d4f98) Importer(815301076,1909f56bfc062723c751e8b465ee728b)
Start importing Assets/karsiori/TileMap/Tiles/Tilesheet - WOODS_8.asset using Guid(094dd37345348064a8558780b21d4f98) Importer(815301076,1909f56bfc062723c751e8b465ee728b) (PreviewImporter) -> (artifact id: '0dc33c0e717bbd1a5e1a921f76a10b8d') in 0.0223452 seconds
Number of updated asset objects reloaded before import = 0Number of asset objects unloaded after import = 3

========================================================================
Received Import Request.
  Time since last request: 0.000026 seconds.
  path: Assets/karsiori/TileMap/Backgrounds
  artifactKey: Guid(d74bfa70216838f48920b22d92b9b272) Importer(815301076,1909f56bfc062723c751e8b465ee728b)
Start importing Assets/karsiori/TileMap/Backgrounds using Guid(d74bfa70216838f48920b22d92b9b272) Importer(815301076,1909f56bfc062723c751e8b465ee728b) (PreviewImporter) -> (artifact id: 'b1051fda4c0268ae5482cf3e102339d6') in 0.0011729 seconds
Number of updated asset objects reloaded before import = 0Number of asset objects unloaded after import = 0

========================================================================
Received Import Request.
  Time since last request: 0.000080 seconds.
  path: Assets/karsiori/TileMap/Tiles/Tilesheet - WOODS_7.asset
  artifactKey: Guid(06a13e209e31d4e4783bef0cf85ff5e9) Importer(815301076,1909f56bfc062723c751e8b465ee728b)
Start importing Assets/karsiori/TileMap/Tiles/Tilesheet - WOODS_7.asset using Guid(06a13e209e31d4e4783bef0cf85ff5e9) Importer(815301076,1909f56bfc062723c751e8b465ee728b) (PreviewImporter) -> (artifact id: '87a390ebabc9da35b1567b05fd8bd938') in 0.0347016 seconds
Number of updated asset objects reloaded before import = 0Number of asset objects unloaded after import = 3

========================================================================
Received Import Request.
  Time since last request: 1.750455 seconds.
  path: Assets/karsiori/TileMap/Tiles/Tilesheet - WOODS_14.asset
  artifactKey: Guid(2f1cd3866e345c24e907ed9b3e88cd2d) Importer(815301076,1909f56bfc062723c751e8b465ee728b)
Start importing Assets/karsiori/TileMap/Tiles/Tilesheet - WOODS_14.asset using Guid(2f1cd3866e345c24e907ed9b3e88cd2d) Importer(815301076,1909f56bfc062723c751e8b465ee728b) (PreviewImporter) -> (artifact id: '8e9ec47af494a4e48a4639bdd6eaad54') in 0.3445313 seconds
Number of updated asset objects reloaded before import = 0Number of asset objects unloaded after import = 3

========================================================================
Received Import Request.
  Time since last request: 0.000368 seconds.
  path: Assets/karsiori/TileMap/Tiles/Tilesheet - WOODS_41.asset
  artifactKey: Guid(8775055d9fe32894fb2d26875a9620eb) Importer(815301076,1909f56bfc062723c751e8b465ee728b)
Start importing Assets/karsiori/TileMap/Tiles/Tilesheet - WOODS_41.asset using Guid(8775055d9fe32894fb2d26875a9620eb) Importer(815301076,1909f56bfc062723c751e8b465ee728b) (PreviewImporter) -> (artifact id: 'b59d073670c5306de52e47c20b2f9edf') in 0.1021296 seconds
Number of updated asset objects reloaded before import = 0Number of asset objects unloaded after import = 3

========================================================================
Received Import Request.
  Time since last request: 0.000092 seconds.
  path: Assets/karsiori/TileMap/Tiles/Tilesheet - WOODS_65.asset
  artifactKey: Guid(9a2c4bd459586f145acf8cedccb4af24) Importer(815301076,1909f56bfc062723c751e8b465ee728b)
Start importing Assets/karsiori/TileMap/Tiles/Tilesheet - WOODS_65.asset using Guid(9a2c4bd459586f145acf8cedccb4af24) Importer(815301076,1909f56bfc062723c751e8b465ee728b) (PreviewImporter) -> (artifact id: 'b8808abd5e7b36ef5958404c8881fccc') in 0.8822072 seconds
Number of updated asset objects reloaded before import = 0Number of asset objects unloaded after import = 3

========================================================================
Received Import Request.
  Time since last request: 0.000037 seconds.
  path: Assets/karsiori/TileMap/Tiles/Tilesheet - WOODS_40.asset
  artifactKey: Guid(bf913de136965a04493eddbf5c96054c) Importer(815301076,1909f56bfc062723c751e8b465ee728b)
Start importing Assets/karsiori/TileMap/Tiles/Tilesheet - WOODS_40.asset using Guid(bf913de136965a04493eddbf5c96054c) Importer(815301076,1909f56bfc062723c751e8b465ee728b) (PreviewImporter) -> (artifact id: '00f30efd2be24a8c765f5c6540d65d6a') in 0.0747426 seconds
Number of updated asset objects reloaded before import = 0Number of asset objects unloaded after import = 3

========================================================================
Received Import Request.
  Time since last request: 0.000057 seconds.
  path: Assets/karsiori/TileMap/Tiles/Tilesheet - WOODS_27.asset
  artifactKey: Guid(de486fe804d2dc647845caefa2b7415c) Importer(815301076,1909f56bfc062723c751e8b465ee728b)
Start importing Assets/karsiori/TileMap/Tiles/Tilesheet - WOODS_27.asset using Guid(de486fe804d2dc647845caefa2b7415c) Importer(815301076,1909f56bfc062723c751e8b465ee728b) (PreviewImporter) -> (artifact id: '8517a8dcaf96eac2f05079fb61d5a7dd') in 0.1023707 seconds
Number of updated asset objects reloaded before import = 0Number of asset objects unloaded after import = 3

========================================================================
Received Import Request.
  Time since last request: 0.000446 seconds.
  path: Assets/karsiori/TileMap/Tiles/Tilesheet - WOODS_28.asset
  artifactKey: Guid(c30676a20468f1343b7f6687ccafa51b) Importer(815301076,1909f56bfc062723c751e8b465ee728b)
Start importing Assets/karsiori/TileMap/Tiles/Tilesheet - WOODS_28.asset using Guid(c30676a20468f1343b7f6687ccafa51b) Importer(815301076,1909f56bfc062723c751e8b465ee728b) (PreviewImporter) -> (artifact id: '0cc51b727a8413513afb62d17f50dd49') in 0.0656235 seconds
Number of updated asset objects reloaded before import = 0Number of asset objects unloaded after import = 3

========================================================================
Received Import Request.
  Time since last request: 0.007571 seconds.
  path: Assets/karsiori/TileMap/Tiles/Tilesheet - WOODS_61.asset
  artifactKey: Guid(4bd2271b3d6a67444937f0c92bd67018) Importer(815301076,1909f56bfc062723c751e8b465ee728b)
Start importing Assets/karsiori/TileMap/Tiles/Tilesheet - WOODS_61.asset using Guid(4bd2271b3d6a67444937f0c92bd67018) Importer(815301076,1909f56bfc062723c751e8b465ee728b) (PreviewImporter) -> (artifact id: '84c70cf4719e5877b572c90dac7fd3a7') in 0.0500092 seconds
Number of updated asset objects reloaded before import = 0Number of asset objects unloaded after import = 3

========================================================================
Received Import Request.
  Time since last request: 0.000382 seconds.
  path: Assets/karsiori/TileMap/Tiles/Tilesheet - WOODS_23.asset
  artifactKey: Guid(a02a258e348d44447be48e199d885db9) Importer(815301076,1909f56bfc062723c751e8b465ee728b)
Start importing Assets/karsiori/TileMap/Tiles/Tilesheet - WOODS_23.asset using Guid(a02a258e348d44447be48e199d885db9) Importer(815301076,1909f56bfc062723c751e8b465ee728b) (PreviewImporter) -> (artifact id: 'f41a98f8e7dfd55b0b532e7e3d3ef2b0') in 0.0306066 seconds
Number of updated asset objects reloaded before import = 0Number of asset objects unloaded after import = 3

========================================================================
Received Import Request.
  Time since last request: 0.000052 seconds.
  path: Assets/karsiori/TileMap/Tiles/Tilesheet - WOODS_30.asset
  artifactKey: Guid(bfdfe9e169b2ab046845254e1bc615c9) Importer(815301076,1909f56bfc062723c751e8b465ee728b)
Start importing Assets/karsiori/TileMap/Tiles/Tilesheet - WOODS_30.asset using Guid(bfdfe9e169b2ab046845254e1bc615c9) Importer(815301076,1909f56bfc062723c751e8b465ee728b) (PreviewImporter) -> (artifact id: '51425f2f39c45a8d122beecd5e1fa59f') in 0.0285073 seconds
Number of updated asset objects reloaded before import = 0Number of asset objects unloaded after import = 3

========================================================================
Received Import Request.
  Time since last request: 0.000031 seconds.
  path: Assets/karsiori/TileMap/Tiles/Tilesheet - WOODS_15.asset
  artifactKey: Guid(7af7730f48b4b8643b73e4bb36b8d351) Importer(815301076,1909f56bfc062723c751e8b465ee728b)
Start importing Assets/karsiori/TileMap/Tiles/Tilesheet - WOODS_15.asset using Guid(7af7730f48b4b8643b73e4bb36b8d351) Importer(815301076,1909f56bfc062723c751e8b465ee728b) (PreviewImporter) -> (artifact id: 'c59104ac3ee8a0b4c3ddd44b4c325178') in 0.0246559 seconds
Number of updated asset objects reloaded before import = 0Number of asset objects unloaded after import = 3

========================================================================
Received Import Request.
  Time since last request: 0.000033 seconds.
  path: Assets/karsiori/TileMap/Tiles/Tilesheet - WOODS_31.asset
  artifactKey: Guid(1837ddfc38e26874c8fbf33413a4fe28) Importer(815301076,1909f56bfc062723c751e8b465ee728b)
Start importing Assets/karsiori/TileMap/Tiles/Tilesheet - WOODS_31.asset using Guid(1837ddfc38e26874c8fbf33413a4fe28) Importer(815301076,1909f56bfc062723c751e8b465ee728b) (PreviewImporter) -> (artifact id: '183fd38341a19437099170e63a5725b9') in 0.0306872 seconds
Number of updated asset objects reloaded before import = 0Number of asset objects unloaded after import = 3

========================================================================
Received Import Request.
  Time since last request: 0.000044 seconds.
  path: Assets/karsiori/TileMap/Tiles/Tilesheet - WOODS_71.asset
  artifactKey: Guid(36cbf8b8f9cc9014fb00c7ee7b59d85b) Importer(815301076,1909f56bfc062723c751e8b465ee728b)
Start importing Assets/karsiori/TileMap/Tiles/Tilesheet - WOODS_71.asset using Guid(36cbf8b8f9cc9014fb00c7ee7b59d85b) Importer(815301076,1909f56bfc062723c751e8b465ee728b) (PreviewImporter) -> (artifact id: '87ea6ac79a063d1fe5dece48b6c8db68') in 0.0258645 seconds
Number of updated asset objects reloaded before import = 0Number of asset objects unloaded after import = 3

========================================================================
Received Import Request.
  Time since last request: 0.000034 seconds.
  path: Assets/karsiori/TileMap/Tiles/Tilesheet - WOODS_55.asset
  artifactKey: Guid(575c86391df21464495585478ed89557) Importer(815301076,1909f56bfc062723c751e8b465ee728b)
Start importing Assets/karsiori/TileMap/Tiles/Tilesheet - WOODS_55.asset using Guid(575c86391df21464495585478ed89557) Importer(815301076,1909f56bfc062723c751e8b465ee728b) (PreviewImporter) -> (artifact id: '75c7dc2a1831f4a38def9e4803542f86') in 0.0267511 seconds
Number of updated asset objects reloaded before import = 0Number of asset objects unloaded after import = 3

========================================================================
Received Import Request.
  Time since last request: 0.000036 seconds.
  path: Assets/karsiori/TileMap/Tiles/Tilesheet - WOODS_17.asset
  artifactKey: Guid(d0ba0aece1cfe864ca3317c8391ef9b5) Importer(815301076,1909f56bfc062723c751e8b465ee728b)
Start importing Assets/karsiori/TileMap/Tiles/Tilesheet - WOODS_17.asset using Guid(d0ba0aece1cfe864ca3317c8391ef9b5) Importer(815301076,1909f56bfc062723c751e8b465ee728b) (PreviewImporter) -> (artifact id: '1f8a503ab812fd50bbcde6fb4a04b6b9') in 0.0247485 seconds
Number of updated asset objects reloaded before import = 0Number of asset objects unloaded after import = 3

========================================================================
Received Import Request.
  Time since last request: 0.000066 seconds.
  path: Assets/karsiori/TileMap/Tiles/Tilesheet - WOODS_68.asset
  artifactKey: Guid(8d16683b6547c684781df31363626cb2) Importer(815301076,1909f56bfc062723c751e8b465ee728b)
Start importing Assets/karsiori/TileMap/Tiles/Tilesheet - WOODS_68.asset using Guid(8d16683b6547c684781df31363626cb2) Importer(815301076,1909f56bfc062723c751e8b465ee728b) (PreviewImporter) -> (artifact id: '85ee6deb0b8eb84bac765567a57d0723') in 0.0165129 seconds
Number of updated asset objects reloaded before import = 0Number of asset objects unloaded after import = 3

========================================================================
Received Import Request.
  Time since last request: 0.000028 seconds.
  path: Assets/karsiori/TileMap/Tiles/Tilesheet - WOODS_34.asset
  artifactKey: Guid(71fa0f766d9658f41bdc53c39b9d6f21) Importer(815301076,1909f56bfc062723c751e8b465ee728b)
Start importing Assets/karsiori/TileMap/Tiles/Tilesheet - WOODS_34.asset using Guid(71fa0f766d9658f41bdc53c39b9d6f21) Importer(815301076,1909f56bfc062723c751e8b465ee728b) (PreviewImporter) -> (artifact id: '761c23f3c8164ed0a37cf4acff94fdad') in 0.0314203 seconds
Number of updated asset objects reloaded before import = 0Number of asset objects unloaded after import = 3

========================================================================
Received Import Request.
  Time since last request: 0.000035 seconds.
  path: Assets/karsiori/TileMap/Tiles/Tilesheet - WOODS_53.asset
  artifactKey: Guid(6d04f7a0d537f8345a1518988b1255e2) Importer(815301076,1909f56bfc062723c751e8b465ee728b)
Start importing Assets/karsiori/TileMap/Tiles/Tilesheet - WOODS_53.asset using Guid(6d04f7a0d537f8345a1518988b1255e2) Importer(815301076,1909f56bfc062723c751e8b465ee728b) (PreviewImporter) -> (artifact id: 'a72c544c437f99bcb07e57adb82ee44d') in 0.030547 seconds
Number of updated asset objects reloaded before import = 0Number of asset objects unloaded after import = 3

========================================================================
Received Import Request.
  Time since last request: 0.000044 seconds.
  path: Assets/karsiori/TileMap/Tiles/Tilesheet - WOODS_29.asset
  artifactKey: Guid(53acc36a9e4920b41975dd31e092b62a) Importer(815301076,1909f56bfc062723c751e8b465ee728b)
Start importing Assets/karsiori/TileMap/Tiles/Tilesheet - WOODS_29.asset using Guid(53acc36a9e4920b41975dd31e092b62a) Importer(815301076,1909f56bfc062723c751e8b465ee728b) (PreviewImporter) -> (artifact id: 'b0d8b129a47210c40c717b76c046f6db') in 0.0391216 seconds
Number of updated asset objects reloaded before import = 0Number of asset objects unloaded after import = 3

========================================================================
Received Import Request.
  Time since last request: 0.000031 seconds.
  path: Assets/karsiori/TileMap/Tiles/Tilesheet - WOODS_72.asset
  artifactKey: Guid(35a002b44883d0942929e424d3c5bb5e) Importer(815301076,1909f56bfc062723c751e8b465ee728b)
Start importing Assets/karsiori/TileMap/Tiles/Tilesheet - WOODS_72.asset using Guid(35a002b44883d0942929e424d3c5bb5e) Importer(815301076,1909f56bfc062723c751e8b465ee728b) (PreviewImporter) -> (artifact id: '6078de197e002f031e7c3f91389aa422') in 0.031344 seconds
Number of updated asset objects reloaded before import = 0Number of asset objects unloaded after import = 3

========================================================================
Received Import Request.
  Time since last request: 0.000049 seconds.
  path: Assets/karsiori/TileMap/Tiles/Tilesheet - WOODS_42.asset
  artifactKey: Guid(9418a91d3bc5ad3449c31778c048790f) Importer(815301076,1909f56bfc062723c751e8b465ee728b)
Start importing Assets/karsiori/TileMap/Tiles/Tilesheet - WOODS_42.asset using Guid(9418a91d3bc5ad3449c31778c048790f) Importer(815301076,1909f56bfc062723c751e8b465ee728b) (PreviewImporter) -> (artifact id: '37cc875ee4529eb511f8c7740e33bdcd') in 0.0352612 seconds
Number of updated asset objects reloaded before import = 0Number of asset objects unloaded after import = 3

========================================================================
Received Import Request.
  Time since last request: 0.000031 seconds.
  path: Assets/karsiori/TileMap/Tiles/Tilesheet - WOODS_38.asset
  artifactKey: Guid(252ca5911690afc41a21c9886b175631) Importer(815301076,1909f56bfc062723c751e8b465ee728b)
Start importing Assets/karsiori/TileMap/Tiles/Tilesheet - WOODS_38.asset using Guid(252ca5911690afc41a21c9886b175631) Importer(815301076,1909f56bfc062723c751e8b465ee728b) (PreviewImporter) -> (artifact id: '9829fb0f4b0b89807eea46f339fd39f6') in 0.0405413 seconds
Number of updated asset objects reloaded before import = 0Number of asset objects unloaded after import = 3

========================================================================
Received Import Request.
  Time since last request: 0.000035 seconds.
  path: Assets/karsiori/TileMap/Tiles/Tilesheet - WOODS_45.asset
  artifactKey: Guid(35b298bf341462e4095e32ad67cc37a9) Importer(815301076,1909f56bfc062723c751e8b465ee728b)
Start importing Assets/karsiori/TileMap/Tiles/Tilesheet - WOODS_45.asset using Guid(35b298bf341462e4095e32ad67cc37a9) Importer(815301076,1909f56bfc062723c751e8b465ee728b) (PreviewImporter) -> (artifact id: 'de369452d044daa1720fcc0c3e0fbbf9') in 0.0693631 seconds
Number of updated asset objects reloaded before import = 0Number of asset objects unloaded after import = 3

========================================================================
Received Import Request.
  Time since last request: 0.000045 seconds.
  path: Assets/karsiori/TileMap/Tiles/Tilesheet - WOODS_37.asset
  artifactKey: Guid(75abc7e4d64066d43817c8e608472486) Importer(815301076,1909f56bfc062723c751e8b465ee728b)
Start importing Assets/karsiori/TileMap/Tiles/Tilesheet - WOODS_37.asset using Guid(75abc7e4d64066d43817c8e608472486) Importer(815301076,1909f56bfc062723c751e8b465ee728b) (PreviewImporter) -> (artifact id: 'c00fe27002d1767d4463d37366d35b90') in 0.0456445 seconds
Number of updated asset objects reloaded before import = 0Number of asset objects unloaded after import = 3

========================================================================
Received Import Request.
  Time since last request: 0.000035 seconds.
  path: Assets/karsiori/TileMap/Tiles/Tilesheet - WOODS_59.asset
  artifactKey: Guid(18b9aafa1f6d69f4fba252f4f7537fc1) Importer(815301076,1909f56bfc062723c751e8b465ee728b)
Start importing Assets/karsiori/TileMap/Tiles/Tilesheet - WOODS_59.asset using Guid(18b9aafa1f6d69f4fba252f4f7537fc1) Importer(815301076,1909f56bfc062723c751e8b465ee728b) (PreviewImporter) -> (artifact id: '6ff466e5730c202dc9e28f8e4001cc1f') in 0.0309323 seconds
Number of updated asset objects reloaded before import = 0Number of asset objects unloaded after import = 3

========================================================================
Received Import Request.
  Time since last request: 0.000055 seconds.
  path: Assets/karsiori/TileMap/Tiles/Tilesheet - WOODS_46.asset
  artifactKey: Guid(ed23f2ec3411a8b4082d0c0ce32e7b81) Importer(815301076,1909f56bfc062723c751e8b465ee728b)
Start importing Assets/karsiori/TileMap/Tiles/Tilesheet - WOODS_46.asset using Guid(ed23f2ec3411a8b4082d0c0ce32e7b81) Importer(815301076,1909f56bfc062723c751e8b465ee728b) (PreviewImporter) -> (artifact id: '47d28f0bc0490e355033b2b8c85bb1ab') in 0.0639489 seconds
Number of updated asset objects reloaded before import = 0Number of asset objects unloaded after import = 3

========================================================================
Received Import Request.
  Time since last request: 0.000038 seconds.
  path: Assets/karsiori/TileMap/Tiles/Tilesheet - WOODS_25.asset
  artifactKey: Guid(6359062e2e25b934db5a935d4bcf1ff9) Importer(815301076,1909f56bfc062723c751e8b465ee728b)
Start importing Assets/karsiori/TileMap/Tiles/Tilesheet - WOODS_25.asset using Guid(6359062e2e25b934db5a935d4bcf1ff9) Importer(815301076,1909f56bfc062723c751e8b465ee728b) (PreviewImporter) -> (artifact id: '775760c0a6008f41e8972bb162258ba0') in 0.0346259 seconds
Number of updated asset objects reloaded before import = 0Number of asset objects unloaded after import = 3

========================================================================
Received Import Request.
  Time since last request: 0.000045 seconds.
  path: Assets/karsiori/TileMap/Tiles/Tilesheet - WOODS_67.asset
  artifactKey: Guid(4c5fe05048939be41b6d4df2062808b3) Importer(815301076,1909f56bfc062723c751e8b465ee728b)
Start importing Assets/karsiori/TileMap/Tiles/Tilesheet - WOODS_67.asset using Guid(4c5fe05048939be41b6d4df2062808b3) Importer(815301076,1909f56bfc062723c751e8b465ee728b) (PreviewImporter) -> (artifact id: 'f0519abcb1d38a3ec987cdd2e9d7e5cf') in 0.0576477 seconds
Number of updated asset objects reloaded before import = 0Number of asset objects unloaded after import = 3

========================================================================
Received Import Request.
  Time since last request: 0.000923 seconds.
  path: Assets/karsiori/TileMap/Tiles/Tilesheet - WOODS_48.asset
  artifactKey: Guid(922baf4a166a73d4ab3600ffe6c863ac) Importer(815301076,1909f56bfc062723c751e8b465ee728b)
Start importing Assets/karsiori/TileMap/Tiles/Tilesheet - WOODS_48.asset using Guid(922baf4a166a73d4ab3600ffe6c863ac) Importer(815301076,1909f56bfc062723c751e8b465ee728b) (PreviewImporter) -> (artifact id: 'ab2337f0749d32bb8ad1a385741635ae') in 0.0490159 seconds
Number of updated asset objects reloaded before import = 0Number of asset objects unloaded after import = 3

========================================================================
Received Import Request.
  Time since last request: 0.000042 seconds.
  path: Assets/karsiori/TileMap/Tiles/Tilesheet - WOODS_33.asset
  artifactKey: Guid(0aa13be0b5503e44994aa2ccd46e3e8d) Importer(815301076,1909f56bfc062723c751e8b465ee728b)
Start importing Assets/karsiori/TileMap/Tiles/Tilesheet - WOODS_33.asset using Guid(0aa13be0b5503e44994aa2ccd46e3e8d) Importer(815301076,1909f56bfc062723c751e8b465ee728b) (PreviewImporter) -> (artifact id: 'b302f5bfe3e650f498f1aa89f7e9a036') in 0.0319378 seconds
Number of updated asset objects reloaded before import = 0Number of asset objects unloaded after import = 3

========================================================================
Received Import Request.
  Time since last request: 0.000053 seconds.
  path: Assets/karsiori/TileMap/Tiles/Tilesheet - WOODS_57.asset
  artifactKey: Guid(3a2a73ee7d3ba0c4ebd81cde7c19fb83) Importer(815301076,1909f56bfc062723c751e8b465ee728b)
Start importing Assets/karsiori/TileMap/Tiles/Tilesheet - WOODS_57.asset using Guid(3a2a73ee7d3ba0c4ebd81cde7c19fb83) Importer(815301076,1909f56bfc062723c751e8b465ee728b) (PreviewImporter) -> (artifact id: 'cb242b22c2f1f055064c80c6caaf9095') in 0.0397584 seconds
Number of updated asset objects reloaded before import = 0Number of asset objects unloaded after import = 3

========================================================================
Received Import Request.
  Time since last request: 17.227029 seconds.
  path: Packages/com.unity.render-pipelines.universal/Runtime/Materials/SimpleLit.mat
  artifactKey: Guid(6a1143ee683302f4aa628c052723efc1) Importer(815301076,1909f56bfc062723c751e8b465ee728b)
Start importing Packages/com.unity.render-pipelines.universal/Runtime/Materials/SimpleLit.mat using Guid(6a1143ee683302f4aa628c052723efc1) Importer(815301076,1909f56bfc062723c751e8b465ee728b) (PreviewImporter) -> (artifact id: '87f2ab1ee671d191643ba7d42cf319dd') in 2.8083887 seconds
Number of updated asset objects reloaded before import = 0Number of asset objects unloaded after import = 2

========================================================================
Received Import Request.
  Time since last request: 0.000068 seconds.
  path: Packages/com.unity.render-pipelines.universal/Shaders/2D/VFXSpriteUnlit.shadergraph
  artifactKey: Guid(d7288f66e4fb0634c9afef98c31b722a) Importer(815301076,1909f56bfc062723c751e8b465ee728b)
Start importing Packages/com.unity.render-pipelines.universal/Shaders/2D/VFXSpriteUnlit.shadergraph using Guid(d7288f66e4fb0634c9afef98c31b722a) Importer(815301076,1909f56bfc062723c751e8b465ee728b) (PreviewImporter) -> (artifact id: '846674a1b53dc4b5170fafec38b2fa43') in 1.1853418 seconds
Number of updated asset objects reloaded before import = 0Number of asset objects unloaded after import = 2

========================================================================
Received Import Request.
  Time since last request: 0.000110 seconds.
  path: Assets/TextMesh Pro/Resources/Fonts & Materials/LiberationSans SDF - Outline.mat
  artifactKey: Guid(79459efec17a4d00a321bdcc27bbc385) Importer(815301076,1909f56bfc062723c751e8b465ee728b)
Start importing Assets/TextMesh Pro/Resources/Fonts & Materials/LiberationSans SDF - Outline.mat using Guid(79459efec17a4d00a321bdcc27bbc385) Importer(815301076,1909f56bfc062723c751e8b465ee728b) (PreviewImporter) -> (artifact id: '1be703b9ad246b56f904c2de7dd8533b') in 0.1768461 seconds
Number of updated asset objects reloaded before import = 0Number of asset objects unloaded after import = 2

========================================================================
Received Import Request.
  Time since last request: 0.000044 seconds.
  path: Assets/Fantasy Skybox FREE/Panoramics/FS017/FS017_Rainy.mat
  artifactKey: Guid(7a8675eb396637d43b4ba0a69cc715a5) Importer(815301076,1909f56bfc062723c751e8b465ee728b)
Start importing Assets/Fantasy Skybox FREE/Panoramics/FS017/FS017_Rainy.mat using Guid(7a8675eb396637d43b4ba0a69cc715a5) Importer(815301076,1909f56bfc062723c751e8b465ee728b) (PreviewImporter) -> (artifact id: '22bd1635b05b330a49bdb931321fb354') in 0.2161383 seconds
Number of updated asset objects reloaded before import = 0Number of asset objects unloaded after import = 2

========================================================================
Received Import Request.
  Time since last request: 0.000059 seconds.
  path: Assets/Fantasy Skybox FREE/Panoramics/FS017/FS017_Night.mat
  artifactKey: Guid(d3823126980dd98479f7761e6d47338a) Importer(815301076,1909f56bfc062723c751e8b465ee728b)
Start importing Assets/Fantasy Skybox FREE/Panoramics/FS017/FS017_Night.mat using Guid(d3823126980dd98479f7761e6d47338a) Importer(815301076,1909f56bfc062723c751e8b465ee728b) (PreviewImporter) -> (artifact id: '42db09a67414615a7af43359dca75ce0') in 0.1252822 seconds
Number of updated asset objects reloaded before import = 0Number of asset objects unloaded after import = 2

========================================================================
Received Import Request.
  Time since last request: 0.000082 seconds.
  path: Packages/com.unity.2d.psdimporter/Editor/Assets/root-blue.mat
  artifactKey: Guid(28638862ea1084726a3511cd325fc53d) Importer(815301076,1909f56bfc062723c751e8b465ee728b)
Start importing Packages/com.unity.2d.psdimporter/Editor/Assets/root-blue.mat using Guid(28638862ea1084726a3511cd325fc53d) Importer(815301076,1909f56bfc062723c751e8b465ee728b) (PreviewImporter) -> (artifact id: 'b260057e39638337e562e38ead0c81c0') in 0.0197886 seconds
Number of updated asset objects reloaded before import = 0Number of asset objects unloaded after import = 1

========================================================================
Received Import Request.
  Time since last request: 0.000047 seconds.
  path: Packages/com.unity.render-pipelines.universal/Editor/SceneTemplates/Standard/Materials/White.mat
  artifactKey: Guid(f96821bbefeea864b9b418af4b8615ac) Importer(815301076,1909f56bfc062723c751e8b465ee728b)
Start importing Packages/com.unity.render-pipelines.universal/Editor/SceneTemplates/Standard/Materials/White.mat using Guid(f96821bbefeea864b9b418af4b8615ac) Importer(815301076,1909f56bfc062723c751e8b465ee728b) (PreviewImporter) -> (artifact id: '30a68eddb2ca451fc8770244d6ce81f1') in 0.0273305 seconds
Number of updated asset objects reloaded before import = 0Number of asset objects unloaded after import = 1

========================================================================
Received Import Request.
  Time since last request: 0.000028 seconds.
  path: Packages/com.unity.render-pipelines.universal/Shaders/2D/VFXSpriteLit.shadergraph
  artifactKey: Guid(24a73dccd7b6fad4798be282f96a21f4) Importer(815301076,1909f56bfc062723c751e8b465ee728b)
Start importing Packages/com.unity.render-pipelines.universal/Shaders/2D/VFXSpriteLit.shadergraph using Guid(24a73dccd7b6fad4798be282f96a21f4) Importer(815301076,1909f56bfc062723c751e8b465ee728b) (PreviewImporter) -> (artifact id: '9ffe411eeb5c087ffd667da54f2cfd2f') in 0.761389 seconds
Number of updated asset objects reloaded before import = 0Number of asset objects unloaded after import = 2

========================================================================
Received Import Request.
  Time since last request: 0.000043 seconds.
  path: Assets/Fantasy Skybox FREE/Panoramics/FS017/FS017_Sunrise.mat
  artifactKey: Guid(39d27e80110a983468075fd1868610d7) Importer(815301076,1909f56bfc062723c751e8b465ee728b)
Start importing Assets/Fantasy Skybox FREE/Panoramics/FS017/FS017_Sunrise.mat using Guid(39d27e80110a983468075fd1868610d7) Importer(815301076,1909f56bfc062723c751e8b465ee728b) (PreviewImporter) -> (artifact id: 'aec14bd085b962841dfcb0365c461c1b') in 0.1000571 seconds
Number of updated asset objects reloaded before import = 0Number of asset objects unloaded after import = 2

========================================================================
Received Import Request.
  Time since last request: 0.000085 seconds.
  path: Packages/com.unity.render-pipelines.universal/Shaders/Nature/SpeedTree9_URP.shadergraph
  artifactKey: Guid(cbd3e1cc4ae141c42a30e33b4d666a61) Importer(815301076,1909f56bfc062723c751e8b465ee728b)
Start importing Packages/com.unity.render-pipelines.universal/Shaders/Nature/SpeedTree9_URP.shadergraph using Guid(cbd3e1cc4ae141c42a30e33b4d666a61) Importer(815301076,1909f56bfc062723c751e8b465ee728b) (PreviewImporter) -> (artifact id: '32288682f505d6147dbd0dbfe3bafa60') in 1.8493171 seconds
Number of updated asset objects reloaded before import = 0Number of asset objects unloaded after import = 0

========================================================================
Received Import Request.
  Time since last request: 0.000050 seconds.
  path: Packages/com.unity.render-pipelines.universal/Runtime/Materials/FullscreenInvertColors.mat
  artifactKey: Guid(78a08787ca30045abb69f6f7dd878e09) Importer(815301076,1909f56bfc062723c751e8b465ee728b)
Start importing Packages/com.unity.render-pipelines.universal/Runtime/Materials/FullscreenInvertColors.mat using Guid(78a08787ca30045abb69f6f7dd878e09) Importer(815301076,1909f56bfc062723c751e8b465ee728b) (PreviewImporter) -> (artifact id: '16a837a4128c116386a1c4541bbfeed2') in 0.4412134 seconds
Number of updated asset objects reloaded before import = 0Number of asset objects unloaded after import = 2

========================================================================
Received Import Request.
  Time since last request: 0.000054 seconds.
  path: Packages/com.unity.render-pipelines.universal/Runtime/Materials/Sprite-Lit-Default.mat
  artifactKey: Guid(a97c105638bdf8b4a8650670310a4cd3) Importer(815301076,1909f56bfc062723c751e8b465ee728b)
Start importing Packages/com.unity.render-pipelines.universal/Runtime/Materials/Sprite-Lit-Default.mat using Guid(a97c105638bdf8b4a8650670310a4cd3) Importer(815301076,1909f56bfc062723c751e8b465ee728b) (PreviewImporter) -> (artifact id: '60a57ae335aafe041b6dc2efb83a551d') in 0.0380318 seconds
Number of updated asset objects reloaded before import = 0Number of asset objects unloaded after import = 0

========================================================================
Received Import Request.
  Time since last request: 0.000040 seconds.
  path: Packages/com.unity.render-pipelines.universal/Runtime/Materials/Lit.mat
  artifactKey: Guid(31321ba15b8f8eb4c954353edc038b1d) Importer(815301076,1909f56bfc062723c751e8b465ee728b)
Start importing Packages/com.unity.render-pipelines.universal/Runtime/Materials/Lit.mat using Guid(31321ba15b8f8eb4c954353edc038b1d) Importer(815301076,1909f56bfc062723c751e8b465ee728b) (PreviewImporter) -> (artifact id: '1b771c074f7d0afebf61f6b1c12ff8fb') in 0.0112802 seconds
Number of updated asset objects reloaded before import = 0Number of asset objects unloaded after import = 0

========================================================================
Received Import Request.
  Time since last request: 0.000041 seconds.
  path: Packages/com.unity.render-pipelines.universal/Runtime/Materials/PhysicalMaterial3DsMax/PhysicalMaterial3DsMax.shadergraph
  artifactKey: Guid(44245ab89240f51459a5077d7145c452) Importer(815301076,1909f56bfc062723c751e8b465ee728b)
Start importing Packages/com.unity.render-pipelines.universal/Runtime/Materials/PhysicalMaterial3DsMax/PhysicalMaterial3DsMax.shadergraph using Guid(44245ab89240f51459a5077d7145c452) Importer(815301076,1909f56bfc062723c751e8b465ee728b) (PreviewImporter) -> (artifact id: '1304144b0c3e0d91d8248889ceb08414') in 0.7714019 seconds
Number of updated asset objects reloaded before import = 0Number of asset objects unloaded after import = 5

========================================================================
Received Import Request.
  Time since last request: 0.000037 seconds.
  path: Assets/Modern GDR - Free icons pack/01_Demo/Font/IbarraRealNova-Regular SDF.asset
  artifactKey: Guid(d562c46e05200274eb14638dd2def1d9) Importer(815301076,1909f56bfc062723c751e8b465ee728b)
Start importing Assets/Modern GDR - Free icons pack/01_Demo/Font/IbarraRealNova-Regular SDF.asset using Guid(d562c46e05200274eb14638dd2def1d9) Importer(815301076,1909f56bfc062723c751e8b465ee728b) (PreviewImporter) -> (artifact id: '85e4ce14da53386a07453b10e561b1c8') in 0.0822526 seconds
Number of updated asset objects reloaded before import = 0Number of asset objects unloaded after import = 6

========================================================================
Received Import Request.
  Time since last request: 0.000060 seconds.
  path: Packages/com.unity.render-pipelines.universal/Runtime/Materials/ParticlesUnlit.mat
  artifactKey: Guid(e823cd5b5d27c0f4b8256e7c12ee3e6d) Importer(815301076,1909f56bfc062723c751e8b465ee728b)
Start importing Packages/com.unity.render-pipelines.universal/Runtime/Materials/ParticlesUnlit.mat using Guid(e823cd5b5d27c0f4b8256e7c12ee3e6d) Importer(815301076,1909f56bfc062723c751e8b465ee728b) (PreviewImporter) -> (artifact id: '9051336b94c52f2715c01afda376571a') in 0.5195436 seconds
Number of updated asset objects reloaded before import = 0Number of asset objects unloaded after import = 0

========================================================================
Received Import Request.
  Time since last request: 0.000051 seconds.
  path: Packages/com.unity.render-pipelines.universal/Editor/SceneTemplates/Standard/Materials/Gold.mat
  artifactKey: Guid(c2e40fa84d53ccd428f640eac126b1fb) Importer(815301076,1909f56bfc062723c751e8b465ee728b)
Start importing Packages/com.unity.render-pipelines.universal/Editor/SceneTemplates/Standard/Materials/Gold.mat using Guid(c2e40fa84d53ccd428f640eac126b1fb) Importer(815301076,1909f56bfc062723c751e8b465ee728b) (PreviewImporter) -> (artifact id: '002b305a62fa4fc123ffc0be66d1bdcb') in 0.0228398 seconds
Number of updated asset objects reloaded before import = 0Number of asset objects unloaded after import = 1

========================================================================
Received Import Request.
  Time since last request: 0.000044 seconds.
  path: Assets/Modern GDR - Free icons pack/01_Demo/Font/Jost-SemiBold SDF.asset
  artifactKey: Guid(9e7b2e80e2281274ba94b922835bc498) Importer(815301076,1909f56bfc062723c751e8b465ee728b)
Start importing Assets/Modern GDR - Free icons pack/01_Demo/Font/Jost-SemiBold SDF.asset using Guid(9e7b2e80e2281274ba94b922835bc498) Importer(815301076,1909f56bfc062723c751e8b465ee728b) (PreviewImporter) -> (artifact id: 'b89323b1eccf3144b7f2173e6d9c71eb') in 0.0448234 seconds
Number of updated asset objects reloaded before import = 0Number of asset objects unloaded after import = 6

========================================================================
Received Import Request.
  Time since last request: 0.000033 seconds.
  path: Assets/Fantasy Skybox FREE/Panoramics/FS017/FS017_Night_Moonless.mat
  artifactKey: Guid(48d4f62e2d5af1643a431d2f4b07ccbb) Importer(815301076,1909f56bfc062723c751e8b465ee728b)
Start importing Assets/Fantasy Skybox FREE/Panoramics/FS017/FS017_Night_Moonless.mat using Guid(48d4f62e2d5af1643a431d2f4b07ccbb) Importer(815301076,1909f56bfc062723c751e8b465ee728b) (PreviewImporter) -> (artifact id: 'e31000c1d54c06e3d6f9530f8f845e09') in 0.0858587 seconds
Number of updated asset objects reloaded before import = 0Number of asset objects unloaded after import = 2

========================================================================
Received Import Request.
  Time since last request: 0.000044 seconds.
  path: Assets/Fantasy Skybox FREE/Panoramics/FS017/FS017_Sunset.mat
  artifactKey: Guid(aed657681c6812845bb7736c343b5e9b) Importer(815301076,1909f56bfc062723c751e8b465ee728b)
Start importing Assets/Fantasy Skybox FREE/Panoramics/FS017/FS017_Sunset.mat using Guid(aed657681c6812845bb7736c343b5e9b) Importer(815301076,1909f56bfc062723c751e8b465ee728b) (PreviewImporter) -> (artifact id: '3879b7dfd91022ac8de3d8494cff8370') in 0.1036725 seconds
Number of updated asset objects reloaded before import = 0Number of asset objects unloaded after import = 2

========================================================================
Received Import Request.
  Time since last request: 0.000058 seconds.
  path: Packages/com.unity.render-pipelines.universal/Runtime/Materials/SpriteMask-Default.mat
  artifactKey: Guid(15d0c3709176029428a0da2f8cecf0b5) Importer(815301076,1909f56bfc062723c751e8b465ee728b)
Start importing Packages/com.unity.render-pipelines.universal/Runtime/Materials/SpriteMask-Default.mat using Guid(15d0c3709176029428a0da2f8cecf0b5) Importer(815301076,1909f56bfc062723c751e8b465ee728b) (PreviewImporter) -> (artifact id: 'd9647efa41668846e3062b809fecdb25') in 0.0294635 seconds
Number of updated asset objects reloaded before import = 0Number of asset objects unloaded after import = 0

========================================================================
Received Import Request.
  Time since last request: 0.000056 seconds.
  path: Packages/com.unity.render-pipelines.universal/Runtime/Materials/PhysicalMaterial3DsMax/PhysicalMaterial3DsMaxTransparent.shadergraph
  artifactKey: Guid(1a207e3bee00db44b940e6f362a8e148) Importer(815301076,1909f56bfc062723c751e8b465ee728b)
Start importing Packages/com.unity.render-pipelines.universal/Runtime/Materials/PhysicalMaterial3DsMax/PhysicalMaterial3DsMaxTransparent.shadergraph using Guid(1a207e3bee00db44b940e6f362a8e148) Importer(815301076,1909f56bfc062723c751e8b465ee728b) (PreviewImporter) -> (artifact id: 'fde675cdbde8c5363ac62f369993a00a') in 0.6330097 seconds
Number of updated asset objects reloaded before import = 0Number of asset objects unloaded after import = 5

========================================================================
Received Import Request.
  Time since last request: 37.391243 seconds.
  path: Assets/GameInputControllerIconsFree/keyboard/keyboard-solid/m.png
  artifactKey: Guid(48c1ee20d02026a4bbd29a925b5ae4c0) Importer(815301076,1909f56bfc062723c751e8b465ee728b)
Start importing Assets/GameInputControllerIconsFree/keyboard/keyboard-solid/m.png using Guid(48c1ee20d02026a4bbd29a925b5ae4c0) Importer(815301076,1909f56bfc062723c751e8b465ee728b) (PreviewImporter) -> (artifact id: '0e9ead63150de612482db78ca7e398d0') in 0.0359477 seconds
Number of updated asset objects reloaded before import = 1Number of asset objects unloaded after import = 3

========================================================================
Received Import Request.
  Time since last request: 0.000083 seconds.
  path: Assets/GameInputControllerIconsFree/keyboard/keyboard-outlined/mac.png
  artifactKey: Guid(b7b6b0dbb47baac41a20105c17ab7cac) Importer(815301076,1909f56bfc062723c751e8b465ee728b)
Start importing Assets/GameInputControllerIconsFree/keyboard/keyboard-outlined/mac.png using Guid(b7b6b0dbb47baac41a20105c17ab7cac) Importer(815301076,1909f56bfc062723c751e8b465ee728b) (PreviewImporter) -> (artifact id: '703237f49ab16bced6650b1ff9a2c9ac') in 0.1096488 seconds
Number of updated asset objects reloaded before import = 0Number of asset objects unloaded after import = 3

========================================================================
Received Import Request.
  Time since last request: 64.195778 seconds.
  path: Assets/GameInputControllerIconsFree/keyboard/keyboard-outlined/1.png
  artifactKey: Guid(a1be7975f18288b47a4e708f647fa2dc) Importer(815301076,1909f56bfc062723c751e8b465ee728b)
Start importing Assets/GameInputControllerIconsFree/keyboard/keyboard-outlined/1.png using Guid(a1be7975f18288b47a4e708f647fa2dc) Importer(815301076,1909f56bfc062723c751e8b465ee728b) (PreviewImporter) -> (artifact id: '39389374ae5e66aeeb2054060aadecf8') in 0.0289304 seconds
Number of updated asset objects reloaded before import = 0Number of asset objects unloaded after import = 3

========================================================================
Received Import Request.
  Time since last request: 0.000041 seconds.
  path: Assets/GameInputControllerIconsFree/keyboard/keyboard-outlined/3.png
  artifactKey: Guid(f30a27395fa5a8449af8c57acc037815) Importer(815301076,1909f56bfc062723c751e8b465ee728b)
Start importing Assets/GameInputControllerIconsFree/keyboard/keyboard-outlined/3.png using Guid(f30a27395fa5a8449af8c57acc037815) Importer(815301076,1909f56bfc062723c751e8b465ee728b) (PreviewImporter) -> (artifact id: 'b1a7f4a08e7accffdb37fcbac37f2c4f') in 0.0264574 seconds
Number of updated asset objects reloaded before import = 0Number of asset objects unloaded after import = 3

========================================================================
Received Import Request.
  Time since last request: 0.000040 seconds.
  path: Assets/GameInputControllerIconsFree/keyboard/keyboard-outlined/5.png
  artifactKey: Guid(841345cae8499494580f8320fa548a04) Importer(815301076,1909f56bfc062723c751e8b465ee728b)
Start importing Assets/GameInputControllerIconsFree/keyboard/keyboard-outlined/5.png using Guid(841345cae8499494580f8320fa548a04) Importer(815301076,1909f56bfc062723c751e8b465ee728b) (PreviewImporter) -> (artifact id: 'a91183db01d2a060a5bfa6d4beb66ba3') in 0.0222577 seconds
Number of updated asset objects reloaded before import = 0Number of asset objects unloaded after import = 3

========================================================================
Received Import Request.
  Time since last request: 0.000035 seconds.
  path: Assets/GameInputControllerIconsFree/keyboard/keyboard-outlined/7.png
  artifactKey: Guid(f53a567306359d345beae5bdb15d965e) Importer(815301076,1909f56bfc062723c751e8b465ee728b)
Start importing Assets/GameInputControllerIconsFree/keyboard/keyboard-outlined/7.png using Guid(f53a567306359d345beae5bdb15d965e) Importer(815301076,1909f56bfc062723c751e8b465ee728b) (PreviewImporter) -> (artifact id: '46d711f450258cb5f18c7c09be46dc6e') in 0.0376434 seconds
Number of updated asset objects reloaded before import = 0Number of asset objects unloaded after import = 3

========================================================================
Received Import Request.
  Time since last request: 0.000035 seconds.
  path: Assets/GameInputControllerIconsFree/keyboard/keyboard-outlined/9.png
  artifactKey: Guid(4ca07e376f2533746975806d0351d2f5) Importer(815301076,1909f56bfc062723c751e8b465ee728b)
Start importing Assets/GameInputControllerIconsFree/keyboard/keyboard-outlined/9.png using Guid(4ca07e376f2533746975806d0351d2f5) Importer(815301076,1909f56bfc062723c751e8b465ee728b) (PreviewImporter) -> (artifact id: '737c610b61af7a3699a28d92f80673dd') in 0.0250603 seconds
Number of updated asset objects reloaded before import = 0Number of asset objects unloaded after import = 3

========================================================================
Received Import Request.
  Time since last request: 0.003179 seconds.
  path: Assets/GameInputControllerIconsFree/keyboard/keyboard-outlined/alt.png
  artifactKey: Guid(0bab853a642a70041a8cdee3fae21c6f) Importer(815301076,1909f56bfc062723c751e8b465ee728b)
Start importing Assets/GameInputControllerIconsFree/keyboard/keyboard-outlined/alt.png using Guid(0bab853a642a70041a8cdee3fae21c6f) Importer(815301076,1909f56bfc062723c751e8b465ee728b) (PreviewImporter) -> (artifact id: '86666b94458ad256d2bbb6a62b738802') in 0.0266309 seconds
Number of updated asset objects reloaded before import = 0Number of asset objects unloaded after import = 3

========================================================================
Received Import Request.
  Time since last request: 0.066243 seconds.
  path: Assets/GameInputControllerIconsFree/keyboard/keyboard-outlined/arrow-left.png
  artifactKey: Guid(17760f9e1b48ec3448520e717d358d52) Importer(815301076,1909f56bfc062723c751e8b465ee728b)
Start importing Assets/GameInputControllerIconsFree/keyboard/keyboard-outlined/arrow-left.png using Guid(17760f9e1b48ec3448520e717d358d52) Importer(815301076,1909f56bfc062723c751e8b465ee728b) (PreviewImporter) -> (artifact id: '805c64a5d7218f8526a2a50d4d40e7c3') in 0.0309036 seconds
Number of updated asset objects reloaded before import = 0Number of asset objects unloaded after import = 3

========================================================================
Received Import Request.
  Time since last request: 0.792161 seconds.
  path: Assets/GameInputControllerIconsFree/keyboard/keyboard-outlined/b.png
  artifactKey: Guid(9267ace75113a5d43b21a289a6c43806) Importer(815301076,1909f56bfc062723c751e8b465ee728b)
Start importing Assets/GameInputControllerIconsFree/keyboard/keyboard-outlined/b.png using Guid(9267ace75113a5d43b21a289a6c43806) Importer(815301076,1909f56bfc062723c751e8b465ee728b) (PreviewImporter) -> (artifact id: '3b02da5569d3cef7ef7d91781cb7eca1') in 0.0241467 seconds
Number of updated asset objects reloaded before import = 0Number of asset objects unloaded after import = 3

========================================================================
Received Import Request.
  Time since last request: 0.208716 seconds.
  path: Assets/GameInputControllerIconsFree/keyboard/keyboard-outlined/bracket-close.png
  artifactKey: Guid(ca555898a0ee0bb46b2e46a661eac286) Importer(815301076,1909f56bfc062723c751e8b465ee728b)
Start importing Assets/GameInputControllerIconsFree/keyboard/keyboard-outlined/bracket-close.png using Guid(ca555898a0ee0bb46b2e46a661eac286) Importer(815301076,1909f56bfc062723c751e8b465ee728b) (PreviewImporter) -> (artifact id: '3f53904e4db499dbe75c30c0a4ec2aa0') in 0.0518215 seconds
Number of updated asset objects reloaded before import = 0Number of asset objects unloaded after import = 3

========================================================================
Received Import Request.
  Time since last request: 0.012566 seconds.
  path: Assets/GameInputControllerIconsFree/keyboard/keyboard-outlined/c.png
  artifactKey: Guid(67c48c55f7c3185499c0abf4c3e51e19) Importer(815301076,1909f56bfc062723c751e8b465ee728b)
Start importing Assets/GameInputControllerIconsFree/keyboard/keyboard-outlined/c.png using Guid(67c48c55f7c3185499c0abf4c3e51e19) Importer(815301076,1909f56bfc062723c751e8b465ee728b) (PreviewImporter) -> (artifact id: '85106b0684455e4fb4d53f52ea150605') in 0.0490898 seconds
Number of updated asset objects reloaded before import = 0Number of asset objects unloaded after import = 3

========================================================================
Received Import Request.
  Time since last request: 0.006946 seconds.
  path: Assets/GameInputControllerIconsFree/keyboard/keyboard-outlined/comma.png
  artifactKey: Guid(20b0f68ea07a0a749bd91ad39a13b0eb) Importer(815301076,1909f56bfc062723c751e8b465ee728b)
Start importing Assets/GameInputControllerIconsFree/keyboard/keyboard-outlined/comma.png using Guid(20b0f68ea07a0a749bd91ad39a13b0eb) Importer(815301076,1909f56bfc062723c751e8b465ee728b) (PreviewImporter) -> (artifact id: '109f273b46ded16c633b39af1a01b917') in 0.0226842 seconds
Number of updated asset objects reloaded before import = 0Number of asset objects unloaded after import = 3

========================================================================
Received Import Request.
  Time since last request: 0.000045 seconds.
  path: Assets/GameInputControllerIconsFree/keyboard/keyboard-outlined/ctrl.png
  artifactKey: Guid(d9fae4f1f9a57334e8466b0fed6cf1d5) Importer(815301076,1909f56bfc062723c751e8b465ee728b)
Start importing Assets/GameInputControllerIconsFree/keyboard/keyboard-outlined/ctrl.png using Guid(d9fae4f1f9a57334e8466b0fed6cf1d5) Importer(815301076,1909f56bfc062723c751e8b465ee728b) (PreviewImporter) -> (artifact id: 'b7279a18575cac121ee1856e51bde6d6') in 0.0230315 seconds
Number of updated asset objects reloaded before import = 0Number of asset objects unloaded after import = 3

========================================================================
Received Import Request.
  Time since last request: 0.000042 seconds.
  path: Assets/GameInputControllerIconsFree/keyboard/keyboard-outlined/del.png
  artifactKey: Guid(c88bc0b08f17dae44af85b1bd7ac5491) Importer(815301076,1909f56bfc062723c751e8b465ee728b)
Start importing Assets/GameInputControllerIconsFree/keyboard/keyboard-outlined/del.png using Guid(c88bc0b08f17dae44af85b1bd7ac5491) Importer(815301076,1909f56bfc062723c751e8b465ee728b) (PreviewImporter) -> (artifact id: '7c5f70eaec1e8ce05502caa5fdd80fd4') in 0.0214836 seconds
Number of updated asset objects reloaded before import = 0Number of asset objects unloaded after import = 3

========================================================================
Received Import Request.
  Time since last request: 0.000033 seconds.
  path: Assets/GameInputControllerIconsFree/keyboard/keyboard-outlined/e.png
  artifactKey: Guid(6245ef681e7d5004ba343f7b05c31754) Importer(815301076,1909f56bfc062723c751e8b465ee728b)
Start importing Assets/GameInputControllerIconsFree/keyboard/keyboard-outlined/e.png using Guid(6245ef681e7d5004ba343f7b05c31754) Importer(815301076,1909f56bfc062723c751e8b465ee728b) (PreviewImporter) -> (artifact id: 'efa179e2ecadaa141f7a31dd1dc07c82') in 0.0249084 seconds
Number of updated asset objects reloaded before import = 0Number of asset objects unloaded after import = 3

========================================================================
Received Import Request.
  Time since last request: 0.000030 seconds.
  path: Assets/GameInputControllerIconsFree/keyboard/keyboard-outlined/enter.png
  artifactKey: Guid(b029f3d017d97a44989f8e283c0ab7f7) Importer(815301076,1909f56bfc062723c751e8b465ee728b)
Start importing Assets/GameInputControllerIconsFree/keyboard/keyboard-outlined/enter.png using Guid(b029f3d017d97a44989f8e283c0ab7f7) Importer(815301076,1909f56bfc062723c751e8b465ee728b) (PreviewImporter) -> (artifact id: '3446bb2388885d6bf3be096e642df71c') in 0.0256022 seconds
Number of updated asset objects reloaded before import = 0Number of asset objects unloaded after import = 3

========================================================================
Received Import Request.
  Time since last request: 0.000104 seconds.
  path: Assets/GameInputControllerIconsFree/keyboard/keyboard-outlined/f.png
  artifactKey: Guid(fa78b52c3e5e1d14ca72533afd2692ac) Importer(815301076,1909f56bfc062723c751e8b465ee728b)
Start importing Assets/GameInputControllerIconsFree/keyboard/keyboard-outlined/f.png using Guid(fa78b52c3e5e1d14ca72533afd2692ac) Importer(815301076,1909f56bfc062723c751e8b465ee728b) (PreviewImporter) -> (artifact id: 'd552361b6af3770bb91de9b1ea16912f') in 0.0326816 seconds
Number of updated asset objects reloaded before import = 0Number of asset objects unloaded after import = 3

========================================================================
Received Import Request.
  Time since last request: 2.363684 seconds.
  path: Assets/GameInputControllerIconsFree/keyboard/keyboard-outlined/f2.png
  artifactKey: Guid(754fea436c444f944a018e844756220e) Importer(815301076,1909f56bfc062723c751e8b465ee728b)
Start importing Assets/GameInputControllerIconsFree/keyboard/keyboard-outlined/f2.png using Guid(754fea436c444f944a018e844756220e) Importer(815301076,1909f56bfc062723c751e8b465ee728b) (PreviewImporter) -> (artifact id: '1f3675b9d85ce47f022d302acdfa67ab') in 0.0312428 seconds
Number of updated asset objects reloaded before import = 0Number of asset objects unloaded after import = 3

========================================================================
Received Prepare
Refreshing native plugins compatible for Editor in 2.63 ms, found 4 plugins.
Preloading 0 native plugins for Editor in 0.00 ms.
Unloading 18 Unused Serialized files (Serialized files now loaded: 0)
Unloading 6578 unused Assets / (4.8 MB). Loaded Objects now: 7517.
Memory consumption went from 156.7 MB to 151.9 MB.
Total: 25.026800 ms (FindLiveObjects: 1.049100 ms CreateObjectMapping: 1.626100 ms MarkObjects: 17.854800 ms  DeleteObjects: 4.495400 ms)

Prepare: number of updated asset objects reloaded= 0
========================================================================
Received Prepare
Begin MonoManager ReloadAssembly
- Loaded All Assemblies, in  1.679 seconds
Refreshing native plugins compatible for Editor in 4.38 ms, found 4 plugins.
Native extension for Android target not found
Native extension for WindowsStandalone target not found
Mono: successfully reloaded assembly
- Finished resetting the current domain, in  3.272 seconds
Domain Reload Profiling: 4951ms
	BeginReloadAssembly (527ms)
		ExecutionOrderSort (0ms)
		DisableScriptedObjects (47ms)
		BackupInstance (0ms)
		ReleaseScriptingObjects (0ms)
		CreateAndSetChildDomain (115ms)
	RebuildCommonClasses (73ms)
	RebuildNativeTypeToScriptingClass (28ms)
	initialDomainReloadingComplete (62ms)
	LoadAllAssembliesAndSetupDomain (987ms)
		LoadAssemblies (838ms)
		RebuildTransferFunctionScriptingTraits (0ms)
		AnalyzeDomain (439ms)
			TypeCache.Refresh (19ms)
				TypeCache.ScanAssembly (0ms)
			BuildScriptInfoCaches (392ms)
			ResolveRequiredComponents (22ms)
	FinalizeReload (3274ms)
		ReleaseScriptCaches (0ms)
		RebuildScriptCaches (0ms)
		SetupLoadedEditorAssemblies (2716ms)
			LogAssemblyErrors (0ms)
			InitializePlatformSupportModulesInManaged (48ms)
			SetLoadedEditorAssemblies (14ms)
			BeforeProcessingInitializeOnLoad (368ms)
			ProcessInitializeOnLoadAttributes (1975ms)
			ProcessInitializeOnLoadMethodAttributes (286ms)
			AfterProcessingInitializeOnLoad (24ms)
			EditorAssembliesLoaded (1ms)
		ExecutionOrderSort2 (0ms)
		AwakeInstancesAfterBackupRestoration (82ms)
Refreshing native plugins compatible for Editor in 9.64 ms, found 4 plugins.
Preloading 0 native plugins for Editor in 0.00 ms.
Unloading 13 Unused Serialized files (Serialized files now loaded: 0)
Unloading 6578 unused Assets / (4.6 MB). Loaded Objects now: 7418.
Memory consumption went from 154.9 MB to 150.3 MB.
Total: 32.277600 ms (FindLiveObjects: 1.638100 ms CreateObjectMapping: 3.368000 ms MarkObjects: 17.712400 ms  DeleteObjects: 9.557500 ms)

Prepare: number of updated asset objects reloaded= 0
========================================================================
Received Prepare
Refreshing native plugins compatible for Editor in 5.88 ms, found 4 plugins.
Preloading 0 native plugins for Editor in 0.00 ms.
Unloading 13 Unused Serialized files (Serialized files now loaded: 0)
Unloading 6568 unused Assets / (4.4 MB). Loaded Objects now: 7419.
Memory consumption went from 154.9 MB to 150.6 MB.
Total: 28.005000 ms (FindLiveObjects: 2.728600 ms CreateObjectMapping: 3.451400 ms MarkObjects: 16.882700 ms  DeleteObjects: 4.937800 ms)

Prepare: number of updated asset objects reloaded= 0
========================================================================
Received Import Request.
  Time since last request: 512.133925 seconds.
  path: Assets/Script/Object/Key.cs
  artifactKey: Guid(11ccd915323df5a47a4b4ae68a2e07ef) Importer(815301076,1909f56bfc062723c751e8b465ee728b)
Start importing Assets/Script/Object/Key.cs using Guid(11ccd915323df5a47a4b4ae68a2e07ef) Importer(815301076,1909f56bfc062723c751e8b465ee728b) (PreviewImporter) -> (artifact id: '4759510134725f25ba72237e947f7a55') in 0.6684466 seconds
Number of updated asset objects reloaded before import = 0Number of asset objects unloaded after import = 0

========================================================================
Received Prepare
Begin MonoManager ReloadAssembly
- Loaded All Assemblies, in  7.855 seconds
Refreshing native plugins compatible for Editor in 17.55 ms, found 4 plugins.
Native extension for Android target not found
Native extension for WindowsStandalone target not found
Mono: successfully reloaded assembly
- Finished resetting the current domain, in 16.364 seconds
Domain Reload Profiling: 24214ms
	BeginReloadAssembly (744ms)
		ExecutionOrderSort (0ms)
		DisableScriptedObjects (30ms)
		BackupInstance (0ms)
		ReleaseScriptingObjects (0ms)
		CreateAndSetChildDomain (128ms)
	RebuildCommonClasses (128ms)
	RebuildNativeTypeToScriptingClass (42ms)
	initialDomainReloadingComplete (114ms)
	LoadAllAssembliesAndSetupDomain (6819ms)
		LoadAssemblies (6526ms)
		RebuildTransferFunctionScriptingTraits (0ms)
		AnalyzeDomain (799ms)
			TypeCache.Refresh (31ms)
				TypeCache.ScanAssembly (1ms)
			BuildScriptInfoCaches (725ms)
			ResolveRequiredComponents (35ms)
	FinalizeReload (16366ms)
		ReleaseScriptCaches (0ms)
		RebuildScriptCaches (0ms)
		SetupLoadedEditorAssemblies (4681ms)
			LogAssemblyErrors (0ms)
			InitializePlatformSupportModulesInManaged (210ms)
			SetLoadedEditorAssemblies (35ms)
			BeforeProcessingInitializeOnLoad (1283ms)
			ProcessInitializeOnLoadAttributes (2460ms)
			ProcessInitializeOnLoadMethodAttributes (663ms)
			AfterProcessingInitializeOnLoad (28ms)
			EditorAssembliesLoaded (2ms)
		ExecutionOrderSort2 (0ms)
		AwakeInstancesAfterBackupRestoration (66ms)
Refreshing native plugins compatible for Editor in 6.41 ms, found 4 plugins.
Preloading 0 native plugins for Editor in 0.00 ms.
Unloading 13 Unused Serialized files (Serialized files now loaded: 0)
Unloading 6580 unused Assets / (4.4 MB). Loaded Objects now: 7422.
Memory consumption went from 154.8 MB to 150.4 MB.
Total: 25.469400 ms (FindLiveObjects: 1.537200 ms CreateObjectMapping: 2.318900 ms MarkObjects: 16.119800 ms  DeleteObjects: 5.492100 ms)

Prepare: number of updated asset objects reloaded= 0
========================================================================
Received Prepare
Refreshing native plugins compatible for Editor in 5.59 ms, found 4 plugins.
Preloading 0 native plugins for Editor in 0.00 ms.
Unloading 13 Unused Serialized files (Serialized files now loaded: 0)
Unloading 6569 unused Assets / (4.6 MB). Loaded Objects now: 7422.
Memory consumption went from 154.9 MB to 150.4 MB.
Total: 26.636300 ms (FindLiveObjects: 1.395000 ms CreateObjectMapping: 2.124600 ms MarkObjects: 15.456200 ms  DeleteObjects: 7.658500 ms)

Prepare: number of updated asset objects reloaded= 0
========================================================================
Received Prepare
Begin MonoManager ReloadAssembly
- Loaded All Assemblies, in  1.798 seconds
Refreshing native plugins compatible for Editor in 4.27 ms, found 4 plugins.
Native extension for Android target not found
Native extension for WindowsStandalone target not found
Mono: successfully reloaded assembly
- Finished resetting the current domain, in  3.824 seconds
Domain Reload Profiling: 5621ms
	BeginReloadAssembly (519ms)
		ExecutionOrderSort (0ms)
		DisableScriptedObjects (30ms)
		BackupInstance (0ms)
		ReleaseScriptingObjects (0ms)
		CreateAndSetChildDomain (100ms)
	RebuildCommonClasses (91ms)
	RebuildNativeTypeToScriptingClass (29ms)
	initialDomainReloadingComplete (78ms)
	LoadAllAssembliesAndSetupDomain (1078ms)
		LoadAssemblies (959ms)
		RebuildTransferFunctionScriptingTraits (0ms)
		AnalyzeDomain (432ms)
			TypeCache.Refresh (17ms)
				TypeCache.ScanAssembly (1ms)
			BuildScriptInfoCaches (386ms)
			ResolveRequiredComponents (22ms)
	FinalizeReload (3825ms)
		ReleaseScriptCaches (0ms)
		RebuildScriptCaches (0ms)
		SetupLoadedEditorAssemblies (3291ms)
			LogAssemblyErrors (0ms)
			InitializePlatformSupportModulesInManaged (46ms)
			SetLoadedEditorAssemblies (11ms)
			BeforeProcessingInitializeOnLoad (408ms)
			ProcessInitializeOnLoadAttributes (2576ms)
			ProcessInitializeOnLoadMethodAttributes (228ms)
			AfterProcessingInitializeOnLoad (21ms)
			EditorAssembliesLoaded (0ms)
		ExecutionOrderSort2 (0ms)
		AwakeInstancesAfterBackupRestoration (56ms)
Refreshing native plugins compatible for Editor in 15.39 ms, found 4 plugins.
Preloading 0 native plugins for Editor in 0.00 ms.
Unloading 13 Unused Serialized files (Serialized files now loaded: 0)
Unloading 6580 unused Assets / (3.8 MB). Loaded Objects now: 7424.
Memory consumption went from 154.8 MB to 151.0 MB.
Total: 62.291100 ms (FindLiveObjects: 6.328900 ms CreateObjectMapping: 3.586700 ms MarkObjects: 32.296100 ms  DeleteObjects: 20.076000 ms)

Prepare: number of updated asset objects reloaded= 0
========================================================================
Received Import Request.
  Time since last request: 73.363643 seconds.
  path: Assets/Script/Object/Key.cs
  artifactKey: Guid(11ccd915323df5a47a4b4ae68a2e07ef) Importer(815301076,1909f56bfc062723c751e8b465ee728b)
Start importing Assets/Script/Object/Key.cs using Guid(11ccd915323df5a47a4b4ae68a2e07ef) Importer(815301076,1909f56bfc062723c751e8b465ee728b) (PreviewImporter) -> (artifact id: '017f50e572228aaf4d456b3a2db53662') in 0.0773186 seconds
Number of updated asset objects reloaded before import = 0Number of asset objects unloaded after import = 0

========================================================================
Received Prepare
Refreshing native plugins compatible for Editor in 5.42 ms, found 4 plugins.
Preloading 0 native plugins for Editor in 0.00 ms.
Unloading 13 Unused Serialized files (Serialized files now loaded: 0)
Unloading 6569 unused Assets / (4.7 MB). Loaded Objects now: 7424.
Memory consumption went from 154.9 MB to 150.2 MB.
Total: 34.004600 ms (FindLiveObjects: 3.418900 ms CreateObjectMapping: 3.434900 ms MarkObjects: 17.924200 ms  DeleteObjects: 9.225100 ms)

Prepare: number of updated asset objects reloaded= 0
========================================================================
Received Prepare
Begin MonoManager ReloadAssembly
- Loaded All Assemblies, in 11.732 seconds
Refreshing native plugins compatible for Editor in 163.29 ms, found 4 plugins.
Native extension for Android target not found
Native extension for WindowsStandalone target not found
Mono: successfully reloaded assembly
- Finished resetting the current domain, in  2.466 seconds
Domain Reload Profiling: 14199ms
	BeginReloadAssembly (2863ms)
		ExecutionOrderSort (0ms)
		DisableScriptedObjects (86ms)
		BackupInstance (0ms)
		ReleaseScriptingObjects (0ms)
		CreateAndSetChildDomain (850ms)
	RebuildCommonClasses (118ms)
	RebuildNativeTypeToScriptingClass (49ms)
	initialDomainReloadingComplete (127ms)
	LoadAllAssembliesAndSetupDomain (8573ms)
		LoadAssemblies (9843ms)
		RebuildTransferFunctionScriptingTraits (0ms)
		AnalyzeDomain (449ms)
			TypeCache.Refresh (20ms)
				TypeCache.ScanAssembly (0ms)
			BuildScriptInfoCaches (404ms)
			ResolveRequiredComponents (21ms)
	FinalizeReload (2468ms)
		ReleaseScriptCaches (0ms)
		RebuildScriptCaches (0ms)
		SetupLoadedEditorAssemblies (2001ms)
			LogAssemblyErrors (0ms)
			InitializePlatformSupportModulesInManaged (48ms)
			SetLoadedEditorAssemblies (14ms)
			BeforeProcessingInitializeOnLoad (286ms)
			ProcessInitializeOnLoadAttributes (1450ms)
			ProcessInitializeOnLoadMethodAttributes (185ms)
			AfterProcessingInitializeOnLoad (18ms)
			EditorAssembliesLoaded (0ms)
		ExecutionOrderSort2 (0ms)
		AwakeInstancesAfterBackupRestoration (43ms)
Refreshing native plugins compatible for Editor in 5.00 ms, found 4 plugins.
Preloading 0 native plugins for Editor in 0.00 ms.
Unloading 13 Unused Serialized files (Serialized files now loaded: 0)
Unloading 6580 unused Assets / (4.9 MB). Loaded Objects now: 7426.
Memory consumption went from 154.8 MB to 149.9 MB.
Total: 35.612900 ms (FindLiveObjects: 1.396000 ms CreateObjectMapping: 2.473200 ms MarkObjects: 17.185400 ms  DeleteObjects: 14.533800 ms)

Prepare: number of updated asset objects reloaded= 0
========================================================================
Received Prepare
Refreshing native plugins compatible for Editor in 3.52 ms, found 4 plugins.
Preloading 0 native plugins for Editor in 0.00 ms.
Unloading 13 Unused Serialized files (Serialized files now loaded: 0)
Unloading 6569 unused Assets / (4.6 MB). Loaded Objects now: 7426.
Memory consumption went from 154.9 MB to 150.4 MB.
Total: 16.994700 ms (FindLiveObjects: 1.159200 ms CreateObjectMapping: 1.927700 ms MarkObjects: 9.610100 ms  DeleteObjects: 4.296600 ms)

Prepare: number of updated asset objects reloaded= 0
========================================================================
Received Prepare
Begin MonoManager ReloadAssembly
- Loaded All Assemblies, in  3.846 seconds
Refreshing native plugins compatible for Editor in 6.72 ms, found 4 plugins.
Native extension for Android target not found
Native extension for WindowsStandalone target not found
Mono: successfully reloaded assembly
- Finished resetting the current domain, in  3.945 seconds
Domain Reload Profiling: 7764ms
	BeginReloadAssembly (982ms)
		ExecutionOrderSort (0ms)
		DisableScriptedObjects (29ms)
		BackupInstance (0ms)
		ReleaseScriptingObjects (0ms)
		CreateAndSetChildDomain (171ms)
	RebuildCommonClasses (178ms)
	RebuildNativeTypeToScriptingClass (83ms)
	initialDomainReloadingComplete (137ms)
	LoadAllAssembliesAndSetupDomain (2437ms)
		LoadAssemblies (2594ms)
		RebuildTransferFunctionScriptingTraits (0ms)
		AnalyzeDomain (529ms)
			TypeCache.Refresh (21ms)
				TypeCache.ScanAssembly (0ms)
			BuildScriptInfoCaches (470ms)
			ResolveRequiredComponents (29ms)
	FinalizeReload (3946ms)
		ReleaseScriptCaches (0ms)
		RebuildScriptCaches (0ms)
		SetupLoadedEditorAssemblies (3145ms)
			LogAssemblyErrors (0ms)
			InitializePlatformSupportModulesInManaged (111ms)
			SetLoadedEditorAssemblies (59ms)
			BeforeProcessingInitializeOnLoad (863ms)
			ProcessInitializeOnLoadAttributes (1887ms)
			ProcessInitializeOnLoadMethodAttributes (209ms)
			AfterProcessingInitializeOnLoad (16ms)
			EditorAssembliesLoaded (1ms)
		ExecutionOrderSort2 (0ms)
		AwakeInstancesAfterBackupRestoration (48ms)
Refreshing native plugins compatible for Editor in 16.49 ms, found 4 plugins.
Preloading 0 native plugins for Editor in 0.00 ms.
Unloading 13 Unused Serialized files (Serialized files now loaded: 0)
Unloading 6580 unused Assets / (3.9 MB). Loaded Objects now: 7428.
Memory consumption went from 154.7 MB to 150.8 MB.
Total: 23.025000 ms (FindLiveObjects: 1.626600 ms CreateObjectMapping: 2.784300 ms MarkObjects: 11.304800 ms  DeleteObjects: 7.307300 ms)

Prepare: number of updated asset objects reloaded= 0
========================================================================
Received Prepare
Refreshing native plugins compatible for Editor in 7.93 ms, found 4 plugins.
Preloading 0 native plugins for Editor in 0.00 ms.
Unloading 13 Unused Serialized files (Serialized files now loaded: 0)
Unloading 6569 unused Assets / (3.6 MB). Loaded Objects now: 7428.
Memory consumption went from 154.9 MB to 151.3 MB.
Total: 27.127900 ms (FindLiveObjects: 1.186600 ms CreateObjectMapping: 3.222400 ms MarkObjects: 16.674900 ms  DeleteObjects: 6.041500 ms)

Prepare: number of updated asset objects reloaded= 0
========================================================================
Received Prepare
Begin MonoManager ReloadAssembly
- Loaded All Assemblies, in  6.560 seconds
Refreshing native plugins compatible for Editor in 7.68 ms, found 4 plugins.
Native extension for Android target not found
Native extension for WindowsStandalone target not found
Mono: successfully reloaded assembly
- Finished resetting the current domain, in  2.320 seconds
Domain Reload Profiling: 8881ms
	BeginReloadAssembly (3074ms)
		ExecutionOrderSort (0ms)
		DisableScriptedObjects (56ms)
		BackupInstance (0ms)
		ReleaseScriptingObjects (6ms)
		CreateAndSetChildDomain (398ms)
	RebuildCommonClasses (353ms)
	RebuildNativeTypeToScriptingClass (118ms)
	initialDomainReloadingComplete (146ms)
	LoadAllAssembliesAndSetupDomain (2869ms)
		LoadAssemblies (4083ms)
		RebuildTransferFunctionScriptingTraits (0ms)
		AnalyzeDomain (1077ms)
			TypeCache.Refresh (51ms)
				TypeCache.ScanAssembly (2ms)
			BuildScriptInfoCaches (972ms)
			ResolveRequiredComponents (43ms)
	FinalizeReload (2321ms)
		ReleaseScriptCaches (0ms)
		RebuildScriptCaches (0ms)
		SetupLoadedEditorAssemblies (1663ms)
			LogAssemblyErrors (0ms)
			InitializePlatformSupportModulesInManaged (52ms)
			SetLoadedEditorAssemblies (16ms)
			BeforeProcessingInitializeOnLoad (345ms)
			ProcessInitializeOnLoadAttributes (1110ms)
			ProcessInitializeOnLoadMethodAttributes (127ms)
			AfterProcessingInitializeOnLoad (12ms)
			EditorAssembliesLoaded (1ms)
		ExecutionOrderSort2 (0ms)
		AwakeInstancesAfterBackupRestoration (45ms)
Refreshing native plugins compatible for Editor in 3.47 ms, found 4 plugins.
Preloading 0 native plugins for Editor in 0.00 ms.
Unloading 13 Unused Serialized files (Serialized files now loaded: 0)
Unloading 6580 unused Assets / (4.7 MB). Loaded Objects now: 7430.
Memory consumption went from 154.8 MB to 150.1 MB.
Total: 17.788700 ms (FindLiveObjects: 1.068400 ms CreateObjectMapping: 1.881700 ms MarkObjects: 9.836900 ms  DeleteObjects: 5.000400 ms)

Prepare: number of updated asset objects reloaded= 0
========================================================================
Received Import Request.
  Time since last request: 491.530596 seconds.
  path: Packages/com.unity.2d.animation/Editor/Assets/EditorIcons/Selected/Sprite_Mode@4x.png
  artifactKey: Guid(2223b0a570b66ee42b3e0a79f0789b2a) Importer(815301076,1909f56bfc062723c751e8b465ee728b)
Start importing Packages/com.unity.2d.animation/Editor/Assets/EditorIcons/Selected/Sprite_Mode@4x.png using Guid(2223b0a570b66ee42b3e0a79f0789b2a) Importer(815301076,1909f56bfc062723c751e8b465ee728b) (PreviewImporter) -> (artifact id: '5563257423e5f8d16c958cfaee735563') in 0.767378 seconds
Number of updated asset objects reloaded before import = 0Number of asset objects unloaded after import = 3

========================================================================
Received Import Request.
  Time since last request: 0.000048 seconds.
  path: Packages/com.unity.render-pipelines.core/Editor/LookDev/Icons/SunPosition@2x.png
  artifactKey: Guid(2f75c34a5bc525545916fb8367422dd0) Importer(815301076,1909f56bfc062723c751e8b465ee728b)
Start importing Packages/com.unity.render-pipelines.core/Editor/LookDev/Icons/SunPosition@2x.png using Guid(2f75c34a5bc525545916fb8367422dd0) Importer(815301076,1909f56bfc062723c751e8b465ee728b) (PreviewImporter) -> (artifact id: '3a60241b5bf51a4fc4309dbf3651ffc9') in 0.0257091 seconds
Number of updated asset objects reloaded before import = 0Number of asset objects unloaded after import = 3

========================================================================
Received Import Request.
  Time since last request: 0.000029 seconds.
  path: Assets/GameInputControllerIconsFree/keyboard/keyboard-solid/t.png
  artifactKey: Guid(4123523831d1b6a4791d4d870df66fb9) Importer(815301076,1909f56bfc062723c751e8b465ee728b)
Start importing Assets/GameInputControllerIconsFree/keyboard/keyboard-solid/t.png using Guid(4123523831d1b6a4791d4d870df66fb9) Importer(815301076,1909f56bfc062723c751e8b465ee728b) (PreviewImporter) -> (artifact id: 'ca7fbf859c4e5682dd322742f66a59c9') in 0.0751784 seconds
Number of updated asset objects reloaded before import = 0Number of asset objects unloaded after import = 3

========================================================================
Received Import Request.
  Time since last request: 0.000020 seconds.
  path: Packages/com.unity.2d.spriteshape/Editor/Handles/ss_leftrange.png
  artifactKey: Guid(9417efc47083f4a1598c1966a6345cdb) Importer(815301076,1909f56bfc062723c751e8b465ee728b)
Start importing Packages/com.unity.2d.spriteshape/Editor/Handles/ss_leftrange.png using Guid(9417efc47083f4a1598c1966a6345cdb) Importer(815301076,1909f56bfc062723c751e8b465ee728b) (PreviewImporter) -> (artifact id: 'aec716ae6ba60ad3822ce76a1772eb89') in 0.043401 seconds
Number of updated asset objects reloaded before import = 0Number of asset objects unloaded after import = 3

========================================================================
Received Import Request.
  Time since last request: 2.521056 seconds.
  path: Packages/com.unity.render-pipelines.core/Editor/LookDev/Icons/Layout1@2x.png
  artifactKey: Guid(8263f1f26524404498d51bfe0b819925) Importer(815301076,1909f56bfc062723c751e8b465ee728b)
Start importing Packages/com.unity.render-pipelines.core/Editor/LookDev/Icons/Layout1@2x.png using Guid(8263f1f26524404498d51bfe0b819925) Importer(815301076,1909f56bfc062723c751e8b465ee728b) (PreviewImporter) -> (artifact id: '8776b50cbe03c5e4f246dca9381c216d') in 0.0768365 seconds
Number of updated asset objects reloaded before import = 0Number of asset objects unloaded after import = 3

========================================================================
Received Import Request.
  Time since last request: 0.000022 seconds.
  path: Packages/com.unity.render-pipelines.core/Editor/LookDev/Icons/Layout2.png
  artifactKey: Guid(d9658be087f390f46bfefa8cb32bbaa6) Importer(815301076,1909f56bfc062723c751e8b465ee728b)
Start importing Packages/com.unity.render-pipelines.core/Editor/LookDev/Icons/Layout2.png using Guid(d9658be087f390f46bfefa8cb32bbaa6) Importer(815301076,1909f56bfc062723c751e8b465ee728b) (PreviewImporter) -> (artifact id: '3fdd73e42bf8581419035d76c658c1ac') in 0.0259897 seconds
Number of updated asset objects reloaded before import = 0Number of asset objects unloaded after import = 3

========================================================================
Received Import Request.
  Time since last request: 0.000060 seconds.
  path: Packages/com.unity.render-pipelines.core/Editor/LookDev/Icons/LayoutCustom@2x.png
  artifactKey: Guid(2fffe801f98fb314484382ea4affcf94) Importer(815301076,1909f56bfc062723c751e8b465ee728b)
Start importing Packages/com.unity.render-pipelines.core/Editor/LookDev/Icons/LayoutCustom@2x.png using Guid(2fffe801f98fb314484382ea4affcf94) Importer(815301076,1909f56bfc062723c751e8b465ee728b) (PreviewImporter) -> (artifact id: '1d9af543505216771fde93a0d1165367') in 0.0560779 seconds
Number of updated asset objects reloaded before import = 0Number of asset objects unloaded after import = 3

========================================================================
Received Import Request.
  Time since last request: 0.000023 seconds.
  path: Packages/com.unity.render-pipelines.core/Editor/LookDev/Icons/LayoutVertical.png
  artifactKey: Guid(6a9d49ac254f03c48bf5b6590f4d2a24) Importer(815301076,1909f56bfc062723c751e8b465ee728b)
Start importing Packages/com.unity.render-pipelines.core/Editor/LookDev/Icons/LayoutVertical.png using Guid(6a9d49ac254f03c48bf5b6590f4d2a24) Importer(815301076,1909f56bfc062723c751e8b465ee728b) (PreviewImporter) -> (artifact id: 'a476aa963ea29a221780cd47ce269d39') in 0.0193353 seconds
Number of updated asset objects reloaded before import = 0Number of asset objects unloaded after import = 3

========================================================================
Received Import Request.
  Time since last request: 0.000029 seconds.
  path: Packages/com.unity.render-pipelines.core/Editor/LookDev/Icons/LayoutHorizontal@2x.png
  artifactKey: Guid(f3fe1e478135ed34db9a1f6707f52c6a) Importer(815301076,1909f56bfc062723c751e8b465ee728b)
Start importing Packages/com.unity.render-pipelines.core/Editor/LookDev/Icons/LayoutHorizontal@2x.png using Guid(f3fe1e478135ed34db9a1f6707f52c6a) Importer(815301076,1909f56bfc062723c751e8b465ee728b) (PreviewImporter) -> (artifact id: '1aba057f792be60e99baf49df7a543ea') in 0.0594507 seconds
Number of updated asset objects reloaded before import = 0Number of asset objects unloaded after import = 3

========================================================================
Received Import Request.
  Time since last request: 0.000039 seconds.
  path: Packages/com.unity.2d.tilemap/Editor/Icons/Tilemap.ActiveTargetLayers.png
  artifactKey: Guid(abbc28ff73b72b1438f893d41ca52fb0) Importer(815301076,1909f56bfc062723c751e8b465ee728b)
Start importing Packages/com.unity.2d.tilemap/Editor/Icons/Tilemap.ActiveTargetLayers.png using Guid(abbc28ff73b72b1438f893d41ca52fb0) Importer(815301076,1909f56bfc062723c751e8b465ee728b) (PreviewImporter) -> (artifact id: '9c24ea43158e81d3172640711824b8fc') in 0.1192795 seconds
Number of updated asset objects reloaded before import = 0Number of asset objects unloaded after import = 3

========================================================================
Received Import Request.
  Time since last request: 0.170406 seconds.
  path: Packages/com.unity.2d.psdimporter/Editor/Assets/Icons/Selected/Layers Mixed@16x.png
  artifactKey: Guid(9f3e8a7a640b640feac66da51cc078c5) Importer(815301076,1909f56bfc062723c751e8b465ee728b)
Start importing Packages/com.unity.2d.psdimporter/Editor/Assets/Icons/Selected/Layers Mixed@16x.png using Guid(9f3e8a7a640b640feac66da51cc078c5) Importer(815301076,1909f56bfc062723c751e8b465ee728b) (PreviewImporter) -> (artifact id: 'a5c8d47c48a1663b66a526f43bd7e5dd') in 0.1081302 seconds
Number of updated asset objects reloaded before import = 0Number of asset objects unloaded after import = 3

========================================================================
Received Import Request.
  Time since last request: 0.000027 seconds.
  path: Packages/com.unity.2d.psdimporter/Editor/Assets/Icons/Dark/Layers Separated@1x.png
  artifactKey: Guid(9c68e002c59804ee7973df039508cc37) Importer(815301076,1909f56bfc062723c751e8b465ee728b)
Start importing Packages/com.unity.2d.psdimporter/Editor/Assets/Icons/Dark/Layers Separated@1x.png using Guid(9c68e002c59804ee7973df039508cc37) Importer(815301076,1909f56bfc062723c751e8b465ee728b) (PreviewImporter) -> (artifact id: '96876bf040f5842e7329b1bbabff0a50') in 0.0721812 seconds
Number of updated asset objects reloaded before import = 0Number of asset objects unloaded after import = 3

========================================================================
Received Import Request.
  Time since last request: 0.000155 seconds.
  path: Packages/com.unity.2d.psdimporter/Editor/Assets/Icons/Light/Layers Separated@2x.png
  artifactKey: Guid(9804e134a7b174b679f94a53e992ea60) Importer(815301076,1909f56bfc062723c751e8b465ee728b)
Start importing Packages/com.unity.2d.psdimporter/Editor/Assets/Icons/Light/Layers Separated@2x.png using Guid(9804e134a7b174b679f94a53e992ea60) Importer(815301076,1909f56bfc062723c751e8b465ee728b) (PreviewImporter) -> (artifact id: 'cb52339743e66398e9a9ccf022a9c9d4') in 0.0586156 seconds
Number of updated asset objects reloaded before import = 0Number of asset objects unloaded after import = 3

========================================================================
Received Import Request.
  Time since last request: 0.000024 seconds.
  path: Packages/com.unity.2d.psdimporter/Editor/Assets/Icons/Selected/Layers Separated@2x.png
  artifactKey: Guid(91897a07e69db49ff88db92f445ba845) Importer(815301076,1909f56bfc062723c751e8b465ee728b)
Start importing Packages/com.unity.2d.psdimporter/Editor/Assets/Icons/Selected/Layers Separated@2x.png using Guid(91897a07e69db49ff88db92f445ba845) Importer(815301076,1909f56bfc062723c751e8b465ee728b) (PreviewImporter) -> (artifact id: '16f37b883784328ab01f2d87ed1ab986') in 0.0208526 seconds
Number of updated asset objects reloaded before import = 0Number of asset objects unloaded after import = 3

========================================================================
Received Import Request.
  Time since last request: 0.000082 seconds.
  path: Packages/com.unity.2d.psdimporter/Editor/Assets/Icons/Selected/Layers Separated@4x.png
  artifactKey: Guid(3117700da371f4f3b932c026b648284d) Importer(815301076,1909f56bfc062723c751e8b465ee728b)
Start importing Packages/com.unity.2d.psdimporter/Editor/Assets/Icons/Selected/Layers Separated@4x.png using Guid(3117700da371f4f3b932c026b648284d) Importer(815301076,1909f56bfc062723c751e8b465ee728b) (PreviewImporter) -> (artifact id: 'be79f59641a327439b1147d7c3ef87c6') in 0.0521213 seconds
Number of updated asset objects reloaded before import = 0Number of asset objects unloaded after import = 3

========================================================================
Received Import Request.
  Time since last request: 0.000036 seconds.
  path: Packages/com.unity.2d.psdimporter/Editor/Assets/Icons/Selected/Layers Separated@8x.png
  artifactKey: Guid(15b1d39ac42ce4674bd63f86f9a0c5df) Importer(815301076,1909f56bfc062723c751e8b465ee728b)
Start importing Packages/com.unity.2d.psdimporter/Editor/Assets/Icons/Selected/Layers Separated@8x.png using Guid(15b1d39ac42ce4674bd63f86f9a0c5df) Importer(815301076,1909f56bfc062723c751e8b465ee728b) (PreviewImporter) -> (artifact id: '81352b90829a24ee08473775c9f365c8') in 0.0395674 seconds
Number of updated asset objects reloaded before import = 0Number of asset objects unloaded after import = 3

========================================================================
Received Import Request.
  Time since last request: 0.000023 seconds.
  path: Packages/com.unity.2d.psdimporter/Editor/Assets/Icons/Selected/Layers Separated@16x.png
  artifactKey: Guid(5e2b00fc2e687454b8c7dcf6cb8226d7) Importer(815301076,1909f56bfc062723c751e8b465ee728b)
Start importing Packages/com.unity.2d.psdimporter/Editor/Assets/Icons/Selected/Layers Separated@16x.png using Guid(5e2b00fc2e687454b8c7dcf6cb8226d7) Importer(815301076,1909f56bfc062723c751e8b465ee728b) (PreviewImporter) -> (artifact id: 'c68a6c8acb04c53854728a57d7799c84') in 0.048724 seconds
Number of updated asset objects reloaded before import = 0Number of asset objects unloaded after import = 3

========================================================================
Received Import Request.
  Time since last request: 0.000021 seconds.
  path: Packages/com.unity.2d.psdimporter/Editor/Assets/Icons/Dark/Layers Separated@8x.png
  artifactKey: Guid(51ef52b256a104c0ca3268e10a1b1056) Importer(815301076,1909f56bfc062723c751e8b465ee728b)
Start importing Packages/com.unity.2d.psdimporter/Editor/Assets/Icons/Dark/Layers Separated@8x.png using Guid(51ef52b256a104c0ca3268e10a1b1056) Importer(815301076,1909f56bfc062723c751e8b465ee728b) (PreviewImporter) -> (artifact id: '9ba132ad285c32452dd2d425d5b81ea5') in 0.0358438 seconds
Number of updated asset objects reloaded before import = 0Number of asset objects unloaded after import = 3

========================================================================
Received Import Request.
  Time since last request: 1.460353 seconds.
  path: Packages/com.unity.2d.psdimporter/Editor/Assets/Icons/Selected/Layers Mixed@8x.png
  artifactKey: Guid(3492e9eb6292141eb942d0c9beface29) Importer(815301076,1909f56bfc062723c751e8b465ee728b)
Start importing Packages/com.unity.2d.psdimporter/Editor/Assets/Icons/Selected/Layers Mixed@8x.png using Guid(3492e9eb6292141eb942d0c9beface29) Importer(815301076,1909f56bfc062723c751e8b465ee728b) (PreviewImporter) -> (artifact id: '25033ef52580d8d1652f4928b503e2df') in 0.0269369 seconds
Number of updated asset objects reloaded before import = 0Number of asset objects unloaded after import = 3

========================================================================
Received Import Request.
  Time since last request: 0.000039 seconds.
  path: Packages/com.unity.2d.psdimporter/Editor/Assets/Icons/Light/Layers Mixed@16x.png
  artifactKey: Guid(8146dbbd8d7184f43bb0049a7ce3ade8) Importer(815301076,1909f56bfc062723c751e8b465ee728b)
Start importing Packages/com.unity.2d.psdimporter/Editor/Assets/Icons/Light/Layers Mixed@16x.png using Guid(8146dbbd8d7184f43bb0049a7ce3ade8) Importer(815301076,1909f56bfc062723c751e8b465ee728b) (PreviewImporter) -> (artifact id: '6d643f34c6f569bd00cec08ea3bf2698') in 0.0699776 seconds
Number of updated asset objects reloaded before import = 0Number of asset objects unloaded after import = 3

========================================================================
Received Import Request.
  Time since last request: 0.000068 seconds.
  path: Packages/com.unity.2d.psdimporter/Editor/Assets/Icons/Dark/Layers Mixed@1x.png
  artifactKey: Guid(8dbb9f40df36243efaad92ce7cddfc71) Importer(815301076,1909f56bfc062723c751e8b465ee728b)
Start importing Packages/com.unity.2d.psdimporter/Editor/Assets/Icons/Dark/Layers Mixed@1x.png using Guid(8dbb9f40df36243efaad92ce7cddfc71) Importer(815301076,1909f56bfc062723c751e8b465ee728b) (PreviewImporter) -> (artifact id: 'b821e17c51afd5f5b0e0fdc369e59c21') in 0.0228831 seconds
Number of updated asset objects reloaded before import = 0Number of asset objects unloaded after import = 3

========================================================================
Received Import Request.
  Time since last request: 0.000019 seconds.
  path: Packages/com.unity.2d.psdimporter/Editor/Assets/Icons/Light/Layers Mixed@2x.png
  artifactKey: Guid(bd2c5ec8522954323aba72f213024f60) Importer(815301076,1909f56bfc062723c751e8b465ee728b)
Start importing Packages/com.unity.2d.psdimporter/Editor/Assets/Icons/Light/Layers Mixed@2x.png using Guid(bd2c5ec8522954323aba72f213024f60) Importer(815301076,1909f56bfc062723c751e8b465ee728b) (PreviewImporter) -> (artifact id: 'e261baea5f69463d4a3291823b85a149') in 0.0694648 seconds
Number of updated asset objects reloaded before import = 0Number of asset objects unloaded after import = 3

========================================================================
Received Import Request.
  Time since last request: 0.000063 seconds.
  path: Packages/com.unity.2d.psdimporter/Editor/Assets/Icons/Selected/Layers Mixed@4x.png
  artifactKey: Guid(32ae70dfad34e4a56a3f40eaf723f739) Importer(815301076,1909f56bfc062723c751e8b465ee728b)
Start importing Packages/com.unity.2d.psdimporter/Editor/Assets/Icons/Selected/Layers Mixed@4x.png using Guid(32ae70dfad34e4a56a3f40eaf723f739) Importer(815301076,1909f56bfc062723c751e8b465ee728b) (PreviewImporter) -> (artifact id: '103ef7bc203bc4b1090d95f18d226efe') in 0.0592722 seconds
Number of updated asset objects reloaded before import = 0Number of asset objects unloaded after import = 3

========================================================================
Received Import Request.
  Time since last request: 0.213421 seconds.
  path: Packages/com.unity.2d.psdimporter/Editor/Assets/Icons/Light/Layers Collapsed@1x.png
  artifactKey: Guid(ca434c866082043f589e32d65b0d1369) Importer(815301076,1909f56bfc062723c751e8b465ee728b)
Start importing Packages/com.unity.2d.psdimporter/Editor/Assets/Icons/Light/Layers Collapsed@1x.png using Guid(ca434c866082043f589e32d65b0d1369) Importer(815301076,1909f56bfc062723c751e8b465ee728b) (PreviewImporter) -> (artifact id: 'd06ee367424d5e4d6cf2d24387e1ac7a') in 0.0439453 seconds
Number of updated asset objects reloaded before import = 0Number of asset objects unloaded after import = 3

========================================================================
Received Import Request.
  Time since last request: 0.000026 seconds.
  path: Packages/com.unity.2d.psdimporter/Editor/Assets/Icons/Selected/Layers Collapsed@2x.png
  artifactKey: Guid(68f9e990182e8491b9c0f3dc88cd0158) Importer(815301076,1909f56bfc062723c751e8b465ee728b)
Start importing Packages/com.unity.2d.psdimporter/Editor/Assets/Icons/Selected/Layers Collapsed@2x.png using Guid(68f9e990182e8491b9c0f3dc88cd0158) Importer(815301076,1909f56bfc062723c751e8b465ee728b) (PreviewImporter) -> (artifact id: 'a1858ca39f498b32ea59b7d2f3f4e49f') in 0.0429596 seconds
Number of updated asset objects reloaded before import = 0Number of asset objects unloaded after import = 3

========================================================================
Received Import Request.
  Time since last request: 0.000031 seconds.
  path: Packages/com.unity.2d.psdimporter/Editor/Assets/Icons/Dark/Layers Collapsed@4x.png
  artifactKey: Guid(ea5547bcdee4e4a8cb4705499aabe76d) Importer(815301076,1909f56bfc062723c751e8b465ee728b)
Start importing Packages/com.unity.2d.psdimporter/Editor/Assets/Icons/Dark/Layers Collapsed@4x.png using Guid(ea5547bcdee4e4a8cb4705499aabe76d) Importer(815301076,1909f56bfc062723c751e8b465ee728b) (PreviewImporter) -> (artifact id: 'de6b361bccc023b3d1ccd40b352af5fd') in 0.0359873 seconds
Number of updated asset objects reloaded before import = 0Number of asset objects unloaded after import = 3

========================================================================
Received Import Request.
  Time since last request: 0.000036 seconds.
  path: Packages/com.unity.2d.psdimporter/Editor/Assets/Icons/Light/Layers Collapsed@4x.png
  artifactKey: Guid(5dbd5be3ef1574c7e97b880d54c1fa76) Importer(815301076,1909f56bfc062723c751e8b465ee728b)
Start importing Packages/com.unity.2d.psdimporter/Editor/Assets/Icons/Light/Layers Collapsed@4x.png using Guid(5dbd5be3ef1574c7e97b880d54c1fa76) Importer(815301076,1909f56bfc062723c751e8b465ee728b) (PreviewImporter) -> (artifact id: '9c16a897dd2ca083c04b7089df4ffa4a') in 0.0557869 seconds
Number of updated asset objects reloaded before import = 0Number of asset objects unloaded after import = 3

========================================================================
Received Import Request.
  Time since last request: 0.000034 seconds.
  path: Packages/com.unity.2d.psdimporter/Editor/Assets/Icons/Light/Layers Collapsed@8x.png
  artifactKey: Guid(5c35aefb0965746fc8ade2cd405f2ac7) Importer(815301076,1909f56bfc062723c751e8b465ee728b)
Start importing Packages/com.unity.2d.psdimporter/Editor/Assets/Icons/Light/Layers Collapsed@8x.png using Guid(5c35aefb0965746fc8ade2cd405f2ac7) Importer(815301076,1909f56bfc062723c751e8b465ee728b) (PreviewImporter) -> (artifact id: 'f98a99405ddd4af8becce5038ee0a979') in 0.0361567 seconds
Number of updated asset objects reloaded before import = 0Number of asset objects unloaded after import = 3

========================================================================
Received Import Request.
  Time since last request: 0.000024 seconds.
  path: Packages/com.unity.2d.psdimporter/Editor/Assets/Icons/Light/Layers Collapsed@16x.png
  artifactKey: Guid(cf195ec1f698d488fb3fdeebc2b3ad33) Importer(815301076,1909f56bfc062723c751e8b465ee728b)
Start importing Packages/com.unity.2d.psdimporter/Editor/Assets/Icons/Light/Layers Collapsed@16x.png using Guid(cf195ec1f698d488fb3fdeebc2b3ad33) Importer(815301076,1909f56bfc062723c751e8b465ee728b) (PreviewImporter) -> (artifact id: '2137108492f9de48bc39d06e6abcf803') in 0.0466233 seconds
Number of updated asset objects reloaded before import = 0Number of asset objects unloaded after import = 3

========================================================================
Received Import Request.
  Time since last request: 0.000036 seconds.
  path: Packages/com.unity.2d.psdimporter/Editor/Assets/Icons/Dark/Layers Collapsed@16x.png
  artifactKey: Guid(725dea07ef1724145806dfddfe9dee03) Importer(815301076,1909f56bfc062723c751e8b465ee728b)
Start importing Packages/com.unity.2d.psdimporter/Editor/Assets/Icons/Dark/Layers Collapsed@16x.png using Guid(725dea07ef1724145806dfddfe9dee03) Importer(815301076,1909f56bfc062723c751e8b465ee728b) (PreviewImporter) -> (artifact id: '93934dd8cc4400af12b7540da2d6c13a') in 0.0257174 seconds
Number of updated asset objects reloaded before import = 0Number of asset objects unloaded after import = 3

========================================================================
Received Import Request.
  Time since last request: 0.074596 seconds.
  path: Packages/com.unity.2d.tilemap/Editor/Icons/d_Tilemap.ActiveTargetLayers.png
  artifactKey: Guid(99c3717808acc0f43b394ab3e10da8bb) Importer(815301076,1909f56bfc062723c751e8b465ee728b)
Start importing Packages/com.unity.2d.tilemap/Editor/Icons/d_Tilemap.ActiveTargetLayers.png using Guid(99c3717808acc0f43b394ab3e10da8bb) Importer(815301076,1909f56bfc062723c751e8b465ee728b) (PreviewImporter) -> (artifact id: '55bda421359fbc2292bcc45ad1b61c29') in 0.0481616 seconds
Number of updated asset objects reloaded before import = 0Number of asset objects unloaded after import = 3

========================================================================
Received Import Request.
  Time since last request: 0.000088 seconds.
  path: Packages/com.unity.2d.tilemap/Editor/Icons/d_Tilemap.ActiveTargetLayers@4x.png
  artifactKey: Guid(82f78c36add1c2c4795c911a7abfb93e) Importer(815301076,1909f56bfc062723c751e8b465ee728b)
Start importing Packages/com.unity.2d.tilemap/Editor/Icons/d_Tilemap.ActiveTargetLayers@4x.png using Guid(82f78c36add1c2c4795c911a7abfb93e) Importer(815301076,1909f56bfc062723c751e8b465ee728b) (PreviewImporter) -> (artifact id: 'ec63954ba65837416d06f15b2aea465b') in 0.018011 seconds
Number of updated asset objects reloaded before import = 0Number of asset objects unloaded after import = 3

========================================================================
Received Prepare
Begin MonoManager ReloadAssembly
- Loaded All Assemblies, in  8.403 seconds
Refreshing native plugins compatible for Editor in 6.44 ms, found 4 plugins.
Native extension for Android target not found
Native extension for WindowsStandalone target not found
Mono: successfully reloaded assembly
- Finished resetting the current domain, in  2.629 seconds
Domain Reload Profiling: 11030ms
	BeginReloadAssembly (981ms)
		ExecutionOrderSort (0ms)
		DisableScriptedObjects (50ms)
		BackupInstance (0ms)
		ReleaseScriptingObjects (0ms)
		CreateAndSetChildDomain (329ms)
	RebuildCommonClasses (285ms)
	RebuildNativeTypeToScriptingClass (82ms)
	initialDomainReloadingComplete (136ms)
	LoadAllAssembliesAndSetupDomain (6916ms)
		LoadAssemblies (6893ms)
		RebuildTransferFunctionScriptingTraits (0ms)
		AnalyzeDomain (521ms)
			TypeCache.Refresh (22ms)
				TypeCache.ScanAssembly (0ms)
			BuildScriptInfoCaches (474ms)
			ResolveRequiredComponents (20ms)
	FinalizeReload (2630ms)
		ReleaseScriptCaches (0ms)
		RebuildScriptCaches (0ms)
		SetupLoadedEditorAssemblies (2093ms)
			LogAssemblyErrors (0ms)
			InitializePlatformSupportModulesInManaged (65ms)
			SetLoadedEditorAssemblies (16ms)
			BeforeProcessingInitializeOnLoad (371ms)
			ProcessInitializeOnLoadAttributes (1413ms)
			ProcessInitializeOnLoadMethodAttributes (212ms)
			AfterProcessingInitializeOnLoad (14ms)
			EditorAssembliesLoaded (1ms)
		ExecutionOrderSort2 (0ms)
		AwakeInstancesAfterBackupRestoration (54ms)
Refreshing native plugins compatible for Editor in 5.17 ms, found 4 plugins.
Preloading 0 native plugins for Editor in 0.00 ms.
Unloading 13 Unused Serialized files (Serialized files now loaded: 0)
Unloading 6580 unused Assets / (4.2 MB). Loaded Objects now: 7437.
Memory consumption went from 154.8 MB to 150.7 MB.
Total: 34.696200 ms (FindLiveObjects: 2.845300 ms CreateObjectMapping: 3.513200 ms MarkObjects: 19.363000 ms  DeleteObjects: 8.971300 ms)

Prepare: number of updated asset objects reloaded= 0
========================================================================
Received Import Request.
  Time since last request: 634.697593 seconds.
  path: Assets/GameInputControllerIconsFree/keyboard/keyboard-solid/tab.png
  artifactKey: Guid(a2c89c67a31574b4eaf56799a7760024) Importer(815301076,1909f56bfc062723c751e8b465ee728b)
Start importing Assets/GameInputControllerIconsFree/keyboard/keyboard-solid/tab.png using Guid(a2c89c67a31574b4eaf56799a7760024) Importer(815301076,1909f56bfc062723c751e8b465ee728b) (PreviewImporter) -> (artifact id: '70ed21d56f92ddfb22bbbd0de338c79c') in 0.1855923 seconds
Number of updated asset objects reloaded before import = 0Number of asset objects unloaded after import = 3

========================================================================
Received Import Request.
  Time since last request: 0.000047 seconds.
  path: Packages/com.unity.2d.common/Path/Editor/Handles/TangentBrokenPro.png
  artifactKey: Guid(8bdd64764208642f9adc3509ebbe41a3) Importer(815301076,1909f56bfc062723c751e8b465ee728b)
Start importing Packages/com.unity.2d.common/Path/Editor/Handles/TangentBrokenPro.png using Guid(8bdd64764208642f9adc3509ebbe41a3) Importer(815301076,1909f56bfc062723c751e8b465ee728b) (PreviewImporter) -> (artifact id: '74e18c06349cd846ab001bde9c7f08f5') in 0.0472876 seconds
Number of updated asset objects reloaded before import = 0Number of asset objects unloaded after import = 3

========================================================================
Received Import Request.
  Time since last request: 0.000035 seconds.
  path: Packages/com.unity.2d.common/Path/Editor/Handles/TangentContinuous.png
  artifactKey: Guid(f180c07cee9924980a0af50a95afe6b2) Importer(815301076,1909f56bfc062723c751e8b465ee728b)
Start importing Packages/com.unity.2d.common/Path/Editor/Handles/TangentContinuous.png using Guid(f180c07cee9924980a0af50a95afe6b2) Importer(815301076,1909f56bfc062723c751e8b465ee728b) (PreviewImporter) -> (artifact id: 'a3bb2ee9b15136a255238a1f67cfee3b') in 0.056047 seconds
Number of updated asset objects reloaded before import = 0Number of asset objects unloaded after import = 3

========================================================================
Received Import Request.
  Time since last request: 3.587170 seconds.
  path: Assets/GameInputControllerIconsFree/keyboard/keyboard-solid/tilde.png
  artifactKey: Guid(6d106e344f3feab42940d378bf7cf6c2) Importer(815301076,1909f56bfc062723c751e8b465ee728b)
Start importing Assets/GameInputControllerIconsFree/keyboard/keyboard-solid/tilde.png using Guid(6d106e344f3feab42940d378bf7cf6c2) Importer(815301076,1909f56bfc062723c751e8b465ee728b) (PreviewImporter) -> (artifact id: 'bda0d91b095aa10c7ef75d2cc03f0f50') in 0.0354252 seconds
Number of updated asset objects reloaded before import = 0Number of asset objects unloaded after import = 3

========================================================================
Received Import Request.
  Time since last request: 0.570801 seconds.
  path: Packages/com.unity.2d.tilemap/Editor/Icons/Tilemap.BrushPicks@2x.png
  artifactKey: Guid(7befde712044bf34d8d765aba01a52c9) Importer(815301076,1909f56bfc062723c751e8b465ee728b)
Start importing Packages/com.unity.2d.tilemap/Editor/Icons/Tilemap.BrushPicks@2x.png using Guid(7befde712044bf34d8d765aba01a52c9) Importer(815301076,1909f56bfc062723c751e8b465ee728b) (PreviewImporter) -> (artifact id: 'c13600d1651050392d1b5f1a7989c16c') in 0.0381197 seconds
Number of updated asset objects reloaded before import = 0Number of asset objects unloaded after import = 3

========================================================================
Received Import Request.
  Time since last request: 0.000021 seconds.
  path: Packages/com.unity.2d.tilemap/Editor/Icons/Tilemap.BrushPicks@4x.png
  artifactKey: Guid(45612d93bb71d8f48bb1dba4b0f5caac) Importer(815301076,1909f56bfc062723c751e8b465ee728b)
Start importing Packages/com.unity.2d.tilemap/Editor/Icons/Tilemap.BrushPicks@4x.png using Guid(45612d93bb71d8f48bb1dba4b0f5caac) Importer(815301076,1909f56bfc062723c751e8b465ee728b) (PreviewImporter) -> (artifact id: '92388c2985c9a74e93cb7e81441de7d2') in 0.0233708 seconds
Number of updated asset objects reloaded before import = 0Number of asset objects unloaded after import = 3

========================================================================
Received Import Request.
  Time since last request: 0.000029 seconds.
  path: Packages/com.unity.2d.tilemap/Editor/Icons/Tilemap.BrushSettings@4x.png
  artifactKey: Guid(ff827e3a021bd1b4493ddbcd90ed460f) Importer(815301076,1909f56bfc062723c751e8b465ee728b)
Start importing Packages/com.unity.2d.tilemap/Editor/Icons/Tilemap.BrushSettings@4x.png using Guid(ff827e3a021bd1b4493ddbcd90ed460f) Importer(815301076,1909f56bfc062723c751e8b465ee728b) (PreviewImporter) -> (artifact id: '7f894f06e725b4f9d1fd59b96a98e7bf') in 0.0753391 seconds
Number of updated asset objects reloaded before import = 0Number of asset objects unloaded after import = 3

========================================================================
Received Import Request.
  Time since last request: 0.000027 seconds.
  path: Packages/com.unity.2d.tilemap/Editor/Icons/Tilemap.DefaultBrush.png
  artifactKey: Guid(53439e5dcebe4d74e8358cf7104c4666) Importer(815301076,1909f56bfc062723c751e8b465ee728b)
Start importing Packages/com.unity.2d.tilemap/Editor/Icons/Tilemap.DefaultBrush.png using Guid(53439e5dcebe4d74e8358cf7104c4666) Importer(815301076,1909f56bfc062723c751e8b465ee728b) (PreviewImporter) -> (artifact id: '7be752a7f0fab146164a63659a0b808f') in 0.0459735 seconds
Number of updated asset objects reloaded before import = 0Number of asset objects unloaded after import = 3

========================================================================
Received Import Request.
  Time since last request: 0.079977 seconds.
  path: Packages/com.unity.2d.tilemap/Editor/Icons/Tilemap.EditPalette.png
  artifactKey: Guid(4858e04232af5e340922812cd3697086) Importer(815301076,1909f56bfc062723c751e8b465ee728b)
Start importing Packages/com.unity.2d.tilemap/Editor/Icons/Tilemap.EditPalette.png using Guid(4858e04232af5e340922812cd3697086) Importer(815301076,1909f56bfc062723c751e8b465ee728b) (PreviewImporter) -> (artifact id: '6e2770faf7853151a9f6620edb86ee34') in 0.0224443 seconds
Number of updated asset objects reloaded before import = 0Number of asset objects unloaded after import = 3

========================================================================
Received Import Request.
  Time since last request: 0.422840 seconds.
  path: Packages/com.unity.2d.tilemap/Editor/Icons/Tilemap.FocusGrid.png
  artifactKey: Guid(0838dba95105e7148a96012c2778a2d5) Importer(815301076,1909f56bfc062723c751e8b465ee728b)
Start importing Packages/com.unity.2d.tilemap/Editor/Icons/Tilemap.FocusGrid.png using Guid(0838dba95105e7148a96012c2778a2d5) Importer(815301076,1909f56bfc062723c751e8b465ee728b) (PreviewImporter) -> (artifact id: '53faadca35731f15f02aaf703112f03b') in 0.0426918 seconds
Number of updated asset objects reloaded before import = 0Number of asset objects unloaded after import = 3

========================================================================
Received Import Request.
  Time since last request: 0.000066 seconds.
  path: Packages/com.unity.2d.tilemap/Editor/Icons/Tilemap.FocusGrid@4x.png
  artifactKey: Guid(a1bd3db90f5f7314e822ba2e38f901c6) Importer(815301076,1909f56bfc062723c751e8b465ee728b)
Start importing Packages/com.unity.2d.tilemap/Editor/Icons/Tilemap.FocusGrid@4x.png using Guid(a1bd3db90f5f7314e822ba2e38f901c6) Importer(815301076,1909f56bfc062723c751e8b465ee728b) (PreviewImporter) -> (artifact id: 'e0ca16df70a8be1e4023b9c2a1540445') in 0.037171 seconds
Number of updated asset objects reloaded before import = 0Number of asset objects unloaded after import = 3

========================================================================
Received Import Request.
  Time since last request: 0.320248 seconds.
  path: Packages/com.unity.2d.tilemap/Editor/Icons/Tilemap.FocusNone@2x.png
  artifactKey: Guid(f8e27d22a910edd4e9b6791a887aa9e1) Importer(815301076,1909f56bfc062723c751e8b465ee728b)
Start importing Packages/com.unity.2d.tilemap/Editor/Icons/Tilemap.FocusNone@2x.png using Guid(f8e27d22a910edd4e9b6791a887aa9e1) Importer(815301076,1909f56bfc062723c751e8b465ee728b) (PreviewImporter) -> (artifact id: 'aaa1a2091f84efdfeaf597c2ed877dd2') in 0.11147 seconds
Number of updated asset objects reloaded before import = 0Number of asset objects unloaded after import = 3

========================================================================
Received Import Request.
  Time since last request: 0.124944 seconds.
  path: Packages/com.unity.2d.tilemap/Editor/Icons/Tilemap.FocusTilemap@4x.png
  artifactKey: Guid(7360ac83b6bff7149836a436a4920d53) Importer(815301076,1909f56bfc062723c751e8b465ee728b)
Start importing Packages/com.unity.2d.tilemap/Editor/Icons/Tilemap.FocusTilemap@4x.png using Guid(7360ac83b6bff7149836a436a4920d53) Importer(815301076,1909f56bfc062723c751e8b465ee728b) (PreviewImporter) -> (artifact id: '01a6edbfebd3fece3636e1a6047b1a51') in 0.0613848 seconds
Number of updated asset objects reloaded before import = 0Number of asset objects unloaded after import = 3

========================================================================
Received Import Request.
  Time since last request: 0.000036 seconds.
  path: Packages/com.unity.2d.tilemap/Editor/Icons/Tilemap.GridPaint@2x.png
  artifactKey: Guid(42fb19d14e266e4409770bbcdbc6a1e5) Importer(815301076,1909f56bfc062723c751e8b465ee728b)
Start importing Packages/com.unity.2d.tilemap/Editor/Icons/Tilemap.GridPaint@2x.png using Guid(42fb19d14e266e4409770bbcdbc6a1e5) Importer(815301076,1909f56bfc062723c751e8b465ee728b) (PreviewImporter) -> (artifact id: 'c870e17232c7003996d1dc48849b271d') in 0.0348378 seconds
Number of updated asset objects reloaded before import = 0Number of asset objects unloaded after import = 3

========================================================================
Received Import Request.
  Time since last request: 0.067344 seconds.
  path: Packages/com.unity.2d.tilemap/Editor/Icons/Tilemap.ShowGrid.png
  artifactKey: Guid(63154732be07c2242a369890e0f80a72) Importer(815301076,1909f56bfc062723c751e8b465ee728b)
Start importing Packages/com.unity.2d.tilemap/Editor/Icons/Tilemap.ShowGrid.png using Guid(63154732be07c2242a369890e0f80a72) Importer(815301076,1909f56bfc062723c751e8b465ee728b) (PreviewImporter) -> (artifact id: '68f367ced165b4df0b03162be71a75ed') in 0.0488951 seconds
Number of updated asset objects reloaded before import = 0Number of asset objects unloaded after import = 3

========================================================================
Received Import Request.
  Time since last request: 0.000023 seconds.
  path: Packages/com.unity.2d.tilemap/Editor/Icons/Tilemap.ShowGrid@4x.png
  artifactKey: Guid(b375422385f769844a35ff7743e8f1bb) Importer(815301076,1909f56bfc062723c751e8b465ee728b)
Start importing Packages/com.unity.2d.tilemap/Editor/Icons/Tilemap.ShowGrid@4x.png using Guid(b375422385f769844a35ff7743e8f1bb) Importer(815301076,1909f56bfc062723c751e8b465ee728b) (PreviewImporter) -> (artifact id: '9cb961a56ebb03c1b37d8cae5ca3281b') in 0.0754027 seconds
Number of updated asset objects reloaded before import = 0Number of asset objects unloaded after import = 3

========================================================================
Received Import Request.
  Time since last request: 0.016939 seconds.
  path: Packages/com.unity.2d.tilemap/Editor/Icons/Tilemap.ShowTilePalette@4x.png
  artifactKey: Guid(401e910567b72dd4abf58be9f7e0518b) Importer(815301076,1909f56bfc062723c751e8b465ee728b)
Start importing Packages/com.unity.2d.tilemap/Editor/Icons/Tilemap.ShowTilePalette@4x.png using Guid(401e910567b72dd4abf58be9f7e0518b) Importer(815301076,1909f56bfc062723c751e8b465ee728b) (PreviewImporter) -> (artifact id: 'b020f43f270a7c6e8d5c935a8d9d0448') in 0.095386 seconds
Number of updated asset objects reloaded before import = 0Number of asset objects unloaded after import = 3

========================================================================
Received Import Request.
  Time since last request: 0.000018 seconds.
  path: Packages/com.unity.2d.tilemap/Editor/Icons/Tilemap.TilePalette.png
  artifactKey: Guid(a605ef4315d43d6438e211f589d2df38) Importer(815301076,1909f56bfc062723c751e8b465ee728b)
Start importing Packages/com.unity.2d.tilemap/Editor/Icons/Tilemap.TilePalette.png using Guid(a605ef4315d43d6438e211f589d2df38) Importer(815301076,1909f56bfc062723c751e8b465ee728b) (PreviewImporter) -> (artifact id: '5b481738858f70b1363fd823e07be17d') in 0.0647983 seconds
Number of updated asset objects reloaded before import = 0Number of asset objects unloaded after import = 3

========================================================================
Received Import Request.
  Time since last request: 0.000024 seconds.
  path: Packages/com.unity.2d.tilemap/Editor/Icons/Tilemap.TilePalette@4x.png
  artifactKey: Guid(920ecfdb532776b4cb32b37e5bd9e6ff) Importer(815301076,1909f56bfc062723c751e8b465ee728b)
Start importing Packages/com.unity.2d.tilemap/Editor/Icons/Tilemap.TilePalette@4x.png using Guid(920ecfdb532776b4cb32b37e5bd9e6ff) Importer(815301076,1909f56bfc062723c751e8b465ee728b) (PreviewImporter) -> (artifact id: '50c371813a71e11c8a8cc83c6886ae95') in 0.0522974 seconds
Number of updated asset objects reloaded before import = 0Number of asset objects unloaded after import = 3

========================================================================
Received Import Request.
  Time since last request: 7.560511 seconds.
  path: Packages/com.unity.render-pipelines.core/Runtime/Debugging/Prefabs/Textures/UIArrowDown.png
  artifactKey: Guid(f224bfd122877a34aa49c63693fc317b) Importer(815301076,1909f56bfc062723c751e8b465ee728b)
Start importing Packages/com.unity.render-pipelines.core/Runtime/Debugging/Prefabs/Textures/UIArrowDown.png using Guid(f224bfd122877a34aa49c63693fc317b) Importer(815301076,1909f56bfc062723c751e8b465ee728b) (PreviewImporter) -> (artifact id: 'b88feeb0e59bc04d59bae1dacb50b79a') in 0.1198419 seconds
Number of updated asset objects reloaded before import = 0Number of asset objects unloaded after import = 3

========================================================================
Received Import Request.
  Time since last request: 0.000024 seconds.
  path: Packages/com.unity.render-pipelines.core/Runtime/Debugging/Prefabs/Textures/UIElement8px.png
  artifactKey: Guid(d49e78756811bfa4aafb8b6535417991) Importer(815301076,1909f56bfc062723c751e8b465ee728b)
Start importing Packages/com.unity.render-pipelines.core/Runtime/Debugging/Prefabs/Textures/UIElement8px.png using Guid(d49e78756811bfa4aafb8b6535417991) Importer(815301076,1909f56bfc062723c751e8b465ee728b) (PreviewImporter) -> (artifact id: 'c65c73aed148492528c8f8e2949ba829') in 0.0225649 seconds
Number of updated asset objects reloaded before import = 0Number of asset objects unloaded after import = 3

========================================================================
Received Import Request.
  Time since last request: 0.000044 seconds.
  path: Packages/com.unity.render-pipelines.core/Runtime/Debugging/Prefabs/Textures/UIFoldoutOpened.png
  artifactKey: Guid(a674720496c1ed248a5b7ea3e22a11fd) Importer(815301076,1909f56bfc062723c751e8b465ee728b)
Start importing Packages/com.unity.render-pipelines.core/Runtime/Debugging/Prefabs/Textures/UIFoldoutOpened.png using Guid(a674720496c1ed248a5b7ea3e22a11fd) Importer(815301076,1909f56bfc062723c751e8b465ee728b) (PreviewImporter) -> (artifact id: '233935346ad6a1dccbd1304d1826bf94') in 0.0239499 seconds
Number of updated asset objects reloaded before import = 0Number of asset objects unloaded after import = 3

========================================================================
Received Import Request.
  Time since last request: 0.000079 seconds.
  path: Assets/GameInputControllerIconsFree/keyboard/keyboard-outlined/v.png
  artifactKey: Guid(4151815ae27cfd449b9e45c647fa09ab) Importer(815301076,1909f56bfc062723c751e8b465ee728b)
Start importing Assets/GameInputControllerIconsFree/keyboard/keyboard-outlined/v.png using Guid(4151815ae27cfd449b9e45c647fa09ab) Importer(815301076,1909f56bfc062723c751e8b465ee728b) (PreviewImporter) -> (artifact id: '0aa2fad1b3fb79a3b3f60c0552ff4d5e') in 0.0639504 seconds
Number of updated asset objects reloaded before import = 0Number of asset objects unloaded after import = 3

========================================================================
Received Import Request.
  Time since last request: 0.000023 seconds.
  path: Packages/com.unity.2d.animation/Editor/Assets/EditorIcons/Light/Visibility_Hidded@2x.png
  artifactKey: Guid(f3940f64802892746b2ec336d3b0c5f4) Importer(815301076,1909f56bfc062723c751e8b465ee728b)
Start importing Packages/com.unity.2d.animation/Editor/Assets/EditorIcons/Light/Visibility_Hidded@2x.png using Guid(f3940f64802892746b2ec336d3b0c5f4) Importer(815301076,1909f56bfc062723c751e8b465ee728b) (PreviewImporter) -> (artifact id: '73b220f3db556d07cc0288c78ee0edb1') in 0.0711222 seconds
Number of updated asset objects reloaded before import = 0Number of asset objects unloaded after import = 3

========================================================================
Received Import Request.
  Time since last request: 0.000025 seconds.
  path: Packages/com.unity.2d.animation/Editor/Assets/EditorIcons/Light/Visibility_Hidded@4x.png
  artifactKey: Guid(f469f8253737d534ca7809ae6f0d2422) Importer(815301076,1909f56bfc062723c751e8b465ee728b)
Start importing Packages/com.unity.2d.animation/Editor/Assets/EditorIcons/Light/Visibility_Hidded@4x.png using Guid(f469f8253737d534ca7809ae6f0d2422) Importer(815301076,1909f56bfc062723c751e8b465ee728b) (PreviewImporter) -> (artifact id: '7758bc68e6e1e15975f15e04129699b0') in 0.0782662 seconds
Number of updated asset objects reloaded before import = 0Number of asset objects unloaded after import = 3

========================================================================
Received Import Request.
  Time since last request: 0.000028 seconds.
  path: Packages/com.unity.2d.animation/Editor/Assets/EditorIcons/Selected/Visibility_Tool.png
  artifactKey: Guid(7342ee656932e31489ea62e64e012645) Importer(815301076,1909f56bfc062723c751e8b465ee728b)
Start importing Packages/com.unity.2d.animation/Editor/Assets/EditorIcons/Selected/Visibility_Tool.png using Guid(7342ee656932e31489ea62e64e012645) Importer(815301076,1909f56bfc062723c751e8b465ee728b) (PreviewImporter) -> (artifact id: 'd187812fcd2d89771dd6997320ea7d75') in 0.0301091 seconds
Number of updated asset objects reloaded before import = 0Number of asset objects unloaded after import = 3

========================================================================
Received Import Request.
  Time since last request: 0.000026 seconds.
  path: Packages/com.unity.2d.animation/Editor/Assets/EditorIcons/Selected/Visibility_Tool@2x.png
  artifactKey: Guid(ef9977ed07c438845a52c577f4ffcc3a) Importer(815301076,1909f56bfc062723c751e8b465ee728b)
Start importing Packages/com.unity.2d.animation/Editor/Assets/EditorIcons/Selected/Visibility_Tool@2x.png using Guid(ef9977ed07c438845a52c577f4ffcc3a) Importer(815301076,1909f56bfc062723c751e8b465ee728b) (PreviewImporter) -> (artifact id: '98fe669b49f3ef7c50a27b6c1bff6b41') in 0.7427997 seconds
Number of updated asset objects reloaded before import = 0Number of asset objects unloaded after import = 3

========================================================================
Received Import Request.
  Time since last request: 0.000038 seconds.
  path: Packages/com.unity.2d.animation/Editor/Assets/EditorIcons/Light/Visibility_Tool@3x.png
  artifactKey: Guid(ec23e33668eecff4aaec16f735dcc204) Importer(815301076,1909f56bfc062723c751e8b465ee728b)
Start importing Packages/com.unity.2d.animation/Editor/Assets/EditorIcons/Light/Visibility_Tool@3x.png using Guid(ec23e33668eecff4aaec16f735dcc204) Importer(815301076,1909f56bfc062723c751e8b465ee728b) (PreviewImporter) -> (artifact id: '84cc021b95b3da4bd2b44cafa604c07b') in 0.0535421 seconds
Number of updated asset objects reloaded before import = 0Number of asset objects unloaded after import = 3

========================================================================
Received Import Request.
  Time since last request: 0.000024 seconds.
  path: Packages/com.unity.2d.animation/Editor/Assets/EditorIcons/Selected/Visibility_Tool@4x.png
  artifactKey: Guid(f082e69f825d0aa44b687e592731c0a8) Importer(815301076,1909f56bfc062723c751e8b465ee728b)
Start importing Packages/com.unity.2d.animation/Editor/Assets/EditorIcons/Selected/Visibility_Tool@4x.png using Guid(f082e69f825d0aa44b687e592731c0a8) Importer(815301076,1909f56bfc062723c751e8b465ee728b) (PreviewImporter) -> (artifact id: '7787c862e74bd05859655705274fefa3') in 0.3251571 seconds
Number of updated asset objects reloaded before import = 0Number of asset objects unloaded after import = 3

========================================================================
Received Import Request.
  Time since last request: 0.000027 seconds.
  path: Assets/GameInputControllerIconsFree/keyboard/keyboard-solid/w.png
  artifactKey: Guid(c48a9e623f57a964bb290afc4c88ec5e) Importer(815301076,1909f56bfc062723c751e8b465ee728b)
Start importing Assets/GameInputControllerIconsFree/keyboard/keyboard-solid/w.png using Guid(c48a9e623f57a964bb290afc4c88ec5e) Importer(815301076,1909f56bfc062723c751e8b465ee728b) (PreviewImporter) -> (artifact id: '0a3758069d379e61aa6e89c4056566ea') in 0.0242247 seconds
Number of updated asset objects reloaded before import = 0Number of asset objects unloaded after import = 3

========================================================================
Received Import Request.
  Time since last request: 0.134540 seconds.
  path: Packages/com.unity.2d.animation/Editor/Assets/EditorIcons/Light/WarningIcon_Small@2x.png
  artifactKey: Guid(817a8eafcec5342d0a520cb1f23c1ea4) Importer(815301076,1909f56bfc062723c751e8b465ee728b)
Start importing Packages/com.unity.2d.animation/Editor/Assets/EditorIcons/Light/WarningIcon_Small@2x.png using Guid(817a8eafcec5342d0a520cb1f23c1ea4) Importer(815301076,1909f56bfc062723c751e8b465ee728b) (PreviewImporter) -> (artifact id: '80a74c602ba12428060c59d0537540dc') in 0.0657815 seconds
Number of updated asset objects reloaded before import = 0Number of asset objects unloaded after import = 3

========================================================================
Received Import Request.
  Time since last request: 0.074776 seconds.
  path: Packages/com.unity.2d.animation/Editor/Assets/EditorIcons/Light/Weight_Brush.png
  artifactKey: Guid(9d026c034cfd40746a436496efe2dd7f) Importer(815301076,1909f56bfc062723c751e8b465ee728b)
Start importing Packages/com.unity.2d.animation/Editor/Assets/EditorIcons/Light/Weight_Brush.png using Guid(9d026c034cfd40746a436496efe2dd7f) Importer(815301076,1909f56bfc062723c751e8b465ee728b) (PreviewImporter) -> (artifact id: '364e45c360dc7b1f8615c08bdd49d6fd') in 0.0383934 seconds
Number of updated asset objects reloaded before import = 0Number of asset objects unloaded after import = 3

========================================================================
Received Import Request.
  Time since last request: 0.228900 seconds.
  path: Packages/com.unity.2d.animation/Editor/Assets/EditorIcons/Light/Weight_Brush@2x.png
  artifactKey: Guid(17d3bf7425a0748489ce3633e38652db) Importer(815301076,1909f56bfc062723c751e8b465ee728b)
Start importing Packages/com.unity.2d.animation/Editor/Assets/EditorIcons/Light/Weight_Brush@2x.png using Guid(17d3bf7425a0748489ce3633e38652db) Importer(815301076,1909f56bfc062723c751e8b465ee728b) (PreviewImporter) -> (artifact id: '1ca034a021067b506db331e253a0f6ed') in 0.0566568 seconds
Number of updated asset objects reloaded before import = 0Number of asset objects unloaded after import = 3

========================================================================
Received Import Request.
  Time since last request: 0.000082 seconds.
  path: Packages/com.unity.2d.animation/Editor/Assets/EditorIcons/Selected/Weight_Brush@3x.png
  artifactKey: Guid(3e6e6fbbd946d0541923f45f4eaa2cf1) Importer(815301076,1909f56bfc062723c751e8b465ee728b)
Start importing Packages/com.unity.2d.animation/Editor/Assets/EditorIcons/Selected/Weight_Brush@3x.png using Guid(3e6e6fbbd946d0541923f45f4eaa2cf1) Importer(815301076,1909f56bfc062723c751e8b465ee728b) (PreviewImporter) -> (artifact id: '0551381da1da1ed167ba0b52869719c8') in 0.0240594 seconds
Number of updated asset objects reloaded before import = 0Number of asset objects unloaded after import = 3

========================================================================
Received Import Request.
  Time since last request: 0.038285 seconds.
  path: Packages/com.unity.2d.animation/Editor/Assets/EditorIcons/Selected/Weight_Brush@4x.png
  artifactKey: Guid(48464cd53bb3c604f999e7d3f15e8d09) Importer(815301076,1909f56bfc062723c751e8b465ee728b)
Start importing Packages/com.unity.2d.animation/Editor/Assets/EditorIcons/Selected/Weight_Brush@4x.png using Guid(48464cd53bb3c604f999e7d3f15e8d09) Importer(815301076,1909f56bfc062723c751e8b465ee728b) (PreviewImporter) -> (artifact id: 'd00799e5a7907239b5c39b0b0ddf3547') in 0.0739295 seconds
Number of updated asset objects reloaded before import = 0Number of asset objects unloaded after import = 3

========================================================================
Received Import Request.
  Time since last request: 0.000024 seconds.
  path: Packages/com.unity.2d.animation/Editor/Assets/EditorIcons/Light/Weight_Slider.png
  artifactKey: Guid(aa91af43c72989f44bf937fd28243bc7) Importer(815301076,1909f56bfc062723c751e8b465ee728b)
Start importing Packages/com.unity.2d.animation/Editor/Assets/EditorIcons/Light/Weight_Slider.png using Guid(aa91af43c72989f44bf937fd28243bc7) Importer(815301076,1909f56bfc062723c751e8b465ee728b) (PreviewImporter) -> (artifact id: '9d99425b76958e815d818876decf0751') in 0.0440558 seconds
Number of updated asset objects reloaded before import = 0Number of asset objects unloaded after import = 3

========================================================================
Received Import Request.
  Time since last request: 0.091321 seconds.
  path: Packages/com.unity.2d.animation/Editor/Assets/EditorIcons/Light/Weight_Slider@2x.png
  artifactKey: Guid(6306a4776b130304bba7a139fc1d2bb8) Importer(815301076,1909f56bfc062723c751e8b465ee728b)
Start importing Packages/com.unity.2d.animation/Editor/Assets/EditorIcons/Light/Weight_Slider@2x.png using Guid(6306a4776b130304bba7a139fc1d2bb8) Importer(815301076,1909f56bfc062723c751e8b465ee728b) (PreviewImporter) -> (artifact id: 'bf61a1d6874057d694d544a81d62a249') in 0.0765592 seconds
Number of updated asset objects reloaded before import = 0Number of asset objects unloaded after import = 3

========================================================================
Received Import Request.
  Time since last request: 0.000031 seconds.
  path: Packages/com.unity.2d.animation/Editor/Assets/EditorIcons/Light/Weight_Slider@3x.png
  artifactKey: Guid(ec8214d7d416a8746bb342b71e8e4269) Importer(815301076,1909f56bfc062723c751e8b465ee728b)
Start importing Packages/com.unity.2d.animation/Editor/Assets/EditorIcons/Light/Weight_Slider@3x.png using Guid(ec8214d7d416a8746bb342b71e8e4269) Importer(815301076,1909f56bfc062723c751e8b465ee728b) (PreviewImporter) -> (artifact id: '6b7094c5c2905700e7b2db203043f62a') in 0.4564076 seconds
Number of updated asset objects reloaded before import = 0Number of asset objects unloaded after import = 3

========================================================================
Received Import Request.
  Time since last request: 0.051231 seconds.
  path: Packages/com.unity.2d.animation/Editor/Assets/EditorIcons/Selected/Weight_Slider@4x.png
  artifactKey: Guid(ac47ed8ccc79cf04dae198b9cc5b3a6f) Importer(815301076,1909f56bfc062723c751e8b465ee728b)
Start importing Packages/com.unity.2d.animation/Editor/Assets/EditorIcons/Selected/Weight_Slider@4x.png using Guid(ac47ed8ccc79cf04dae198b9cc5b3a6f) Importer(815301076,1909f56bfc062723c751e8b465ee728b) (PreviewImporter) -> (artifact id: '0d0c425e410d36f2e21b745daaf0c028') in 0.0628917 seconds
Number of updated asset objects reloaded before import = 0Number of asset objects unloaded after import = 3

========================================================================
Received Import Request.
  Time since last request: 0.000024 seconds.
  path: Assets/GameInputControllerIconsFree/keyboard/keyboard-solid/windows.png
  artifactKey: Guid(f589e3ced6f7930448fc1b19306e55d6) Importer(815301076,1909f56bfc062723c751e8b465ee728b)
Start importing Assets/GameInputControllerIconsFree/keyboard/keyboard-solid/windows.png using Guid(f589e3ced6f7930448fc1b19306e55d6) Importer(815301076,1909f56bfc062723c751e8b465ee728b) (PreviewImporter) -> (artifact id: '53ec9990df7cf043d6c6dd63ea4581fd') in 0.0260608 seconds
Number of updated asset objects reloaded before import = 0Number of asset objects unloaded after import = 3

========================================================================
Received Import Request.
  Time since last request: 0.215129 seconds.
  path: Assets/GameInputControllerIconsFree/keyboard/keyboard-outlined/x.png
  artifactKey: Guid(46f5569d8ec15754aa3e28e0ae729583) Importer(815301076,1909f56bfc062723c751e8b465ee728b)
Start importing Assets/GameInputControllerIconsFree/keyboard/keyboard-outlined/x.png using Guid(46f5569d8ec15754aa3e28e0ae729583) Importer(815301076,1909f56bfc062723c751e8b465ee728b) (PreviewImporter) -> (artifact id: '7db865aa2a7b69318988fd001e653b7d') in 0.0297756 seconds
Number of updated asset objects reloaded before import = 0Number of asset objects unloaded after import = 3

========================================================================
Received Import Request.
  Time since last request: 0.013831 seconds.
  path: Assets/GameInputControllerIconsFree/keyboard/keyboard-outlined/y.png
  artifactKey: Guid(22ac7a51eb88a70439026805d15f58f5) Importer(815301076,1909f56bfc062723c751e8b465ee728b)
Start importing Assets/GameInputControllerIconsFree/keyboard/keyboard-outlined/y.png using Guid(22ac7a51eb88a70439026805d15f58f5) Importer(815301076,1909f56bfc062723c751e8b465ee728b) (PreviewImporter) -> (artifact id: 'f86b1286e175339d328f5f4d33850bb9') in 0.023235 seconds
Number of updated asset objects reloaded before import = 0Number of asset objects unloaded after import = 3

========================================================================
Received Import Request.
  Time since last request: 0.053855 seconds.
  path: Assets/GameInputControllerIconsFree/keyboard/keyboard-outlined/z.png
  artifactKey: Guid(49b06c20fc956a845aec08ad49443d91) Importer(815301076,1909f56bfc062723c751e8b465ee728b)
Start importing Assets/GameInputControllerIconsFree/keyboard/keyboard-outlined/z.png using Guid(49b06c20fc956a845aec08ad49443d91) Importer(815301076,1909f56bfc062723c751e8b465ee728b) (PreviewImporter) -> (artifact id: 'd8d47501eff59ed06254620c525e96e9') in 0.0480501 seconds
Number of updated asset objects reloaded before import = 0Number of asset objects unloaded after import = 3

========================================================================
Received Import Request.
  Time since last request: 40.793971 seconds.
  path: Packages/com.unity.2d.animation/Editor/Assets/EditorIcons/Selected/Sprite_Mode@2x.png
  artifactKey: Guid(ff2aa9ebc8aee604caa5f8459ac4ae43) Importer(815301076,1909f56bfc062723c751e8b465ee728b)
Start importing Packages/com.unity.2d.animation/Editor/Assets/EditorIcons/Selected/Sprite_Mode@2x.png using Guid(ff2aa9ebc8aee604caa5f8459ac4ae43) Importer(815301076,1909f56bfc062723c751e8b465ee728b) (PreviewImporter) -> (artifact id: '84b00f988823fb766a61dbb47d390fb1') in 0.0612587 seconds
Number of updated asset objects reloaded before import = 0Number of asset objects unloaded after import = 3

========================================================================
Received Import Request.
  Time since last request: 0.000086 seconds.
  path: Packages/com.unity.2d.animation/Editor/Assets/EditorIcons/Selected/Sprite_Mode@3x.png
  artifactKey: Guid(ea833d779996e3244b3b567764be9cf0) Importer(815301076,1909f56bfc062723c751e8b465ee728b)
Start importing Packages/com.unity.2d.animation/Editor/Assets/EditorIcons/Selected/Sprite_Mode@3x.png using Guid(ea833d779996e3244b3b567764be9cf0) Importer(815301076,1909f56bfc062723c751e8b465ee728b) (PreviewImporter) -> (artifact id: '9081e584db29caa8097b36dd1e310f94') in 0.0373856 seconds
Number of updated asset objects reloaded before import = 0Number of asset objects unloaded after import = 3

========================================================================
Received Import Request.
  Time since last request: 0.956996 seconds.
  path: Packages/com.unity.2d.animation/Editor/Assets/EditorIcons/Selected/Sprite_Influence@4x.png
  artifactKey: Guid(e959cb82696cd4dbf9e6b448af425c88) Importer(815301076,1909f56bfc062723c751e8b465ee728b)
Start importing Packages/com.unity.2d.animation/Editor/Assets/EditorIcons/Selected/Sprite_Influence@4x.png using Guid(e959cb82696cd4dbf9e6b448af425c88) Importer(815301076,1909f56bfc062723c751e8b465ee728b) (PreviewImporter) -> (artifact id: 'c96a39716c7fd59f9250ce60e5167b13') in 0.060132 seconds
Number of updated asset objects reloaded before import = 0Number of asset objects unloaded after import = 3

========================================================================
Received Import Request.
  Time since last request: 0.000043 seconds.
  path: Packages/com.unity.2d.animation/Editor/Assets/EditorIcons/Selected/Sprite_Mode.png
  artifactKey: Guid(ca778bc7303b24948abf3e907abbf2a0) Importer(815301076,1909f56bfc062723c751e8b465ee728b)
Start importing Packages/com.unity.2d.animation/Editor/Assets/EditorIcons/Selected/Sprite_Mode.png using Guid(ca778bc7303b24948abf3e907abbf2a0) Importer(815301076,1909f56bfc062723c751e8b465ee728b) (PreviewImporter) -> (artifact id: 'e95317270f494546625ef34dd7bfb709') in 0.0466641 seconds
Number of updated asset objects reloaded before import = 0Number of asset objects unloaded after import = 3

========================================================================
Received Import Request.
  Time since last request: 0.000047 seconds.
  path: Packages/com.unity.2d.animation/Editor/Assets/EditorIcons/Selected/Sprite_Influence@2x.png
  artifactKey: Guid(80f77a76467b24d1a856328afa989eb3) Importer(815301076,1909f56bfc062723c751e8b465ee728b)
Start importing Packages/com.unity.2d.animation/Editor/Assets/EditorIcons/Selected/Sprite_Influence@2x.png using Guid(80f77a76467b24d1a856328afa989eb3) Importer(815301076,1909f56bfc062723c751e8b465ee728b) (PreviewImporter) -> (artifact id: '11552d36200b2e4a2818ba6ceab9efa8') in 0.1060632 seconds
Number of updated asset objects reloaded before import = 0Number of asset objects unloaded after import = 3

========================================================================
Received Import Request.
  Time since last request: 1.950791 seconds.
  path: Packages/com.unity.2d.spriteshape/Editor/ObjectMenuCreation/DefaultAssets/Textures/Sprite Shape Fill.png
  artifactKey: Guid(b281b91a70a624a0da1c43adc1c30c7b) Importer(815301076,1909f56bfc062723c751e8b465ee728b)
Start importing Packages/com.unity.2d.spriteshape/Editor/ObjectMenuCreation/DefaultAssets/Textures/Sprite Shape Fill.png using Guid(b281b91a70a624a0da1c43adc1c30c7b) Importer(815301076,1909f56bfc062723c751e8b465ee728b) (PreviewImporter) -> (artifact id: '93a7f0b717651c12a048f8e60ac6fe81') in 0.0460219 seconds
Number of updated asset objects reloaded before import = 0Number of asset objects unloaded after import = 3

========================================================================
Received Import Request.
  Time since last request: 0.000023 seconds.
  path: Packages/com.unity.2d.animation/Editor/Assets/EditorIcons/Light/Sprite_Influence.png
  artifactKey: Guid(768531f76566d4b18bfe4ed7b21e5ce1) Importer(815301076,1909f56bfc062723c751e8b465ee728b)
Start importing Packages/com.unity.2d.animation/Editor/Assets/EditorIcons/Light/Sprite_Influence.png using Guid(768531f76566d4b18bfe4ed7b21e5ce1) Importer(815301076,1909f56bfc062723c751e8b465ee728b) (PreviewImporter) -> (artifact id: '44adb5eb53c9e382bc9947bed5501d94') in 0.0612704 seconds
Number of updated asset objects reloaded before import = 0Number of asset objects unloaded after import = 3

========================================================================
Received Import Request.
  Time since last request: 0.000028 seconds.
  path: Packages/com.unity.2d.animation/Editor/Assets/EditorIcons/Light/Split_Edge@3x.png
  artifactKey: Guid(4d2d8fb4fc2041441980b4ec253532b0) Importer(815301076,1909f56bfc062723c751e8b465ee728b)
Start importing Packages/com.unity.2d.animation/Editor/Assets/EditorIcons/Light/Split_Edge@3x.png using Guid(4d2d8fb4fc2041441980b4ec253532b0) Importer(815301076,1909f56bfc062723c751e8b465ee728b) (PreviewImporter) -> (artifact id: '07e34482fc3258265c861b4acce17783') in 0.0774246 seconds
Number of updated asset objects reloaded before import = 0Number of asset objects unloaded after import = 3

========================================================================
Received Import Request.
  Time since last request: 0.000057 seconds.
  path: Packages/com.unity.2d.animation/Editor/Assets/EditorIcons/Selected/Split_Edge@4x.png
  artifactKey: Guid(8272ea7c59da847458432e7c88bf7766) Importer(815301076,1909f56bfc062723c751e8b465ee728b)
Start importing Packages/com.unity.2d.animation/Editor/Assets/EditorIcons/Selected/Split_Edge@4x.png using Guid(8272ea7c59da847458432e7c88bf7766) Importer(815301076,1909f56bfc062723c751e8b465ee728b) (PreviewImporter) -> (artifact id: '4c88ca39af71bed361cbb390d9e22844') in 0.0307294 seconds
Number of updated asset objects reloaded before import = 0Number of asset objects unloaded after import = 3

========================================================================
Received Import Request.
  Time since last request: 0.000028 seconds.
  path: Packages/com.unity.2d.animation/Editor/Assets/EditorIcons/Selected/Split_Edge@2x.png
  artifactKey: Guid(2f12c9758dad4e34ea8bc886f1fdb0dd) Importer(815301076,1909f56bfc062723c751e8b465ee728b)
Start importing Packages/com.unity.2d.animation/Editor/Assets/EditorIcons/Selected/Split_Edge@2x.png using Guid(2f12c9758dad4e34ea8bc886f1fdb0dd) Importer(815301076,1909f56bfc062723c751e8b465ee728b) (PreviewImporter) -> (artifact id: '083129688de4883b6736d51065fcc2a3') in 0.0809399 seconds
Number of updated asset objects reloaded before import = 0Number of asset objects unloaded after import = 3

========================================================================
Received Import Request.
  Time since last request: 0.000037 seconds.
  path: Packages/com.unity.2d.animation/Editor/Assets/EditorIcons/Light/Split_Edge.png
  artifactKey: Guid(900065f34a33d2e478bf93a0191f68de) Importer(815301076,1909f56bfc062723c751e8b465ee728b)
Start importing Packages/com.unity.2d.animation/Editor/Assets/EditorIcons/Light/Split_Edge.png using Guid(900065f34a33d2e478bf93a0191f68de) Importer(815301076,1909f56bfc062723c751e8b465ee728b) (PreviewImporter) -> (artifact id: '3bb8cd8eee174c14cbdd50a39e13c0a9') in 0.0437997 seconds
Number of updated asset objects reloaded before import = 0Number of asset objects unloaded after import = 3

========================================================================
Received Import Request.
  Time since last request: 0.225323 seconds.
  path: Packages/com.unity.2d.animation/Editor/Assets/EditorIcons/Light/Split Bones@3x.png
  artifactKey: Guid(6b35476d10ed5614a949de8f7c45b534) Importer(815301076,1909f56bfc062723c751e8b465ee728b)
Start importing Packages/com.unity.2d.animation/Editor/Assets/EditorIcons/Light/Split Bones@3x.png using Guid(6b35476d10ed5614a949de8f7c45b534) Importer(815301076,1909f56bfc062723c751e8b465ee728b) (PreviewImporter) -> (artifact id: 'bab40395821e1ebba4d91ff140c2b22e') in 0.0357058 seconds
Number of updated asset objects reloaded before import = 0Number of asset objects unloaded after import = 3

========================================================================
Received Import Request.
  Time since last request: 0.000027 seconds.
  path: Packages/com.unity.2d.animation/Editor/Assets/EditorIcons/Light/Split Bones@4x.png
  artifactKey: Guid(e530623cd53f3ea46ac09b786f0c49ef) Importer(815301076,1909f56bfc062723c751e8b465ee728b)
Start importing Packages/com.unity.2d.animation/Editor/Assets/EditorIcons/Light/Split Bones@4x.png using Guid(e530623cd53f3ea46ac09b786f0c49ef) Importer(815301076,1909f56bfc062723c751e8b465ee728b) (PreviewImporter) -> (artifact id: 'b81e6f7811157895be23e1850170364e') in 0.041015 seconds
Number of updated asset objects reloaded before import = 0Number of asset objects unloaded after import = 3

========================================================================
Received Import Request.
  Time since last request: 0.101558 seconds.
  path: Packages/com.unity.2d.animation/Editor/Assets/EditorIcons/Light/Split Bones.png
  artifactKey: Guid(59bc7a7ca0683ac439e255a533670885) Importer(815301076,1909f56bfc062723c751e8b465ee728b)
Start importing Packages/com.unity.2d.animation/Editor/Assets/EditorIcons/Light/Split Bones.png using Guid(59bc7a7ca0683ac439e255a533670885) Importer(815301076,1909f56bfc062723c751e8b465ee728b) (PreviewImporter) -> (artifact id: '49a9f31412bf4b7ad863af19ded1f133') in 0.0371753 seconds
Number of updated asset objects reloaded before import = 0Number of asset objects unloaded after import = 3

========================================================================
Received Import Request.
  Time since last request: 0.000078 seconds.
  path: Packages/com.unity.2d.animation/Editor/Assets/EditorIcons/Light/Split Bones@2x.png
  artifactKey: Guid(180eeff5b9e615349907ea53344202fa) Importer(815301076,1909f56bfc062723c751e8b465ee728b)
Start importing Packages/com.unity.2d.animation/Editor/Assets/EditorIcons/Light/Split Bones@2x.png using Guid(180eeff5b9e615349907ea53344202fa) Importer(815301076,1909f56bfc062723c751e8b465ee728b) (PreviewImporter) -> (artifact id: '7d9f0b5a93f4322c956b84c0cfeb7f0e') in 0.0932696 seconds
Number of updated asset objects reloaded before import = 0Number of asset objects unloaded after import = 3

========================================================================
Received Import Request.
  Time since last request: 0.000043 seconds.
  path: Packages/com.unity.render-pipelines.universal/Editor/2D/Resources/Sparkle.png
  artifactKey: Guid(4a0aca3a5f2effb41b43cc0a1661d845) Importer(815301076,1909f56bfc062723c751e8b465ee728b)
Start importing Packages/com.unity.render-pipelines.universal/Editor/2D/Resources/Sparkle.png using Guid(4a0aca3a5f2effb41b43cc0a1661d845) Importer(815301076,1909f56bfc062723c751e8b465ee728b) (PreviewImporter) -> (artifact id: '548b107c4e8a1f5f03262172eb8c15a7') in 0.0700371 seconds
Number of updated asset objects reloaded before import = 0Number of asset objects unloaded after import = 3

========================================================================
Received Import Request.
  Time since last request: 2.550653 seconds.
  path: Packages/com.unity.2d.common/Path/Editor/Handles/ShapeTool.png
  artifactKey: Guid(2fd4f13c38edc483ba5fce64269a434a) Importer(815301076,1909f56bfc062723c751e8b465ee728b)
Start importing Packages/com.unity.2d.common/Path/Editor/Handles/ShapeTool.png using Guid(2fd4f13c38edc483ba5fce64269a434a) Importer(815301076,1909f56bfc062723c751e8b465ee728b) (PreviewImporter) -> (artifact id: 'e302dcb92108704cd180cce928a5c9de') in 0.0371284 seconds
Number of updated asset objects reloaded before import = 0Number of asset objects unloaded after import = 3

========================================================================
Received Import Request.
  Time since last request: 0.415919 seconds.
  path: Packages/com.unity.2d.animation/Editor/Assets/EditorIcons/Selected/SetPivot128.png
  artifactKey: Guid(51e0c1c1bb4924d41bab2ecec79e8956) Importer(815301076,1909f56bfc062723c751e8b465ee728b)
Start importing Packages/com.unity.2d.animation/Editor/Assets/EditorIcons/Selected/SetPivot128.png using Guid(51e0c1c1bb4924d41bab2ecec79e8956) Importer(815301076,1909f56bfc062723c751e8b465ee728b) (PreviewImporter) -> (artifact id: '9426bc1d8aff40b1bb8253829e0108ef') in 0.0521035 seconds
Number of updated asset objects reloaded before import = 0Number of asset objects unloaded after import = 3

========================================================================
Received Import Request.
  Time since last request: 0.000031 seconds.
  path: Packages/com.unity.2d.animation/Editor/Assets/EditorIcons/Selected/SetPivot256.png
  artifactKey: Guid(cf571779d45114b29b2641744a545123) Importer(815301076,1909f56bfc062723c751e8b465ee728b)
Start importing Packages/com.unity.2d.animation/Editor/Assets/EditorIcons/Selected/SetPivot256.png using Guid(cf571779d45114b29b2641744a545123) Importer(815301076,1909f56bfc062723c751e8b465ee728b) (PreviewImporter) -> (artifact id: 'd810763903df7ad85ccaa8924a90f725') in 0.0288093 seconds
Number of updated asset objects reloaded before import = 0Number of asset objects unloaded after import = 3

========================================================================
Received Import Request.
  Time since last request: 0.000258 seconds.
  path: Packages/com.unity.2d.animation/Editor/Assets/EditorIcons/Selected/SetPivot32.png
  artifactKey: Guid(82d262794483b44d097c6b72e3a9e271) Importer(815301076,1909f56bfc062723c751e8b465ee728b)
Start importing Packages/com.unity.2d.animation/Editor/Assets/EditorIcons/Selected/SetPivot32.png using Guid(82d262794483b44d097c6b72e3a9e271) Importer(815301076,1909f56bfc062723c751e8b465ee728b) (PreviewImporter) -> (artifact id: '16f3803c0d259be21fa27a3342abfea0') in 0.0680659 seconds
Number of updated asset objects reloaded before import = 0Number of asset objects unloaded after import = 3

========================================================================
Received Import Request.
  Time since last request: 0.000037 seconds.
  path: Packages/com.unity.2d.animation/Editor/Assets/EditorIcons/Light/SetPivot32.png
  artifactKey: Guid(2a637fd14bfd64d0e965e4c9e4a7d8b6) Importer(815301076,1909f56bfc062723c751e8b465ee728b)
Start importing Packages/com.unity.2d.animation/Editor/Assets/EditorIcons/Light/SetPivot32.png using Guid(2a637fd14bfd64d0e965e4c9e4a7d8b6) Importer(815301076,1909f56bfc062723c751e8b465ee728b) (PreviewImporter) -> (artifact id: '4aba527612fb08e04433fdbfbd8aae21') in 0.0344329 seconds
Number of updated asset objects reloaded before import = 0Number of asset objects unloaded after import = 3

========================================================================
Received Import Request.
  Time since last request: 0.454105 seconds.
  path: Assets/GameInputControllerIconsFree/keyboard/keyboard-outlined/semi-colon.png
  artifactKey: Guid(94b8fa56e5b9a1142bb2f5b572ac6fc1) Importer(815301076,1909f56bfc062723c751e8b465ee728b)
Start importing Assets/GameInputControllerIconsFree/keyboard/keyboard-outlined/semi-colon.png using Guid(94b8fa56e5b9a1142bb2f5b572ac6fc1) Importer(815301076,1909f56bfc062723c751e8b465ee728b) (PreviewImporter) -> (artifact id: '87ea672fffe7d3c12f85510f660da120') in 0.0290579 seconds
Number of updated asset objects reloaded before import = 0Number of asset objects unloaded after import = 3

========================================================================
Received Import Request.
  Time since last request: 0.014018 seconds.
  path: Packages/com.unity.2d.animation/Editor/Assets/EditorIcons/Light/SetPivot16.png
  artifactKey: Guid(e7ae402e1190249f4a2be52eb7ec09c5) Importer(815301076,1909f56bfc062723c751e8b465ee728b)
Start importing Packages/com.unity.2d.animation/Editor/Assets/EditorIcons/Light/SetPivot16.png using Guid(e7ae402e1190249f4a2be52eb7ec09c5) Importer(815301076,1909f56bfc062723c751e8b465ee728b) (PreviewImporter) -> (artifact id: '6cc24edfc427189ef308259c739fa9fe') in 0.0623323 seconds
Number of updated asset objects reloaded before import = 0Number of asset objects unloaded after import = 3

========================================================================
Received Import Request.
  Time since last request: 0.099280 seconds.
  path: Assets/GameInputControllerIconsFree/keyboard/keyboard-solid/s.png
  artifactKey: Guid(39c87eb429428fe49a2621871ade9193) Importer(815301076,1909f56bfc062723c751e8b465ee728b)
Start importing Assets/GameInputControllerIconsFree/keyboard/keyboard-solid/s.png using Guid(39c87eb429428fe49a2621871ade9193) Importer(815301076,1909f56bfc062723c751e8b465ee728b) (PreviewImporter) -> (artifact id: '53f3db412a7077d6064a82bf9859a829') in 0.0289594 seconds
Number of updated asset objects reloaded before import = 0Number of asset objects unloaded after import = 3

========================================================================
Received Import Request.
  Time since last request: 0.007791 seconds.
  path: Assets/GameInputControllerIconsFree/keyboard/keyboard-outlined/scrlk.png
  artifactKey: Guid(dd346864c4b77784191bbf2e1e7d60a7) Importer(815301076,1909f56bfc062723c751e8b465ee728b)
Start importing Assets/GameInputControllerIconsFree/keyboard/keyboard-outlined/scrlk.png using Guid(dd346864c4b77784191bbf2e1e7d60a7) Importer(815301076,1909f56bfc062723c751e8b465ee728b) (PreviewImporter) -> (artifact id: '06dc2812ed57e0e24ecb2d1dffc8491c') in 0.0593072 seconds
Number of updated asset objects reloaded before import = 0Number of asset objects unloaded after import = 3

========================================================================
Received Import Request.
  Time since last request: 0.469520 seconds.
  path: Packages/com.unity.render-pipelines.core/Editor/LookDev/Icons/RightArrow@2x.png
  artifactKey: Guid(e194270977977b24da0c6e1c962a5ce9) Importer(815301076,1909f56bfc062723c751e8b465ee728b)
Start importing Packages/com.unity.render-pipelines.core/Editor/LookDev/Icons/RightArrow@2x.png using Guid(e194270977977b24da0c6e1c962a5ce9) Importer(815301076,1909f56bfc062723c751e8b465ee728b) (PreviewImporter) -> (artifact id: '6d7395edc43e859badfc56b510121a95') in 0.030266 seconds
Number of updated asset objects reloaded before import = 0Number of asset objects unloaded after import = 3

========================================================================
Received Import Request.
  Time since last request: 1.429029 seconds.
  path: Packages/com.unity.render-pipelines.core/Editor/LookDev/Icons/Remove@2x.png
  artifactKey: Guid(049c8a7821177594692244298d82e4af) Importer(815301076,1909f56bfc062723c751e8b465ee728b)
Start importing Packages/com.unity.render-pipelines.core/Editor/LookDev/Icons/Remove@2x.png using Guid(049c8a7821177594692244298d82e4af) Importer(815301076,1909f56bfc062723c751e8b465ee728b) (PreviewImporter) -> (artifact id: '72b3f8abe057e6cf0b80144ffc2853a6') in 0.1171364 seconds
Number of updated asset objects reloaded before import = 0Number of asset objects unloaded after import = 3

========================================================================
Received Import Request.
  Time since last request: 0.000041 seconds.
  path: Packages/com.unity.render-pipelines.core/Editor/LookDev/Icons/RenderDoc@2x.png
  artifactKey: Guid(89608b060fc7279479398a62e245a409) Importer(815301076,1909f56bfc062723c751e8b465ee728b)
Start importing Packages/com.unity.render-pipelines.core/Editor/LookDev/Icons/RenderDoc@2x.png using Guid(89608b060fc7279479398a62e245a409) Importer(815301076,1909f56bfc062723c751e8b465ee728b) (PreviewImporter) -> (artifact id: '6e12828624c5a6f40df02e4a923a2e79') in 0.0336779 seconds
Number of updated asset objects reloaded before import = 0Number of asset objects unloaded after import = 3

========================================================================
Received Import Request.
  Time since last request: 0.421044 seconds.
  path: Packages/com.unity.2d.tilemap.extras/Editor/Brushes/RandomBrush/RandomBrush.png
  artifactKey: Guid(b7d42367c2bb040c3846aba77adc0dab) Importer(815301076,1909f56bfc062723c751e8b465ee728b)
Start importing Packages/com.unity.2d.tilemap.extras/Editor/Brushes/RandomBrush/RandomBrush.png using Guid(b7d42367c2bb040c3846aba77adc0dab) Importer(815301076,1909f56bfc062723c751e8b465ee728b) (PreviewImporter) -> (artifact id: '6de7ee187d6bbac5f487ce542daf4ac7') in 0.0511053 seconds
Number of updated asset objects reloaded before import = 0Number of asset objects unloaded after import = 3

========================================================================
Received Import Request.
  Time since last request: 0.000028 seconds.
  path: Packages/com.unity.2d.tilemap.extras/Editor/Brushes/RandomBrush/RandomBrush@4x.png
  artifactKey: Guid(c96f05e5532dd47ce999027dc8c62448) Importer(815301076,1909f56bfc062723c751e8b465ee728b)
Start importing Packages/com.unity.2d.tilemap.extras/Editor/Brushes/RandomBrush/RandomBrush@4x.png using Guid(c96f05e5532dd47ce999027dc8c62448) Importer(815301076,1909f56bfc062723c751e8b465ee728b) (PreviewImporter) -> (artifact id: 'b2e6a4c8802724ed63d6030fb29868c8') in 0.0532861 seconds
Number of updated asset objects reloaded before import = 0Number of asset objects unloaded after import = 3

========================================================================
Received Import Request.
  Time since last request: 1.567272 seconds.
  path: Assets/GameInputControllerIconsFree/keyboard/keyboard-outlined/prtsc.png
  artifactKey: Guid(ff90cc4f4d2bfe3479f4e70e4ee4ab03) Importer(815301076,1909f56bfc062723c751e8b465ee728b)
Start importing Assets/GameInputControllerIconsFree/keyboard/keyboard-outlined/prtsc.png using Guid(ff90cc4f4d2bfe3479f4e70e4ee4ab03) Importer(815301076,1909f56bfc062723c751e8b465ee728b) (PreviewImporter) -> (artifact id: '4a02b31ea57be0d34adcd1ff00dc68f1') in 0.0739118 seconds
Number of updated asset objects reloaded before import = 0Number of asset objects unloaded after import = 3

========================================================================
Received Import Request.
  Time since last request: 2.223155 seconds.
  path: Assets/GameInputControllerIconsFree/keyboard/keyboard-outlined/plus.png
  artifactKey: Guid(951a55751bf167940a445f9a532ea858) Importer(815301076,1909f56bfc062723c751e8b465ee728b)
Start importing Assets/GameInputControllerIconsFree/keyboard/keyboard-outlined/plus.png using Guid(951a55751bf167940a445f9a532ea858) Importer(815301076,1909f56bfc062723c751e8b465ee728b) (PreviewImporter) -> (artifact id: '0a9c54736bf13c9851c1cd63e9ec412c') in 0.06287 seconds
Number of updated asset objects reloaded before import = 0Number of asset objects unloaded after import = 3

========================================================================
Received Import Request.
  Time since last request: 0.434877 seconds.
  path: Assets/GameInputControllerIconsFree/keyboard/keyboard-solid/pgup.png
  artifactKey: Guid(08bb3c9f50740704d8575d79162cfcde) Importer(815301076,1909f56bfc062723c751e8b465ee728b)
Start importing Assets/GameInputControllerIconsFree/keyboard/keyboard-solid/pgup.png using Guid(08bb3c9f50740704d8575d79162cfcde) Importer(815301076,1909f56bfc062723c751e8b465ee728b) (PreviewImporter) -> (artifact id: '6ce7b444301edcb13d173c2801a1f0f9') in 0.0404563 seconds
Number of updated asset objects reloaded before import = 0Number of asset objects unloaded after import = 3

========================================================================
Received Import Request.
  Time since last request: 0.615730 seconds.
  path: Assets/GameInputControllerIconsFree/keyboard/keyboard-solid/pgdn.png
  artifactKey: Guid(78f19d40a4d74da47815d2fa7a25375d) Importer(815301076,1909f56bfc062723c751e8b465ee728b)
Start importing Assets/GameInputControllerIconsFree/keyboard/keyboard-solid/pgdn.png using Guid(78f19d40a4d74da47815d2fa7a25375d) Importer(815301076,1909f56bfc062723c751e8b465ee728b) (PreviewImporter) -> (artifact id: '3cc4c781e1cb4a0f426609e86770a203') in 0.0555424 seconds
Number of updated asset objects reloaded before import = 0Number of asset objects unloaded after import = 3

========================================================================
Received Import Request.
  Time since last request: 0.370771 seconds.
  path: Assets/GameInputControllerIconsFree/keyboard/keyboard-solid/pause.png
  artifactKey: Guid(5df1d21f2a980ae4b88576f3527e2b0a) Importer(815301076,1909f56bfc062723c751e8b465ee728b)
Start importing Assets/GameInputControllerIconsFree/keyboard/keyboard-solid/pause.png using Guid(5df1d21f2a980ae4b88576f3527e2b0a) Importer(815301076,1909f56bfc062723c751e8b465ee728b) (PreviewImporter) -> (artifact id: '05bd451c9bbc7fadc74333fbd3958e0d') in 0.0346233 seconds
Number of updated asset objects reloaded before import = 0Number of asset objects unloaded after import = 3

========================================================================
Received Import Request.
  Time since last request: 0.417234 seconds.
  path: Packages/com.unity.2d.animation/Editor/Assets/EditorIcons/Selected/Paste@3x.png
  artifactKey: Guid(e6fe7bda78bd09a46bb7f4a684a91927) Importer(815301076,1909f56bfc062723c751e8b465ee728b)
Start importing Packages/com.unity.2d.animation/Editor/Assets/EditorIcons/Selected/Paste@3x.png using Guid(e6fe7bda78bd09a46bb7f4a684a91927) Importer(815301076,1909f56bfc062723c751e8b465ee728b) (PreviewImporter) -> (artifact id: '74866bbb69fe74fcb9dc54eb53a4c8b1') in 0.0582865 seconds
Number of updated asset objects reloaded before import = 0Number of asset objects unloaded after import = 3

========================================================================
Received Import Request.
  Time since last request: 0.000024 seconds.
  path: Packages/com.unity.2d.animation/Editor/Assets/EditorIcons/Light/Paste@4x.png
  artifactKey: Guid(f53eca637c0194e4ab6729cf60753757) Importer(815301076,1909f56bfc062723c751e8b465ee728b)
Start importing Packages/com.unity.2d.animation/Editor/Assets/EditorIcons/Light/Paste@4x.png using Guid(f53eca637c0194e4ab6729cf60753757) Importer(815301076,1909f56bfc062723c751e8b465ee728b) (PreviewImporter) -> (artifact id: '1cfc563ed06605ff46619f7d66654b3b') in 0.0287021 seconds
Number of updated asset objects reloaded before import = 0Number of asset objects unloaded after import = 3

========================================================================
Received Import Request.
  Time since last request: 0.000027 seconds.
  path: Packages/com.unity.2d.animation/Editor/Assets/EditorIcons/Selected/Paste.png
  artifactKey: Guid(50eb3d76f731b5e46a7b8a0a52d93ef9) Importer(815301076,1909f56bfc062723c751e8b465ee728b)
Start importing Packages/com.unity.2d.animation/Editor/Assets/EditorIcons/Selected/Paste.png using Guid(50eb3d76f731b5e46a7b8a0a52d93ef9) Importer(815301076,1909f56bfc062723c751e8b465ee728b) (PreviewImporter) -> (artifact id: '2569cdce116b4d7a7c5864a8edbf9ac1') in 0.0606128 seconds
Number of updated asset objects reloaded before import = 0Number of asset objects unloaded after import = 3

========================================================================
Received Import Request.
  Time since last request: 0.000070 seconds.
  path: Packages/com.unity.2d.animation/Editor/Assets/EditorIcons/Selected/Paste@2x.png
  artifactKey: Guid(cd0250057a3f07346b60675b355c3e06) Importer(815301076,1909f56bfc062723c751e8b465ee728b)
Start importing Packages/com.unity.2d.animation/Editor/Assets/EditorIcons/Selected/Paste@2x.png using Guid(cd0250057a3f07346b60675b355c3e06) Importer(815301076,1909f56bfc062723c751e8b465ee728b) (PreviewImporter) -> (artifact id: 'db70863823352abb34f7059ce7343d3f') in 0.0325156 seconds
Number of updated asset objects reloaded before import = 0Number of asset objects unloaded after import = 3

========================================================================
Received Import Request.
  Time since last request: 0.831695 seconds.
  path: Packages/com.unity.2d.animation/Editor/Assets/EditorIcons/Light/Parent_Bone@4x.png
  artifactKey: Guid(d0604e80537a4ff4881a6182ae5afe7c) Importer(815301076,1909f56bfc062723c751e8b465ee728b)
Start importing Packages/com.unity.2d.animation/Editor/Assets/EditorIcons/Light/Parent_Bone@4x.png using Guid(d0604e80537a4ff4881a6182ae5afe7c) Importer(815301076,1909f56bfc062723c751e8b465ee728b) (PreviewImporter) -> (artifact id: 'ed9d9e41f2517926498aa8d31fb67b7c') in 0.062786 seconds
Number of updated asset objects reloaded before import = 0Number of asset objects unloaded after import = 3

========================================================================
Received Import Request.
  Time since last request: 0.000044 seconds.
  path: Packages/com.unity.2d.animation/Editor/Assets/EditorIcons/Selected/Parent_Bone@4x.png
  artifactKey: Guid(03b3f669dc5706a4592344c6385af858) Importer(815301076,1909f56bfc062723c751e8b465ee728b)
Start importing Packages/com.unity.2d.animation/Editor/Assets/EditorIcons/Selected/Parent_Bone@4x.png using Guid(03b3f669dc5706a4592344c6385af858) Importer(815301076,1909f56bfc062723c751e8b465ee728b) (PreviewImporter) -> (artifact id: 'ae61b25f83f6122c1feeed9820867a93') in 0.0392753 seconds
Number of updated asset objects reloaded before import = 0Number of asset objects unloaded after import = 3

========================================================================
Received Import Request.
  Time since last request: 1.286054 seconds.
  path: Packages/com.unity.2d.animation/Editor/Assets/EditorIcons/Selected/Parent_Bone.png
  artifactKey: Guid(1b8ac2bef8a060f4ca19b22a3720cb0e) Importer(815301076,1909f56bfc062723c751e8b465ee728b)
Start importing Packages/com.unity.2d.animation/Editor/Assets/EditorIcons/Selected/Parent_Bone.png using Guid(1b8ac2bef8a060f4ca19b22a3720cb0e) Importer(815301076,1909f56bfc062723c751e8b465ee728b) (PreviewImporter) -> (artifact id: '87fd5a36e241447d3bc4be3a2628b316') in 0.0841825 seconds
Number of updated asset objects reloaded before import = 0Number of asset objects unloaded after import = 3

========================================================================
Received Import Request.
  Time since last request: 0.000035 seconds.
  path: Packages/com.unity.2d.animation/Editor/Assets/EditorIcons/Light/Parent_Bone@2x.png
  artifactKey: Guid(fc9e5a25e0610a347b46fd10daa3f0cd) Importer(815301076,1909f56bfc062723c751e8b465ee728b)
Start importing Packages/com.unity.2d.animation/Editor/Assets/EditorIcons/Light/Parent_Bone@2x.png using Guid(fc9e5a25e0610a347b46fd10daa3f0cd) Importer(815301076,1909f56bfc062723c751e8b465ee728b) (PreviewImporter) -> (artifact id: '925e65984ef7808be71fbf16fc8b30f2') in 0.1034595 seconds
Number of updated asset objects reloaded before import = 0Number of asset objects unloaded after import = 3

========================================================================
Received Import Request.
  Time since last request: 0.589939 seconds.
  path: Assets/GameInputControllerIconsFree/keyboard/keyboard-outlined/p.png
  artifactKey: Guid(04d91239aa523074498444130fbee495) Importer(815301076,1909f56bfc062723c751e8b465ee728b)
Start importing Assets/GameInputControllerIconsFree/keyboard/keyboard-outlined/p.png using Guid(04d91239aa523074498444130fbee495) Importer(815301076,1909f56bfc062723c751e8b465ee728b) (PreviewImporter) -> (artifact id: 'd35eb197cf45222a4843c3a95f0ca0f6') in 0.0512786 seconds
Number of updated asset objects reloaded before import = 0Number of asset objects unloaded after import = 3

========================================================================
Received Import Request.
  Time since last request: 0.152342 seconds.
  path: Assets/GameInputControllerIconsFree/keyboard/keyboard-outlined/o.png
  artifactKey: Guid(d653d92d823cd284c8de261847483e10) Importer(815301076,1909f56bfc062723c751e8b465ee728b)
Start importing Assets/GameInputControllerIconsFree/keyboard/keyboard-outlined/o.png using Guid(d653d92d823cd284c8de261847483e10) Importer(815301076,1909f56bfc062723c751e8b465ee728b) (PreviewImporter) -> (artifact id: 'f0111cba7370415a041b84d9329f094a') in 0.0340539 seconds
Number of updated asset objects reloaded before import = 0Number of asset objects unloaded after import = 3

========================================================================
Received Import Request.
  Time since last request: 4.012535 seconds.
  path: Assets/GameInputControllerIconsFree/mouse/mouse-outlined/mouse-right.png
  artifactKey: Guid(e9f7c8ceedece8c4abe9800d8ff7a7ee) Importer(815301076,1909f56bfc062723c751e8b465ee728b)
Start importing Assets/GameInputControllerIconsFree/mouse/mouse-outlined/mouse-right.png using Guid(e9f7c8ceedece8c4abe9800d8ff7a7ee) Importer(815301076,1909f56bfc062723c751e8b465ee728b) (PreviewImporter) -> (artifact id: '580546c0cdfe0f1137552f92d53aa917') in 0.0402988 seconds
Number of updated asset objects reloaded before import = 0Number of asset objects unloaded after import = 3

========================================================================
Received Import Request.
  Time since last request: 0.241107 seconds.
  path: Assets/GameInputControllerIconsFree/mouse/mouse-outlined/mouse-move-hor.png
  artifactKey: Guid(19e92c7d5176d4746857871cc0876a43) Importer(815301076,1909f56bfc062723c751e8b465ee728b)
Start importing Assets/GameInputControllerIconsFree/mouse/mouse-outlined/mouse-move-hor.png using Guid(19e92c7d5176d4746857871cc0876a43) Importer(815301076,1909f56bfc062723c751e8b465ee728b) (PreviewImporter) -> (artifact id: '52e5377e4b2901c2adc32433ac5121b4') in 0.0278587 seconds
Number of updated asset objects reloaded before import = 0Number of asset objects unloaded after import = 3

========================================================================
Received Import Request.
  Time since last request: 0.000027 seconds.
  path: Assets/GameInputControllerIconsFree/mouse/mouse-outlined/mouse-move-vert.png
  artifactKey: Guid(556d913a80e795e4ebf1240eb66f7cb3) Importer(815301076,1909f56bfc062723c751e8b465ee728b)
Start importing Assets/GameInputControllerIconsFree/mouse/mouse-outlined/mouse-move-vert.png using Guid(556d913a80e795e4ebf1240eb66f7cb3) Importer(815301076,1909f56bfc062723c751e8b465ee728b) (PreviewImporter) -> (artifact id: '1ea1885d93fb3366a8943fe0a33e51ad') in 0.0509367 seconds
Number of updated asset objects reloaded before import = 0Number of asset objects unloaded after import = 3

========================================================================
Received Import Request.
  Time since last request: 1.162900 seconds.
  path: Assets/GameInputControllerIconsFree/mouse/mouse-outlined/mouse-left.png
  artifactKey: Guid(fd1a0dff4c167f04898c69eedd2b810c) Importer(815301076,1909f56bfc062723c751e8b465ee728b)
Start importing Assets/GameInputControllerIconsFree/mouse/mouse-outlined/mouse-left.png using Guid(fd1a0dff4c167f04898c69eedd2b810c) Importer(815301076,1909f56bfc062723c751e8b465ee728b) (PreviewImporter) -> (artifact id: '714f8a893f8805bef53b66c7751018c1') in 0.0296714 seconds
Number of updated asset objects reloaded before import = 0Number of asset objects unloaded after import = 3

========================================================================
Received Import Request.
  Time since last request: 0.000034 seconds.
  path: Assets/GameInputControllerIconsFree/mouse/mouse-outlined/mouse-middle.png
  artifactKey: Guid(abb64a2ae8539bc4592b83f47eaa7a96) Importer(815301076,1909f56bfc062723c751e8b465ee728b)
Start importing Assets/GameInputControllerIconsFree/mouse/mouse-outlined/mouse-middle.png using Guid(abb64a2ae8539bc4592b83f47eaa7a96) Importer(815301076,1909f56bfc062723c751e8b465ee728b) (PreviewImporter) -> (artifact id: 'b961e6e8993faf14361729da7856d4e4') in 0.0736516 seconds
Number of updated asset objects reloaded before import = 0Number of asset objects unloaded after import = 3

========================================================================
Received Import Request.
  Time since last request: 0.682229 seconds.
  path: Assets/GameInputControllerIconsFree/mouse/mouse-solid/mouse-g1.png
  artifactKey: Guid(d6c213c65751dc44f96262d3ea9cc0fb) Importer(815301076,1909f56bfc062723c751e8b465ee728b)
Start importing Assets/GameInputControllerIconsFree/mouse/mouse-solid/mouse-g1.png using Guid(d6c213c65751dc44f96262d3ea9cc0fb) Importer(815301076,1909f56bfc062723c751e8b465ee728b) (PreviewImporter) -> (artifact id: 'a24383057ac11bd7c219437712ef0181') in 0.0388628 seconds
Number of updated asset objects reloaded before import = 0Number of asset objects unloaded after import = 3

========================================================================
Received Import Request.
  Time since last request: 0.000028 seconds.
  path: Assets/GameInputControllerIconsFree/mouse/mouse-solid/mouse-g2.png
  artifactKey: Guid(4d13b7133ac17aa47a8f32f25c6ec8a3) Importer(815301076,1909f56bfc062723c751e8b465ee728b)
Start importing Assets/GameInputControllerIconsFree/mouse/mouse-solid/mouse-g2.png using Guid(4d13b7133ac17aa47a8f32f25c6ec8a3) Importer(815301076,1909f56bfc062723c751e8b465ee728b) (PreviewImporter) -> (artifact id: '3ca1faec67181346bf7a53c17137aa54') in 0.2068941 seconds
Number of updated asset objects reloaded before import = 0Number of asset objects unloaded after import = 3

========================================================================
Received Import Request.
  Time since last request: 0.010895 seconds.
  path: Packages/com.unity.2d.animation/Editor/Assets/EditorIcons/Light/Mesh@2x.png
  artifactKey: Guid(242f58a86f3ee8e418809e5fc269d531) Importer(815301076,1909f56bfc062723c751e8b465ee728b)
Start importing Packages/com.unity.2d.animation/Editor/Assets/EditorIcons/Light/Mesh@2x.png using Guid(242f58a86f3ee8e418809e5fc269d531) Importer(815301076,1909f56bfc062723c751e8b465ee728b) (PreviewImporter) -> (artifact id: 'e05ba9e1ef050892084e27e5bd24e29e') in 0.0532057 seconds
Number of updated asset objects reloaded before import = 0Number of asset objects unloaded after import = 3

========================================================================
Received Import Request.
  Time since last request: 0.000085 seconds.
  path: Packages/com.unity.2d.animation/Editor/Assets/EditorIcons/Light/Mesh@4x.png
  artifactKey: Guid(953b8abb3b6548c4294b547c2f473be0) Importer(815301076,1909f56bfc062723c751e8b465ee728b)
Start importing Packages/com.unity.2d.animation/Editor/Assets/EditorIcons/Light/Mesh@4x.png using Guid(953b8abb3b6548c4294b547c2f473be0) Importer(815301076,1909f56bfc062723c751e8b465ee728b) (PreviewImporter) -> (artifact id: '57f3bd707d569017b2afca2bfd83435b') in 0.0875534 seconds
Number of updated asset objects reloaded before import = 0Number of asset objects unloaded after import = 3

========================================================================
Received Import Request.
  Time since last request: 5.671920 seconds.
  path: Packages/com.unity.render-pipelines.core/Editor/LookDev/Icons/LookDev@2x.png
  artifactKey: Guid(bd76726ffb1eb94429fb8143429bd978) Importer(815301076,1909f56bfc062723c751e8b465ee728b)
Start importing Packages/com.unity.render-pipelines.core/Editor/LookDev/Icons/LookDev@2x.png using Guid(bd76726ffb1eb94429fb8143429bd978) Importer(815301076,1909f56bfc062723c751e8b465ee728b) (PreviewImporter) -> (artifact id: 'ee50208ae035692b0e426b0e62b67a6c') in 0.0333117 seconds
Number of updated asset objects reloaded before import = 0Number of asset objects unloaded after import = 3

========================================================================
Received Import Request.
  Time since last request: 0.000089 seconds.
  path: Packages/com.unity.2d.tilemap.extras/Editor/Brushes/LineBrush/LineBrush@4x.png
  artifactKey: Guid(7e9a964572b8d49cb8164bd4b62c92f3) Importer(815301076,1909f56bfc062723c751e8b465ee728b)
Start importing Packages/com.unity.2d.tilemap.extras/Editor/Brushes/LineBrush/LineBrush@4x.png using Guid(7e9a964572b8d49cb8164bd4b62c92f3) Importer(815301076,1909f56bfc062723c751e8b465ee728b) (PreviewImporter) -> (artifact id: '9d7c01beeb9622a7109017b0b9d7ba06') in 0.0637537 seconds
Number of updated asset objects reloaded before import = 0Number of asset objects unloaded after import = 3

========================================================================
Received Import Request.
  Time since last request: 0.000106 seconds.
  path: Packages/com.unity.render-pipelines.core/Editor/LookDev/Icons/Link.png
  artifactKey: Guid(45751a4124f67c443bf96ed1df7c550b) Importer(815301076,1909f56bfc062723c751e8b465ee728b)
Start importing Packages/com.unity.render-pipelines.core/Editor/LookDev/Icons/Link.png using Guid(45751a4124f67c443bf96ed1df7c550b) Importer(815301076,1909f56bfc062723c751e8b465ee728b) (PreviewImporter) -> (artifact id: 'f66345d35f24b7a43619e62435591685') in 0.0554021 seconds
Number of updated asset objects reloaded before import = 0Number of asset objects unloaded after import = 3

========================================================================
Received Import Request.
  Time since last request: 0.938707 seconds.
  path: Packages/com.unity.render-pipelines.core/Editor/LookDev/Icons/LeftArrow@2x.png
  artifactKey: Guid(f0106cef986be534181a8582cffd29da) Importer(815301076,1909f56bfc062723c751e8b465ee728b)
Start importing Packages/com.unity.render-pipelines.core/Editor/LookDev/Icons/LeftArrow@2x.png using Guid(f0106cef986be534181a8582cffd29da) Importer(815301076,1909f56bfc062723c751e8b465ee728b) (PreviewImporter) -> (artifact id: 'f5f9fac38c903a3a98e1e9ee257f5309') in 0.0377797 seconds
Number of updated asset objects reloaded before import = 0Number of asset objects unloaded after import = 3

========================================================================
Received Import Request.
  Time since last request: 6.881743 seconds.
  path: Assets/GameInputControllerIconsFree/keyboard/keyboard-outlined/l.png
  artifactKey: Guid(c49744142942322429bd124aac1594c0) Importer(815301076,1909f56bfc062723c751e8b465ee728b)
Start importing Assets/GameInputControllerIconsFree/keyboard/keyboard-outlined/l.png using Guid(c49744142942322429bd124aac1594c0) Importer(815301076,1909f56bfc062723c751e8b465ee728b) (PreviewImporter) -> (artifact id: 'd9ef5fd15456186229154a78633c019d') in 0.0349025 seconds
Number of updated asset objects reloaded before import = 0Number of asset objects unloaded after import = 3

========================================================================
Received Import Request.
  Time since last request: 0.043100 seconds.
  path: Assets/GameInputControllerIconsFree/keyboard/keyboard-outlined/keyboard-arrows.png
  artifactKey: Guid(8543353484e665844b46315593d0c899) Importer(815301076,1909f56bfc062723c751e8b465ee728b)
Start importing Assets/GameInputControllerIconsFree/keyboard/keyboard-outlined/keyboard-arrows.png using Guid(8543353484e665844b46315593d0c899) Importer(815301076,1909f56bfc062723c751e8b465ee728b) (PreviewImporter) -> (artifact id: 'abc7bec87a564071756d48fa90526867') in 0.0790529 seconds
Number of updated asset objects reloaded before import = 0Number of asset objects unloaded after import = 3

========================================================================
Received Import Request.
  Time since last request: 0.000026 seconds.
  path: Assets/GameInputControllerIconsFree/keyboard/keyboard-solid/keyboard-wasd.png
  artifactKey: Guid(2bcba8b39558408428a71f04fd7be6b6) Importer(815301076,1909f56bfc062723c751e8b465ee728b)
Start importing Assets/GameInputControllerIconsFree/keyboard/keyboard-solid/keyboard-wasd.png using Guid(2bcba8b39558408428a71f04fd7be6b6) Importer(815301076,1909f56bfc062723c751e8b465ee728b) (PreviewImporter) -> (artifact id: '702827d37e5181cd19808af6fa773dc7') in 0.0418008 seconds
Number of updated asset objects reloaded before import = 0Number of asset objects unloaded after import = 3

========================================================================
Received Import Request.
  Time since last request: 0.175009 seconds.
  path: Assets/GameInputControllerIconsFree/keyboard/keyboard-outlined/j.png
  artifactKey: Guid(47b37b46cddb0d64abb938dadb6be40f) Importer(815301076,1909f56bfc062723c751e8b465ee728b)
Start importing Assets/GameInputControllerIconsFree/keyboard/keyboard-outlined/j.png using Guid(47b37b46cddb0d64abb938dadb6be40f) Importer(815301076,1909f56bfc062723c751e8b465ee728b) (PreviewImporter) -> (artifact id: '52a2a4e4c66bf264a0066aa4e188de83') in 0.0463836 seconds
Number of updated asset objects reloaded before import = 0Number of asset objects unloaded after import = 3

========================================================================
Received Import Request.
  Time since last request: 0.000039 seconds.
  path: Assets/GameInputControllerIconsFree/keyboard/keyboard-outlined/k.png
  artifactKey: Guid(9f2001b2a2e14b247bb410469dbbc93c) Importer(815301076,1909f56bfc062723c751e8b465ee728b)
Start importing Assets/GameInputControllerIconsFree/keyboard/keyboard-outlined/k.png using Guid(9f2001b2a2e14b247bb410469dbbc93c) Importer(815301076,1909f56bfc062723c751e8b465ee728b) (PreviewImporter) -> (artifact id: 'df20b1787eafe6aa633b7bdc01c20ed2') in 0.0600896 seconds
Number of updated asset objects reloaded before import = 0Number of asset objects unloaded after import = 3

========================================================================
Received Import Request.
  Time since last request: 1.436661 seconds.
  path: Packages/com.unity.collab-proxy/Editor/Assets/Images/iconshelve.png
  artifactKey: Guid(b1b37c2733b68854ba004ff712ef849f) Importer(815301076,1909f56bfc062723c751e8b465ee728b)
Start importing Packages/com.unity.collab-proxy/Editor/Assets/Images/iconshelve.png using Guid(b1b37c2733b68854ba004ff712ef849f) Importer(815301076,1909f56bfc062723c751e8b465ee728b) (PreviewImporter) -> (artifact id: '68bcd79fbaa46094884dc9d75b31b1ef') in 0.1298977 seconds
Number of updated asset objects reloaded before import = 0Number of asset objects unloaded after import = 3

========================================================================
Received Import Request.
  Time since last request: 0.000036 seconds.
  path: Assets/GameInputControllerIconsFree/keyboard/keyboard-solid/ins.png
  artifactKey: Guid(9a498c4e2ef38fb49a1924d6a1c08c71) Importer(815301076,1909f56bfc062723c751e8b465ee728b)
Start importing Assets/GameInputControllerIconsFree/keyboard/keyboard-solid/ins.png using Guid(9a498c4e2ef38fb49a1924d6a1c08c71) Importer(815301076,1909f56bfc062723c751e8b465ee728b) (PreviewImporter) -> (artifact id: 'b4211a48c54740166c4106c4f9765ad7') in 0.053129 seconds
Number of updated asset objects reloaded before import = 0Number of asset objects unloaded after import = 3

========================================================================
Received Import Request.
  Time since last request: 0.533070 seconds.
  path: Packages/com.unity.collab-proxy/Editor/Assets/Images/iconinviteusers@2x.png
  artifactKey: Guid(b43651fb085b38445ade3f9de3ab0636) Importer(815301076,1909f56bfc062723c751e8b465ee728b)
Start importing Packages/com.unity.collab-proxy/Editor/Assets/Images/iconinviteusers@2x.png using Guid(b43651fb085b38445ade3f9de3ab0636) Importer(815301076,1909f56bfc062723c751e8b465ee728b) (PreviewImporter) -> (artifact id: '5e4a2b65b8b33a569a214a191edb8992') in 0.0263284 seconds
Number of updated asset objects reloaded before import = 0Number of asset objects unloaded after import = 3

========================================================================
Received Import Request.
  Time since last request: 0.017018 seconds.
  path: Packages/com.unity.collab-proxy/Editor/Assets/Images/iconlock@2x.png
  artifactKey: Guid(ba96945b6a1b743579931a87e98041fe) Importer(815301076,1909f56bfc062723c751e8b465ee728b)
Start importing Packages/com.unity.collab-proxy/Editor/Assets/Images/iconlock@2x.png using Guid(ba96945b6a1b743579931a87e98041fe) Importer(815301076,1909f56bfc062723c751e8b465ee728b) (PreviewImporter) -> (artifact id: '43e2505f3c8d3fadd93ff0ba3900c329') in 0.0598089 seconds
Number of updated asset objects reloaded before import = 0Number of asset objects unloaded after import = 3

========================================================================
Received Import Request.
  Time since last request: 0.000021 seconds.
  path: Packages/com.unity.collab-proxy/Editor/Assets/Images/iconclipboard@2x.png
  artifactKey: Guid(0ff35d4ec6d381941bdbe1fb4b6dbceb) Importer(815301076,1909f56bfc062723c751e8b465ee728b)
Start importing Packages/com.unity.collab-proxy/Editor/Assets/Images/iconclipboard@2x.png using Guid(0ff35d4ec6d381941bdbe1fb4b6dbceb) Importer(815301076,1909f56bfc062723c751e8b465ee728b) (PreviewImporter) -> (artifact id: '198e61d61387f08e77a76cd755897726') in 0.0762766 seconds
Number of updated asset objects reloaded before import = 0Number of asset objects unloaded after import = 3

========================================================================
Received Import Request.
  Time since last request: 0.000036 seconds.
  path: Packages/com.unity.collab-proxy/Editor/Assets/Images/iconinfobellnotification.png
  artifactKey: Guid(ca9343b72095cb846be99d76d069dfc0) Importer(815301076,1909f56bfc062723c751e8b465ee728b)
Start importing Packages/com.unity.collab-proxy/Editor/Assets/Images/iconinfobellnotification.png using Guid(ca9343b72095cb846be99d76d069dfc0) Importer(815301076,1909f56bfc062723c751e8b465ee728b) (PreviewImporter) -> (artifact id: 'b9490e3546f0a87a526d9846b2be3b08') in 0.036827 seconds
Number of updated asset objects reloaded before import = 0Number of asset objects unloaded after import = 3

========================================================================
Received Import Request.
  Time since last request: 1.454159 seconds.
  path: Packages/com.unity.collab-proxy/Editor/Assets/Images/iconbranch@2x.png
  artifactKey: Guid(425970578f3342a43b40545d1ac8a25d) Importer(815301076,1909f56bfc062723c751e8b465ee728b)
Start importing Packages/com.unity.collab-proxy/Editor/Assets/Images/iconbranch@2x.png using Guid(425970578f3342a43b40545d1ac8a25d) Importer(815301076,1909f56bfc062723c751e8b465ee728b) (PreviewImporter) -> (artifact id: 'f7c1d3a476dff1cd6a7c3c8f474f6619') in 0.0774561 seconds
Number of updated asset objects reloaded before import = 0Number of asset objects unloaded after import = 3

========================================================================
Received Import Request.
  Time since last request: 0.000029 seconds.
  path: Packages/com.unity.collab-proxy/Editor/Assets/Images/iconbrex@2x.png
  artifactKey: Guid(ab97695f01bc84c4b93e8440531417e7) Importer(815301076,1909f56bfc062723c751e8b465ee728b)
Start importing Packages/com.unity.collab-proxy/Editor/Assets/Images/iconbrex@2x.png using Guid(ab97695f01bc84c4b93e8440531417e7) Importer(815301076,1909f56bfc062723c751e8b465ee728b) (PreviewImporter) -> (artifact id: '617e7ce3b4c092fb59c064fbe78c6771') in 0.0473862 seconds
Number of updated asset objects reloaded before import = 0Number of asset objects unloaded after import = 3

========================================================================
Received Import Request.
  Time since last request: 0.290942 seconds.
  path: Assets/GameInputControllerIconsFree/keyboard/keyboard-outlined/hyphen.png
  artifactKey: Guid(2d714ec1a820a904290a707d1387a22d) Importer(815301076,1909f56bfc062723c751e8b465ee728b)
Start importing Assets/GameInputControllerIconsFree/keyboard/keyboard-outlined/hyphen.png using Guid(2d714ec1a820a904290a707d1387a22d) Importer(815301076,1909f56bfc062723c751e8b465ee728b) (PreviewImporter) -> (artifact id: 'ff6cfa7efb17d0947ce62bac2e868384') in 0.0418557 seconds
Number of updated asset objects reloaded before import = 0Number of asset objects unloaded after import = 3

========================================================================
Received Import Request.
  Time since last request: 0.000037 seconds.
  path: Assets/GameInputControllerIconsFree/keyboard/keyboard-solid/i.png
  artifactKey: Guid(679102cd603104746b5f8735f7e8e4e7) Importer(815301076,1909f56bfc062723c751e8b465ee728b)
Start importing Assets/GameInputControllerIconsFree/keyboard/keyboard-solid/i.png using Guid(679102cd603104746b5f8735f7e8e4e7) Importer(815301076,1909f56bfc062723c751e8b465ee728b) (PreviewImporter) -> (artifact id: 'e699fd7ebfa6534f0e09cd9511685672') in 0.0387111 seconds
Number of updated asset objects reloaded before import = 0Number of asset objects unloaded after import = 3

========================================================================
Received Import Request.
  Time since last request: 0.389098 seconds.
  path: Assets/GameInputControllerIconsFree/keyboard/keyboard-solid/home.png
  artifactKey: Guid(16f475b5b05b58e43a27aaea9ad58f7c) Importer(815301076,1909f56bfc062723c751e8b465ee728b)
Start importing Assets/GameInputControllerIconsFree/keyboard/keyboard-solid/home.png using Guid(16f475b5b05b58e43a27aaea9ad58f7c) Importer(815301076,1909f56bfc062723c751e8b465ee728b) (PreviewImporter) -> (artifact id: '505e5a3a666f0237fb9a7f5a76029b4f') in 0.0360258 seconds
Number of updated asset objects reloaded before import = 0Number of asset objects unloaded after import = 3

========================================================================
Received Import Request.
  Time since last request: 2.744893 seconds.
  path: Assets/GameInputControllerIconsFree/keyboard/keyboard-solid/h.png
  artifactKey: Guid(4e32f7f30f0410849a3cb543daa3ff4f) Importer(815301076,1909f56bfc062723c751e8b465ee728b)
Start importing Assets/GameInputControllerIconsFree/keyboard/keyboard-solid/h.png using Guid(4e32f7f30f0410849a3cb543daa3ff4f) Importer(815301076,1909f56bfc062723c751e8b465ee728b) (PreviewImporter) -> (artifact id: 'be3a48a432756259ac1b665a56afe81a') in 0.1399932 seconds
Number of updated asset objects reloaded before import = 0Number of asset objects unloaded after import = 3

========================================================================
Received Import Request.
  Time since last request: 0.376509 seconds.
  path: Packages/com.unity.2d.tilemap.extras/Editor/Brushes/GroupBrush/GroupBrush@2x.png
  artifactKey: Guid(75b928454d106411f99eb3c22a2c2eff) Importer(815301076,1909f56bfc062723c751e8b465ee728b)
Start importing Packages/com.unity.2d.tilemap.extras/Editor/Brushes/GroupBrush/GroupBrush@2x.png using Guid(75b928454d106411f99eb3c22a2c2eff) Importer(815301076,1909f56bfc062723c751e8b465ee728b) (PreviewImporter) -> (artifact id: '38121f9aba4113268a36d480302b7bdd') in 0.0200917 seconds
Number of updated asset objects reloaded before import = 0Number of asset objects unloaded after import = 3

========================================================================
Received Import Request.
  Time since last request: 0.099840 seconds.
  path: Packages/com.unity.2d.tilemap/Editor/Icons/Grid.RotateACW@2x.png
  artifactKey: Guid(51b8cbcbf34a36243a954f42c5d344fc) Importer(815301076,1909f56bfc062723c751e8b465ee728b)
Start importing Packages/com.unity.2d.tilemap/Editor/Icons/Grid.RotateACW@2x.png using Guid(51b8cbcbf34a36243a954f42c5d344fc) Importer(815301076,1909f56bfc062723c751e8b465ee728b) (PreviewImporter) -> (artifact id: 'ae40d2335f040ab837fc49b9598c01d3') in 0.0619018 seconds
Number of updated asset objects reloaded before import = 0Number of asset objects unloaded after import = 3

========================================================================
Received Import Request.
  Time since last request: 0.000024 seconds.
  path: Packages/com.unity.2d.tilemap/Editor/Icons/Grid.RotateCW@2x.png
  artifactKey: Guid(3239e705bdc364b47a21e44901809b91) Importer(815301076,1909f56bfc062723c751e8b465ee728b)
Start importing Packages/com.unity.2d.tilemap/Editor/Icons/Grid.RotateCW@2x.png using Guid(3239e705bdc364b47a21e44901809b91) Importer(815301076,1909f56bfc062723c751e8b465ee728b) (PreviewImporter) -> (artifact id: 'aaa9decd3a4de3678994e2fcc20e0db1') in 0.0587137 seconds
Number of updated asset objects reloaded before import = 0Number of asset objects unloaded after import = 3

========================================================================
Received Import Request.
  Time since last request: 0.276065 seconds.
  path: Packages/com.unity.2d.tilemap/Editor/Icons/Grid.FlipX@2x.png
  artifactKey: Guid(367a9e3649215be42869f99bdeecbab6) Importer(815301076,1909f56bfc062723c751e8b465ee728b)
Start importing Packages/com.unity.2d.tilemap/Editor/Icons/Grid.FlipX@2x.png using Guid(367a9e3649215be42869f99bdeecbab6) Importer(815301076,1909f56bfc062723c751e8b465ee728b) (PreviewImporter) -> (artifact id: '4e55642f8d1a243a074cceb2d29dd86e') in 0.0296658 seconds
Number of updated asset objects reloaded before import = 0Number of asset objects unloaded after import = 3

========================================================================
Received Import Request.
  Time since last request: 0.000029 seconds.
  path: Packages/com.unity.2d.tilemap/Editor/Icons/Grid.FlipY@2x.png
  artifactKey: Guid(baab1bab0820d0942bb79c6da94b1688) Importer(815301076,1909f56bfc062723c751e8b465ee728b)
Start importing Packages/com.unity.2d.tilemap/Editor/Icons/Grid.FlipY@2x.png using Guid(baab1bab0820d0942bb79c6da94b1688) Importer(815301076,1909f56bfc062723c751e8b465ee728b) (PreviewImporter) -> (artifact id: 'b28893362a6b72386f9c2009f571b274') in 0.0547444 seconds
Number of updated asset objects reloaded before import = 0Number of asset objects unloaded after import = 3

========================================================================
Received Import Request.
  Time since last request: 0.888649 seconds.
  path: Packages/com.unity.2d.animation/Editor/Assets/EditorIcons/Selected/Generate_Weights@3x.png
  artifactKey: Guid(8174b068fa7b788459b03cec80d0641a) Importer(815301076,1909f56bfc062723c751e8b465ee728b)
Start importing Packages/com.unity.2d.animation/Editor/Assets/EditorIcons/Selected/Generate_Weights@3x.png using Guid(8174b068fa7b788459b03cec80d0641a) Importer(815301076,1909f56bfc062723c751e8b465ee728b) (PreviewImporter) -> (artifact id: '6bb3d4254b95af25cf354bad9f2fae91') in 0.0464386 seconds
Number of updated asset objects reloaded before import = 0Number of asset objects unloaded after import = 3

========================================================================
Received Import Request.
  Time since last request: 0.000023 seconds.
  path: Packages/com.unity.2d.animation/Editor/Assets/EditorIcons/Light/Generate_Weights@4x.png
  artifactKey: Guid(a56b84f780e8aef439e9a83d60ca7420) Importer(815301076,1909f56bfc062723c751e8b465ee728b)
Start importing Packages/com.unity.2d.animation/Editor/Assets/EditorIcons/Light/Generate_Weights@4x.png using Guid(a56b84f780e8aef439e9a83d60ca7420) Importer(815301076,1909f56bfc062723c751e8b465ee728b) (PreviewImporter) -> (artifact id: 'aca5bf6b453b1aac8f1e0f2a7b57fbec') in 0.0628981 seconds
Number of updated asset objects reloaded before import = 0Number of asset objects unloaded after import = 3

========================================================================
Received Import Request.
  Time since last request: 0.244237 seconds.
  path: Packages/com.unity.2d.animation/Editor/Assets/EditorIcons/Selected/Generate_Weights.png
  artifactKey: Guid(2892d6ec6ca2a1f45adbd52fdb96fcfe) Importer(815301076,1909f56bfc062723c751e8b465ee728b)
Start importing Packages/com.unity.2d.animation/Editor/Assets/EditorIcons/Selected/Generate_Weights.png using Guid(2892d6ec6ca2a1f45adbd52fdb96fcfe) Importer(815301076,1909f56bfc062723c751e8b465ee728b) (PreviewImporter) -> (artifact id: '77b26b191831f6f02d708e011ad8f3b7') in 0.034993 seconds
Number of updated asset objects reloaded before import = 0Number of asset objects unloaded after import = 3

========================================================================
Received Import Request.
  Time since last request: 0.000028 seconds.
  path: Packages/com.unity.2d.animation/Editor/Assets/EditorIcons/Selected/Generate_Weights@2x.png
  artifactKey: Guid(ba75d79a1a0723e488112808560789b7) Importer(815301076,1909f56bfc062723c751e8b465ee728b)
Start importing Packages/com.unity.2d.animation/Editor/Assets/EditorIcons/Selected/Generate_Weights@2x.png using Guid(ba75d79a1a0723e488112808560789b7) Importer(815301076,1909f56bfc062723c751e8b465ee728b) (PreviewImporter) -> (artifact id: '359f7088f274c9b9db9fb95ec136bef6') in 0.030315 seconds
Number of updated asset objects reloaded before import = 0Number of asset objects unloaded after import = 3

========================================================================
Received Import Request.
  Time since last request: 0.000031 seconds.
  path: Packages/com.unity.2d.animation/Editor/Assets/EditorIcons/Selected/Generate_Geometry@3x.png
  artifactKey: Guid(a581ff3810b2e0a4690cddcf7634ed22) Importer(815301076,1909f56bfc062723c751e8b465ee728b)
Start importing Packages/com.unity.2d.animation/Editor/Assets/EditorIcons/Selected/Generate_Geometry@3x.png using Guid(a581ff3810b2e0a4690cddcf7634ed22) Importer(815301076,1909f56bfc062723c751e8b465ee728b) (PreviewImporter) -> (artifact id: '8bf75ee0666fa2e956efefaecc650b0c') in 0.0322095 seconds
Number of updated asset objects reloaded before import = 0Number of asset objects unloaded after import = 3

========================================================================
Received Import Request.
  Time since last request: 0.000053 seconds.
  path: Packages/com.unity.2d.animation/Editor/Assets/EditorIcons/Selected/Generate_Geometry@4x.png
  artifactKey: Guid(7b0bba6a9b6960a4fb500a75d4a4caa0) Importer(815301076,1909f56bfc062723c751e8b465ee728b)
Start importing Packages/com.unity.2d.animation/Editor/Assets/EditorIcons/Selected/Generate_Geometry@4x.png using Guid(7b0bba6a9b6960a4fb500a75d4a4caa0) Importer(815301076,1909f56bfc062723c751e8b465ee728b) (PreviewImporter) -> (artifact id: '12c72fe618af4b610df42541df1403b6') in 0.0455479 seconds
Number of updated asset objects reloaded before import = 0Number of asset objects unloaded after import = 3

========================================================================
Received Import Request.
  Time since last request: 0.288370 seconds.
  path: Packages/com.unity.2d.animation/Editor/Assets/EditorIcons/Light/Generate_Geometry.png
  artifactKey: Guid(cbef2434b36ff174a98995b13ef80390) Importer(815301076,1909f56bfc062723c751e8b465ee728b)
Start importing Packages/com.unity.2d.animation/Editor/Assets/EditorIcons/Light/Generate_Geometry.png using Guid(cbef2434b36ff174a98995b13ef80390) Importer(815301076,1909f56bfc062723c751e8b465ee728b) (PreviewImporter) -> (artifact id: '8f42916dbc80e33819f4dc3175d2ce01') in 0.0286063 seconds
Number of updated asset objects reloaded before import = 0Number of asset objects unloaded after import = 3

========================================================================
Received Import Request.
  Time since last request: 0.000021 seconds.
  path: Packages/com.unity.2d.animation/Editor/Assets/EditorIcons/Light/Generate_Geometry@2x.png
  artifactKey: Guid(ae5924760c9fbf54d89df9f13435887e) Importer(815301076,1909f56bfc062723c751e8b465ee728b)
Start importing Packages/com.unity.2d.animation/Editor/Assets/EditorIcons/Light/Generate_Geometry@2x.png using Guid(ae5924760c9fbf54d89df9f13435887e) Importer(815301076,1909f56bfc062723c751e8b465ee728b) (PreviewImporter) -> (artifact id: '8423d7e81ba5c0726f20e5acf252cd10') in 0.1460513 seconds
Number of updated asset objects reloaded before import = 0Number of asset objects unloaded after import = 3

========================================================================
Received Import Request.
  Time since last request: 0.980210 seconds.
  path: Packages/com.unity.2d.tilemap.extras/Editor/Brushes/GameObjectBrush/GameObjectBrush.png
  artifactKey: Guid(81b9fd0d26ce94e99b7657816abb5859) Importer(815301076,1909f56bfc062723c751e8b465ee728b)
Start importing Packages/com.unity.2d.tilemap.extras/Editor/Brushes/GameObjectBrush/GameObjectBrush.png using Guid(81b9fd0d26ce94e99b7657816abb5859) Importer(815301076,1909f56bfc062723c751e8b465ee728b) (PreviewImporter) -> (artifact id: 'a9a80cc06395004ea67ecae8b1ef87bb') in 0.0281821 seconds
Number of updated asset objects reloaded before import = 0Number of asset objects unloaded after import = 3

========================================================================
Received Import Request.
  Time since last request: 0.873382 seconds.
  path: Assets/FeonY/Animated Pixel-Art Backgrounds/Art/Animations/Pixel-Art Background 2/frame0151.png
  artifactKey: Guid(e63e5b941d3a2cc4786ad6f54f41d4cb) Importer(815301076,1909f56bfc062723c751e8b465ee728b)
Start importing Assets/FeonY/Animated Pixel-Art Backgrounds/Art/Animations/Pixel-Art Background 2/frame0151.png using Guid(e63e5b941d3a2cc4786ad6f54f41d4cb) Importer(815301076,1909f56bfc062723c751e8b465ee728b) (PreviewImporter) -> (artifact id: '900647da58f2787c3d70ac3d67c7056c') in 0.0272271 seconds
Number of updated asset objects reloaded before import = 0Number of asset objects unloaded after import = 3

========================================================================
Received Import Request.
  Time since last request: 0.049448 seconds.
  path: Assets/GameInputControllerIconsFree/keyboard/keyboard-solid/g.png
  artifactKey: Guid(77cbac9189a57f74c93a614ab10ac7e5) Importer(815301076,1909f56bfc062723c751e8b465ee728b)
Start importing Assets/GameInputControllerIconsFree/keyboard/keyboard-solid/g.png using Guid(77cbac9189a57f74c93a614ab10ac7e5) Importer(815301076,1909f56bfc062723c751e8b465ee728b) (PreviewImporter) -> (artifact id: '9713ec6c631a9f0d63c48ebe0a465173') in 0.0347434 seconds
Number of updated asset objects reloaded before import = 0Number of asset objects unloaded after import = 3

========================================================================
Received Import Request.
  Time since last request: 1.783194 seconds.
  path: Assets/FeonY/Animated Pixel-Art Backgrounds/Art/Animations/Pixel-Art Background 2/frame0141.png
  artifactKey: Guid(f8d375a7a70a02046afc2ff8000f3224) Importer(815301076,1909f56bfc062723c751e8b465ee728b)
Start importing Assets/FeonY/Animated Pixel-Art Backgrounds/Art/Animations/Pixel-Art Background 2/frame0141.png using Guid(f8d375a7a70a02046afc2ff8000f3224) Importer(815301076,1909f56bfc062723c751e8b465ee728b) (PreviewImporter) -> (artifact id: '9b4a9cb509e6443f53ebbf18a0d47721') in 0.0465608 seconds
Number of updated asset objects reloaded before import = 0Number of asset objects unloaded after import = 3

========================================================================
Received Import Request.
  Time since last request: 1.487718 seconds.
  path: Assets/FeonY/Animated Pixel-Art Backgrounds/Art/Animations/Pixel-Art Background 3/frame0139.png
  artifactKey: Guid(0a49ce5237ca9fb4a8cedb4c9a1e4cb8) Importer(815301076,1909f56bfc062723c751e8b465ee728b)
Start importing Assets/FeonY/Animated Pixel-Art Backgrounds/Art/Animations/Pixel-Art Background 3/frame0139.png using Guid(0a49ce5237ca9fb4a8cedb4c9a1e4cb8) Importer(815301076,1909f56bfc062723c751e8b465ee728b) (PreviewImporter) -> (artifact id: 'b8f3b05d6148d6872007c18ef9b1f146') in 0.0370809 seconds
Number of updated asset objects reloaded before import = 0Number of asset objects unloaded after import = 3

========================================================================
Received Import Request.
  Time since last request: 0.002514 seconds.
  path: Assets/FeonY/Animated Pixel-Art Backgrounds/Art/Animations/Pixel-Art Background 2/frame0140.png
  artifactKey: Guid(dfbb87c1de3817745964d72c68fd9241) Importer(815301076,1909f56bfc062723c751e8b465ee728b)
Start importing Assets/FeonY/Animated Pixel-Art Backgrounds/Art/Animations/Pixel-Art Background 2/frame0140.png using Guid(dfbb87c1de3817745964d72c68fd9241) Importer(815301076,1909f56bfc062723c751e8b465ee728b) (PreviewImporter) -> (artifact id: 'a2ffafa97921719511d5e06810cb075b') in 0.0530031 seconds
Number of updated asset objects reloaded before import = 0Number of asset objects unloaded after import = 3

========================================================================
Received Import Request.
  Time since last request: 0.536955 seconds.
  path: Assets/FeonY/Animated Pixel-Art Backgrounds/Art/Animations/Pixel-Art Background 3/frame0138.png
  artifactKey: Guid(573fe51855c6c9c4fb7a6d6db14ce110) Importer(815301076,1909f56bfc062723c751e8b465ee728b)
Start importing Assets/FeonY/Animated Pixel-Art Backgrounds/Art/Animations/Pixel-Art Background 3/frame0138.png using Guid(573fe51855c6c9c4fb7a6d6db14ce110) Importer(815301076,1909f56bfc062723c751e8b465ee728b) (PreviewImporter) -> (artifact id: '189b3fdece0a64a7db49a95531fe81df') in 0.024305 seconds
Number of updated asset objects reloaded before import = 0Number of asset objects unloaded after import = 3

========================================================================
Received Import Request.
  Time since last request: 0.659693 seconds.
  path: Assets/FeonY/Animated Pixel-Art Backgrounds/Art/Animations/Pixel-Art Background 2/frame0134.png
  artifactKey: Guid(bbbb4a58ff4b49e4cab3b9bfa2be7247) Importer(815301076,1909f56bfc062723c751e8b465ee728b)
Start importing Assets/FeonY/Animated Pixel-Art Backgrounds/Art/Animations/Pixel-Art Background 2/frame0134.png using Guid(bbbb4a58ff4b49e4cab3b9bfa2be7247) Importer(815301076,1909f56bfc062723c751e8b465ee728b) (PreviewImporter) -> (artifact id: 'db2d7fb8cf423886f81499e5b91adf43') in 0.0319865 seconds
Number of updated asset objects reloaded before import = 0Number of asset objects unloaded after import = 3

========================================================================
Received Import Request.
  Time since last request: 0.135177 seconds.
  path: Assets/FeonY/Animated Pixel-Art Backgrounds/Art/Animations/Pixel-Art Background 2/frame0135.png
  artifactKey: Guid(fbebbbf346e308d43abf78b6ec0aa09c) Importer(815301076,1909f56bfc062723c751e8b465ee728b)
Start importing Assets/FeonY/Animated Pixel-Art Backgrounds/Art/Animations/Pixel-Art Background 2/frame0135.png using Guid(fbebbbf346e308d43abf78b6ec0aa09c) Importer(815301076,1909f56bfc062723c751e8b465ee728b) (PreviewImporter) -> (artifact id: '48a2923488adb6a2b8e7ed48bd6d5e16') in 0.0637337 seconds
Number of updated asset objects reloaded before import = 0Number of asset objects unloaded after import = 3

========================================================================
Received Import Request.
  Time since last request: 0.775153 seconds.
  path: Assets/FeonY/Animated Pixel-Art Backgrounds/Art/Animations/Pixel-Art Background 1/frame0131.png
  artifactKey: Guid(5d073f703afa1454187383181ed4c0a1) Importer(815301076,1909f56bfc062723c751e8b465ee728b)
Start importing Assets/FeonY/Animated Pixel-Art Backgrounds/Art/Animations/Pixel-Art Background 1/frame0131.png using Guid(5d073f703afa1454187383181ed4c0a1) Importer(815301076,1909f56bfc062723c751e8b465ee728b) (PreviewImporter) -> (artifact id: '6a73186126ee3d7cf5d7b5e67a8c49f8') in 0.0270734 seconds
Number of updated asset objects reloaded before import = 0Number of asset objects unloaded after import = 3

========================================================================
Received Import Request.
  Time since last request: 0.514926 seconds.
  path: Assets/FeonY/Animated Pixel-Art Backgrounds/Art/Animations/Pixel-Art Background 3/frame0127.png
  artifactKey: Guid(7fd908d1bbf3a9147afd0ec2e695367e) Importer(815301076,1909f56bfc062723c751e8b465ee728b)
Start importing Assets/FeonY/Animated Pixel-Art Backgrounds/Art/Animations/Pixel-Art Background 3/frame0127.png using Guid(7fd908d1bbf3a9147afd0ec2e695367e) Importer(815301076,1909f56bfc062723c751e8b465ee728b) (PreviewImporter) -> (artifact id: 'd712e73138a68f4624253a35d9580531') in 0.0278108 seconds
Number of updated asset objects reloaded before import = 0Number of asset objects unloaded after import = 3

========================================================================
Received Import Request.
  Time since last request: 0.015886 seconds.
  path: Assets/FeonY/Animated Pixel-Art Backgrounds/Art/Animations/Pixel-Art Background 2/frame0128.png
  artifactKey: Guid(4bad7efc75f15c844a06c7ebb15c1d0a) Importer(815301076,1909f56bfc062723c751e8b465ee728b)
Start importing Assets/FeonY/Animated Pixel-Art Backgrounds/Art/Animations/Pixel-Art Background 2/frame0128.png using Guid(4bad7efc75f15c844a06c7ebb15c1d0a) Importer(815301076,1909f56bfc062723c751e8b465ee728b) (PreviewImporter) -> (artifact id: 'bfc7f81255a36998f0ff4c1a06184d92') in 0.0234726 seconds
Number of updated asset objects reloaded before import = 0Number of asset objects unloaded after import = 3

========================================================================
Received Import Request.
  Time since last request: 0.140904 seconds.
  path: Assets/FeonY/Animated Pixel-Art Backgrounds/Art/Animations/Pixel-Art Background 2/frame0129.png
  artifactKey: Guid(a4d508ab6a3c788469d9766cfadf8aca) Importer(815301076,1909f56bfc062723c751e8b465ee728b)
Start importing Assets/FeonY/Animated Pixel-Art Backgrounds/Art/Animations/Pixel-Art Background 2/frame0129.png using Guid(a4d508ab6a3c788469d9766cfadf8aca) Importer(815301076,1909f56bfc062723c751e8b465ee728b) (PreviewImporter) -> (artifact id: '406d07e8ae9fb380015e20f748f6ca19') in 0.0295917 seconds
Number of updated asset objects reloaded before import = 0Number of asset objects unloaded after import = 3

========================================================================
Received Import Request.
  Time since last request: 0.038078 seconds.
  path: Assets/FeonY/Animated Pixel-Art Backgrounds/Art/Animations/Pixel-Art Background 3/frame0129.png
  artifactKey: Guid(6cd35a5bb0071924eabdac1700e21dc3) Importer(815301076,1909f56bfc062723c751e8b465ee728b)
Start importing Assets/FeonY/Animated Pixel-Art Backgrounds/Art/Animations/Pixel-Art Background 3/frame0129.png using Guid(6cd35a5bb0071924eabdac1700e21dc3) Importer(815301076,1909f56bfc062723c751e8b465ee728b) (PreviewImporter) -> (artifact id: '71e224df55f3ed90b40c15a82d0106ff') in 0.0274562 seconds
Number of updated asset objects reloaded before import = 0Number of asset objects unloaded after import = 3

========================================================================
Received Import Request.
  Time since last request: 0.271710 seconds.
  path: Assets/FeonY/Animated Pixel-Art Backgrounds/Art/Animations/Pixel-Art Background 3/frame0131.png
  artifactKey: Guid(c80226cf76a0e104e8038b53448e81e4) Importer(815301076,1909f56bfc062723c751e8b465ee728b)
Start importing Assets/FeonY/Animated Pixel-Art Backgrounds/Art/Animations/Pixel-Art Background 3/frame0131.png using Guid(c80226cf76a0e104e8038b53448e81e4) Importer(815301076,1909f56bfc062723c751e8b465ee728b) (PreviewImporter) -> (artifact id: 'fa8eda85679bbbaa46cd6d2e02a62a15') in 0.0605545 seconds
Number of updated asset objects reloaded before import = 0Number of asset objects unloaded after import = 3

========================================================================
Received Import Request.
  Time since last request: 0.106416 seconds.
  path: Assets/FeonY/Animated Pixel-Art Backgrounds/Art/Animations/Pixel-Art Background 3/frame0121.png
  artifactKey: Guid(7b385a5da9113e148914c6852506607a) Importer(815301076,1909f56bfc062723c751e8b465ee728b)
Start importing Assets/FeonY/Animated Pixel-Art Backgrounds/Art/Animations/Pixel-Art Background 3/frame0121.png using Guid(7b385a5da9113e148914c6852506607a) Importer(815301076,1909f56bfc062723c751e8b465ee728b) (PreviewImporter) -> (artifact id: '11b500a9241c481c50a04cf4c0e73e90') in 0.0268172 seconds
Number of updated asset objects reloaded before import = 0Number of asset objects unloaded after import = 3

========================================================================
Received Import Request.
  Time since last request: 0.598878 seconds.
  path: Assets/FeonY/Animated Pixel-Art Backgrounds/Art/Animations/Pixel-Art Background 3/frame0123.png
  artifactKey: Guid(b3f26ec34b70c6c43beacad9189c08b0) Importer(815301076,1909f56bfc062723c751e8b465ee728b)
Start importing Assets/FeonY/Animated Pixel-Art Backgrounds/Art/Animations/Pixel-Art Background 3/frame0123.png using Guid(b3f26ec34b70c6c43beacad9189c08b0) Importer(815301076,1909f56bfc062723c751e8b465ee728b) (PreviewImporter) -> (artifact id: '33078a2de139a720475beb7c99c2aad6') in 0.0408099 seconds
Number of updated asset objects reloaded before import = 0Number of asset objects unloaded after import = 3

========================================================================
Received Import Request.
  Time since last request: 0.329541 seconds.
  path: Assets/FeonY/Animated Pixel-Art Backgrounds/Art/Animations/Pixel-Art Background 3/frame0124.png
  artifactKey: Guid(45abdb81633b2334789084dfa30b66ea) Importer(815301076,1909f56bfc062723c751e8b465ee728b)
Start importing Assets/FeonY/Animated Pixel-Art Backgrounds/Art/Animations/Pixel-Art Background 3/frame0124.png using Guid(45abdb81633b2334789084dfa30b66ea) Importer(815301076,1909f56bfc062723c751e8b465ee728b) (PreviewImporter) -> (artifact id: '473bed6b3713cfd73a6d6775cc801a10') in 0.0361235 seconds
Number of updated asset objects reloaded before import = 0Number of asset objects unloaded after import = 3

========================================================================
Received Import Request.
  Time since last request: 0.000022 seconds.
  path: Assets/FeonY/Animated Pixel-Art Backgrounds/Art/Animations/Pixel-Art Background 1/frame0125.png
  artifactKey: Guid(c57fff836e740234ba08848f189a8907) Importer(815301076,1909f56bfc062723c751e8b465ee728b)
Start importing Assets/FeonY/Animated Pixel-Art Backgrounds/Art/Animations/Pixel-Art Background 1/frame0125.png using Guid(c57fff836e740234ba08848f189a8907) Importer(815301076,1909f56bfc062723c751e8b465ee728b) (PreviewImporter) -> (artifact id: '99efc6818a10f9d69a647787d3085992') in 0.0285222 seconds
Number of updated asset objects reloaded before import = 0Number of asset objects unloaded after import = 3

========================================================================
Received Import Request.
  Time since last request: 0.029882 seconds.
  path: Assets/FeonY/Animated Pixel-Art Backgrounds/Art/Animations/Pixel-Art Background 3/frame0125.png
  artifactKey: Guid(9948d2790b4ed8b4780b7e1b7ce9b73b) Importer(815301076,1909f56bfc062723c751e8b465ee728b)
Start importing Assets/FeonY/Animated Pixel-Art Backgrounds/Art/Animations/Pixel-Art Background 3/frame0125.png using Guid(9948d2790b4ed8b4780b7e1b7ce9b73b) Importer(815301076,1909f56bfc062723c751e8b465ee728b) (PreviewImporter) -> (artifact id: '47317a9303d97d6e38ebab5683543c67') in 0.0334617 seconds
Number of updated asset objects reloaded before import = 0Number of asset objects unloaded after import = 3

========================================================================
Received Import Request.
  Time since last request: 0.927238 seconds.
  path: Assets/FeonY/Animated Pixel-Art Backgrounds/Art/Animations/Pixel-Art Background 3/frame0114.png
  artifactKey: Guid(84fbd242279fc8748873d4ec35791c98) Importer(815301076,1909f56bfc062723c751e8b465ee728b)
Start importing Assets/FeonY/Animated Pixel-Art Backgrounds/Art/Animations/Pixel-Art Background 3/frame0114.png using Guid(84fbd242279fc8748873d4ec35791c98) Importer(815301076,1909f56bfc062723c751e8b465ee728b) (PreviewImporter) -> (artifact id: 'f16398b3416027c92fe376c8a1a7655f') in 0.0515428 seconds
Number of updated asset objects reloaded before import = 0Number of asset objects unloaded after import = 3

========================================================================
Received Import Request.
  Time since last request: 0.646310 seconds.
  path: Assets/FeonY/Animated Pixel-Art Backgrounds/Art/Animations/Pixel-Art Background 1/frame0117.png
  artifactKey: Guid(a3abd61af84c8e447be4645796d0b9fd) Importer(815301076,1909f56bfc062723c751e8b465ee728b)
Start importing Assets/FeonY/Animated Pixel-Art Backgrounds/Art/Animations/Pixel-Art Background 1/frame0117.png using Guid(a3abd61af84c8e447be4645796d0b9fd) Importer(815301076,1909f56bfc062723c751e8b465ee728b) (PreviewImporter) -> (artifact id: '82a82a3956a858e67adef43a3868629a') in 0.05023 seconds
Number of updated asset objects reloaded before import = 0Number of asset objects unloaded after import = 3

========================================================================
Received Import Request.
  Time since last request: 0.284995 seconds.
  path: Assets/FeonY/Animated Pixel-Art Backgrounds/Art/Animations/Pixel-Art Background 2/frame0112.png
  artifactKey: Guid(a30628c203e2ffd44b948f62556f977f) Importer(815301076,1909f56bfc062723c751e8b465ee728b)
Start importing Assets/FeonY/Animated Pixel-Art Backgrounds/Art/Animations/Pixel-Art Background 2/frame0112.png using Guid(a30628c203e2ffd44b948f62556f977f) Importer(815301076,1909f56bfc062723c751e8b465ee728b) (PreviewImporter) -> (artifact id: '1284652971b2697a9d19d06c7eaee349') in 0.0700675 seconds
Number of updated asset objects reloaded before import = 0Number of asset objects unloaded after import = 3

========================================================================
Received Import Request.
  Time since last request: 0.129980 seconds.
  path: Assets/FeonY/Animated Pixel-Art Backgrounds/Art/Animations/Pixel-Art Background 3/frame0113.png
  artifactKey: Guid(4ee936eef0cff40439f59efff098313c) Importer(815301076,1909f56bfc062723c751e8b465ee728b)
Start importing Assets/FeonY/Animated Pixel-Art Backgrounds/Art/Animations/Pixel-Art Background 3/frame0113.png using Guid(4ee936eef0cff40439f59efff098313c) Importer(815301076,1909f56bfc062723c751e8b465ee728b) (PreviewImporter) -> (artifact id: '461a96810db4cc0562a0e94f032b6cfd') in 0.0315259 seconds
Number of updated asset objects reloaded before import = 0Number of asset objects unloaded after import = 3

========================================================================
Received Import Request.
  Time since last request: 0.453847 seconds.
  path: Assets/FeonY/Animated Pixel-Art Backgrounds/Art/Animations/Pixel-Art Background 1/frame0110.png
  artifactKey: Guid(79595ca52d6e20e42abb15efd3c62ca3) Importer(815301076,1909f56bfc062723c751e8b465ee728b)
Start importing Assets/FeonY/Animated Pixel-Art Backgrounds/Art/Animations/Pixel-Art Background 1/frame0110.png using Guid(79595ca52d6e20e42abb15efd3c62ca3) Importer(815301076,1909f56bfc062723c751e8b465ee728b) (PreviewImporter) -> (artifact id: '8dc7683e393b59e4fe4215a045159459') in 0.0669644 seconds
Number of updated asset objects reloaded before import = 0Number of asset objects unloaded after import = 3

========================================================================
Received Import Request.
  Time since last request: 0.784006 seconds.
  path: Assets/FeonY/Animated Pixel-Art Backgrounds/Art/Animations/Pixel-Art Background 3/frame0106.png
  artifactKey: Guid(96c7f4edcb0680d429a694294ff905a2) Importer(815301076,1909f56bfc062723c751e8b465ee728b)
Start importing Assets/FeonY/Animated Pixel-Art Backgrounds/Art/Animations/Pixel-Art Background 3/frame0106.png using Guid(96c7f4edcb0680d429a694294ff905a2) Importer(815301076,1909f56bfc062723c751e8b465ee728b) (PreviewImporter) -> (artifact id: 'e9055040e6a28d8df06811606444a711') in 0.0458677 seconds
Number of updated asset objects reloaded before import = 0Number of asset objects unloaded after import = 3

========================================================================
Received Import Request.
  Time since last request: 0.871958 seconds.
  path: Assets/FeonY/Animated Pixel-Art Backgrounds/Art/Animations/Pixel-Art Background 1/frame0103.png
  artifactKey: Guid(c4a6e27f73fce844c935df7b4abc4716) Importer(815301076,1909f56bfc062723c751e8b465ee728b)
Start importing Assets/FeonY/Animated Pixel-Art Backgrounds/Art/Animations/Pixel-Art Background 1/frame0103.png using Guid(c4a6e27f73fce844c935df7b4abc4716) Importer(815301076,1909f56bfc062723c751e8b465ee728b) (PreviewImporter) -> (artifact id: '6a7d669e12bcf7a8188ff3d298f74bfd') in 0.0348262 seconds
Number of updated asset objects reloaded before import = 0Number of asset objects unloaded after import = 3

========================================================================
Received Import Request.
  Time since last request: 0.284979 seconds.
  path: Assets/FeonY/Animated Pixel-Art Backgrounds/Art/Animations/Pixel-Art Background 1/frame0105.png
  artifactKey: Guid(143b0a071789f9544aef64be6b8347bb) Importer(815301076,1909f56bfc062723c751e8b465ee728b)
Start importing Assets/FeonY/Animated Pixel-Art Backgrounds/Art/Animations/Pixel-Art Background 1/frame0105.png using Guid(143b0a071789f9544aef64be6b8347bb) Importer(815301076,1909f56bfc062723c751e8b465ee728b) (PreviewImporter) -> (artifact id: '35c6a9f4f975a0c515b79ef565fb154f') in 0.0425747 seconds
Number of updated asset objects reloaded before import = 0Number of asset objects unloaded after import = 3

========================================================================
Received Import Request.
  Time since last request: 0.616203 seconds.
  path: Assets/FeonY/Animated Pixel-Art Backgrounds/Art/Animations/Pixel-Art Background 2/frame0100.png
  artifactKey: Guid(c3b6616b5ce5b684f9c09455de03e1b6) Importer(815301076,1909f56bfc062723c751e8b465ee728b)
Start importing Assets/FeonY/Animated Pixel-Art Backgrounds/Art/Animations/Pixel-Art Background 2/frame0100.png using Guid(c3b6616b5ce5b684f9c09455de03e1b6) Importer(815301076,1909f56bfc062723c751e8b465ee728b) (PreviewImporter) -> (artifact id: '87a58fd0a58371cdf9cfe39df7e5263f') in 0.037443 seconds
Number of updated asset objects reloaded before import = 0Number of asset objects unloaded after import = 3

========================================================================
Received Import Request.
  Time since last request: 0.437875 seconds.
  path: Assets/FeonY/Animated Pixel-Art Backgrounds/Art/Animations/Pixel-Art Background 2/frame0102.png
  artifactKey: Guid(096f4388d520544429fc2f99a25a20b8) Importer(815301076,1909f56bfc062723c751e8b465ee728b)
Start importing Assets/FeonY/Animated Pixel-Art Backgrounds/Art/Animations/Pixel-Art Background 2/frame0102.png using Guid(096f4388d520544429fc2f99a25a20b8) Importer(815301076,1909f56bfc062723c751e8b465ee728b) (PreviewImporter) -> (artifact id: 'c408872de00fd7884ec526059d264cf8') in 0.0299793 seconds
Number of updated asset objects reloaded before import = 0Number of asset objects unloaded after import = 3

========================================================================
Received Import Request.
  Time since last request: 0.460977 seconds.
  path: Assets/FeonY/Animated Pixel-Art Backgrounds/Art/Animations/Pixel-Art Background 1/frame0097.png
  artifactKey: Guid(68dd634aa4d29684cb62bee5ef017816) Importer(815301076,1909f56bfc062723c751e8b465ee728b)
Start importing Assets/FeonY/Animated Pixel-Art Backgrounds/Art/Animations/Pixel-Art Background 1/frame0097.png using Guid(68dd634aa4d29684cb62bee5ef017816) Importer(815301076,1909f56bfc062723c751e8b465ee728b) (PreviewImporter) -> (artifact id: '2339302a28061058d481c3a7cad9ae17') in 0.0317373 seconds
Number of updated asset objects reloaded before import = 0Number of asset objects unloaded after import = 3

========================================================================
Received Import Request.
  Time since last request: 0.106387 seconds.
  path: Assets/FeonY/Animated Pixel-Art Backgrounds/Art/Animations/Pixel-Art Background 3/frame0098.png
  artifactKey: Guid(84bc324537e689c4ab7f9922d98b81d8) Importer(815301076,1909f56bfc062723c751e8b465ee728b)
Start importing Assets/FeonY/Animated Pixel-Art Backgrounds/Art/Animations/Pixel-Art Background 3/frame0098.png using Guid(84bc324537e689c4ab7f9922d98b81d8) Importer(815301076,1909f56bfc062723c751e8b465ee728b) (PreviewImporter) -> (artifact id: 'b3207acc55e8cb3c8ee7f470dca76ad0') in 0.0270289 seconds
Number of updated asset objects reloaded before import = 0Number of asset objects unloaded after import = 3

========================================================================
Received Import Request.
  Time since last request: 0.116755 seconds.
  path: Assets/FeonY/Animated Pixel-Art Backgrounds/Art/Animations/Pixel-Art Background 2/frame0099.png
  artifactKey: Guid(2ad52cfc5f4a29c47a728107c45d7085) Importer(815301076,1909f56bfc062723c751e8b465ee728b)
Start importing Assets/FeonY/Animated Pixel-Art Backgrounds/Art/Animations/Pixel-Art Background 2/frame0099.png using Guid(2ad52cfc5f4a29c47a728107c45d7085) Importer(815301076,1909f56bfc062723c751e8b465ee728b) (PreviewImporter) -> (artifact id: '13df40f0cdc385999ebd913c860126f3') in 0.0339184 seconds
Number of updated asset objects reloaded before import = 0Number of asset objects unloaded after import = 3

========================================================================
Received Import Request.
  Time since last request: 0.674200 seconds.
  path: Assets/FeonY/Animated Pixel-Art Backgrounds/Art/Animations/Pixel-Art Background 3/frame0096.png
  artifactKey: Guid(2e34e949d548a5b4e90fc3729efff14e) Importer(815301076,1909f56bfc062723c751e8b465ee728b)
Start importing Assets/FeonY/Animated Pixel-Art Backgrounds/Art/Animations/Pixel-Art Background 3/frame0096.png using Guid(2e34e949d548a5b4e90fc3729efff14e) Importer(815301076,1909f56bfc062723c751e8b465ee728b) (PreviewImporter) -> (artifact id: '08c345ed7a261ab8d2925639572997ff') in 0.0339056 seconds
Number of updated asset objects reloaded before import = 0Number of asset objects unloaded after import = 3

========================================================================
Received Import Request.
  Time since last request: 0.787281 seconds.
  path: Assets/FeonY/Animated Pixel-Art Backgrounds/Art/Animations/Pixel-Art Background 3/frame0093.png
  artifactKey: Guid(f2e69d9c23e4ca84980ab6dd42b4d1db) Importer(815301076,1909f56bfc062723c751e8b465ee728b)
Start importing Assets/FeonY/Animated Pixel-Art Backgrounds/Art/Animations/Pixel-Art Background 3/frame0093.png using Guid(f2e69d9c23e4ca84980ab6dd42b4d1db) Importer(815301076,1909f56bfc062723c751e8b465ee728b) (PreviewImporter) -> (artifact id: '29ba45edaba5ac117722c8b91f142cd9') in 0.025735 seconds
Number of updated asset objects reloaded before import = 0Number of asset objects unloaded after import = 3

========================================================================
Received Import Request.
  Time since last request: 0.155635 seconds.
  path: Assets/FeonY/Animated Pixel-Art Backgrounds/Art/Animations/Pixel-Art Background 3/frame0091.png
  artifactKey: Guid(2bb2b332b68c13841a8f4ce9ff7404ee) Importer(815301076,1909f56bfc062723c751e8b465ee728b)
Start importing Assets/FeonY/Animated Pixel-Art Backgrounds/Art/Animations/Pixel-Art Background 3/frame0091.png using Guid(2bb2b332b68c13841a8f4ce9ff7404ee) Importer(815301076,1909f56bfc062723c751e8b465ee728b) (PreviewImporter) -> (artifact id: '4af21a085802b3de0515d6f15021a830') in 0.0319462 seconds
Number of updated asset objects reloaded before import = 0Number of asset objects unloaded after import = 3

========================================================================
Received Import Request.
  Time since last request: 1.718076 seconds.
  path: Assets/FeonY/Animated Pixel-Art Backgrounds/Art/Animations/Pixel-Art Background 3/frame0088.png
  artifactKey: Guid(004d60736159ec546a272f4be724f5cf) Importer(815301076,1909f56bfc062723c751e8b465ee728b)
Start importing Assets/FeonY/Animated Pixel-Art Backgrounds/Art/Animations/Pixel-Art Background 3/frame0088.png using Guid(004d60736159ec546a272f4be724f5cf) Importer(815301076,1909f56bfc062723c751e8b465ee728b) (PreviewImporter) -> (artifact id: 'ebcc6c566af3b306b4262cd6caa2f2bf') in 0.0272625 seconds
Number of updated asset objects reloaded before import = 0Number of asset objects unloaded after import = 3

========================================================================
Received Import Request.
  Time since last request: 1.156349 seconds.
  path: Assets/FeonY/Animated Pixel-Art Backgrounds/Art/Animations/Pixel-Art Background 2/frame0085.png
  artifactKey: Guid(13eb3db935cd09044bbf88abc7cb8776) Importer(815301076,1909f56bfc062723c751e8b465ee728b)
Start importing Assets/FeonY/Animated Pixel-Art Backgrounds/Art/Animations/Pixel-Art Background 2/frame0085.png using Guid(13eb3db935cd09044bbf88abc7cb8776) Importer(815301076,1909f56bfc062723c751e8b465ee728b) (PreviewImporter) -> (artifact id: '03bbf0f33ac06cffb8e20c332901877e') in 0.0306716 seconds
Number of updated asset objects reloaded before import = 0Number of asset objects unloaded after import = 3

========================================================================
Received Import Request.
  Time since last request: 0.191503 seconds.
  path: Assets/FeonY/Animated Pixel-Art Backgrounds/Art/Animations/Pixel-Art Background 1/frame0082.png
  artifactKey: Guid(2fc983e73291095458c90c4e3d75cbcd) Importer(815301076,1909f56bfc062723c751e8b465ee728b)
Start importing Assets/FeonY/Animated Pixel-Art Backgrounds/Art/Animations/Pixel-Art Background 1/frame0082.png using Guid(2fc983e73291095458c90c4e3d75cbcd) Importer(815301076,1909f56bfc062723c751e8b465ee728b) (PreviewImporter) -> (artifact id: '18bec8a5cf7cf8760cccc29ca0c633b5') in 0.0318788 seconds
Number of updated asset objects reloaded before import = 0Number of asset objects unloaded after import = 3

========================================================================
Received Import Request.
  Time since last request: 0.031361 seconds.
  path: Assets/FeonY/Animated Pixel-Art Backgrounds/Art/Animations/Pixel-Art Background 1/frame0083.png
  artifactKey: Guid(004e99acd26f8f74bbd91e0537289f69) Importer(815301076,1909f56bfc062723c751e8b465ee728b)
Start importing Assets/FeonY/Animated Pixel-Art Backgrounds/Art/Animations/Pixel-Art Background 1/frame0083.png using Guid(004e99acd26f8f74bbd91e0537289f69) Importer(815301076,1909f56bfc062723c751e8b465ee728b) (PreviewImporter) -> (artifact id: '0d411a9bdac3946e4b3c0174f4189345') in 0.0255188 seconds
Number of updated asset objects reloaded before import = 0Number of asset objects unloaded after import = 3

========================================================================
Received Import Request.
  Time since last request: 0.960669 seconds.
  path: Assets/FeonY/Animated Pixel-Art Backgrounds/Art/Animations/Pixel-Art Background 2/frame0077.png
  artifactKey: Guid(eb72864b70dec234bbbec9e4951769a1) Importer(815301076,1909f56bfc062723c751e8b465ee728b)
Start importing Assets/FeonY/Animated Pixel-Art Backgrounds/Art/Animations/Pixel-Art Background 2/frame0077.png using Guid(eb72864b70dec234bbbec9e4951769a1) Importer(815301076,1909f56bfc062723c751e8b465ee728b) (PreviewImporter) -> (artifact id: '5af66d5daa51a2e451af853aa7de14de') in 0.0358474 seconds
Number of updated asset objects reloaded before import = 0Number of asset objects unloaded after import = 3

========================================================================
Received Import Request.
  Time since last request: 0.000082 seconds.
  path: Assets/FeonY/Animated Pixel-Art Backgrounds/Art/Animations/Pixel-Art Background 1/frame0077.png
  artifactKey: Guid(49dbf541b3dd7dc47bb0846caf47aecf) Importer(815301076,1909f56bfc062723c751e8b465ee728b)
Start importing Assets/FeonY/Animated Pixel-Art Backgrounds/Art/Animations/Pixel-Art Background 1/frame0077.png using Guid(49dbf541b3dd7dc47bb0846caf47aecf) Importer(815301076,1909f56bfc062723c751e8b465ee728b) (PreviewImporter) -> (artifact id: '5857c6712492e60e7aaf701db0efd58e') in 0.0280832 seconds
Number of updated asset objects reloaded before import = 0Number of asset objects unloaded after import = 3

========================================================================
Received Import Request.
  Time since last request: 0.034079 seconds.
  path: Assets/FeonY/Animated Pixel-Art Backgrounds/Art/Animations/Pixel-Art Background 1/frame0078.png
  artifactKey: Guid(548d41ad52798a848b55949ff7e267d4) Importer(815301076,1909f56bfc062723c751e8b465ee728b)
Start importing Assets/FeonY/Animated Pixel-Art Backgrounds/Art/Animations/Pixel-Art Background 1/frame0078.png using Guid(548d41ad52798a848b55949ff7e267d4) Importer(815301076,1909f56bfc062723c751e8b465ee728b) (PreviewImporter) -> (artifact id: 'd9d5b9aba4a2b199ba5f2a3a92d13ee9') in 0.0625663 seconds
Number of updated asset objects reloaded before import = 0Number of asset objects unloaded after import = 3

========================================================================
Received Import Request.
  Time since last request: 0.126316 seconds.
  path: Assets/FeonY/Animated Pixel-Art Backgrounds/Art/Animations/Pixel-Art Background 2/frame0079.png
  artifactKey: Guid(c024bfbc9a527e045b45fc205a01005d) Importer(815301076,1909f56bfc062723c751e8b465ee728b)
Start importing Assets/FeonY/Animated Pixel-Art Backgrounds/Art/Animations/Pixel-Art Background 2/frame0079.png using Guid(c024bfbc9a527e045b45fc205a01005d) Importer(815301076,1909f56bfc062723c751e8b465ee728b) (PreviewImporter) -> (artifact id: 'f5af0ae15e667994a1168181994783bc') in 0.0260369 seconds
Number of updated asset objects reloaded before import = 0Number of asset objects unloaded after import = 3

========================================================================
Received Import Request.
  Time since last request: 0.655812 seconds.
  path: Assets/FeonY/Animated Pixel-Art Backgrounds/Art/Animations/Pixel-Art Background 1/frame0074.png
  artifactKey: Guid(72ec97016487f7c48887cbaa5b99c6ce) Importer(815301076,1909f56bfc062723c751e8b465ee728b)
Start importing Assets/FeonY/Animated Pixel-Art Backgrounds/Art/Animations/Pixel-Art Background 1/frame0074.png using Guid(72ec97016487f7c48887cbaa5b99c6ce) Importer(815301076,1909f56bfc062723c751e8b465ee728b) (PreviewImporter) -> (artifact id: '87b908f628686dadf9241997e5b4833a') in 0.0245913 seconds
Number of updated asset objects reloaded before import = 0Number of asset objects unloaded after import = 3

========================================================================
Received Import Request.
  Time since last request: 1.110412 seconds.
  path: Assets/FeonY/Animated Pixel-Art Backgrounds/Art/Animations/Pixel-Art Background 2/frame0068.png
  artifactKey: Guid(897c55f9b49345043b30e8155d675e4d) Importer(815301076,1909f56bfc062723c751e8b465ee728b)
Start importing Assets/FeonY/Animated Pixel-Art Backgrounds/Art/Animations/Pixel-Art Background 2/frame0068.png using Guid(897c55f9b49345043b30e8155d675e4d) Importer(815301076,1909f56bfc062723c751e8b465ee728b) (PreviewImporter) -> (artifact id: 'e45bd0be6eeb7e6099c1b1ae4a9a0b46') in 0.0483081 seconds
Number of updated asset objects reloaded before import = 0Number of asset objects unloaded after import = 3

========================================================================
Received Import Request.
  Time since last request: 0.000153 seconds.
  path: Assets/FeonY/Animated Pixel-Art Backgrounds/Art/Animations/Pixel-Art Background 2/frame0069.png
  artifactKey: Guid(04a547eb48e8ffb4ab65480aba537622) Importer(815301076,1909f56bfc062723c751e8b465ee728b)
Start importing Assets/FeonY/Animated Pixel-Art Backgrounds/Art/Animations/Pixel-Art Background 2/frame0069.png using Guid(04a547eb48e8ffb4ab65480aba537622) Importer(815301076,1909f56bfc062723c751e8b465ee728b) (PreviewImporter) -> (artifact id: '6f7370fafa934f7ad4df03e0c064d24a') in 0.0339049 seconds
Number of updated asset objects reloaded before import = 0Number of asset objects unloaded after import = 3

========================================================================
Received Import Request.
  Time since last request: 0.249175 seconds.
  path: Assets/FeonY/Animated Pixel-Art Backgrounds/Art/Animations/Pixel-Art Background 1/frame0071.png
  artifactKey: Guid(1eddd93e297de37449eec8cec7628dc3) Importer(815301076,1909f56bfc062723c751e8b465ee728b)
Start importing Assets/FeonY/Animated Pixel-Art Backgrounds/Art/Animations/Pixel-Art Background 1/frame0071.png using Guid(1eddd93e297de37449eec8cec7628dc3) Importer(815301076,1909f56bfc062723c751e8b465ee728b) (PreviewImporter) -> (artifact id: '5e4ac8c9be16a3fc45175bc122384f74') in 0.0286836 seconds
Number of updated asset objects reloaded before import = 0Number of asset objects unloaded after import = 3

========================================================================
Received Import Request.
  Time since last request: 0.555099 seconds.
  path: Assets/FeonY/Animated Pixel-Art Backgrounds/Art/Animations/Pixel-Art Background 1/frame0064.png
  artifactKey: Guid(1f8b7506e5d35d24ea58540040f1fc32) Importer(815301076,1909f56bfc062723c751e8b465ee728b)
Start importing Assets/FeonY/Animated Pixel-Art Backgrounds/Art/Animations/Pixel-Art Background 1/frame0064.png using Guid(1f8b7506e5d35d24ea58540040f1fc32) Importer(815301076,1909f56bfc062723c751e8b465ee728b) (PreviewImporter) -> (artifact id: 'ad46756d4a5496fb5d7d6fdd6f8360be') in 0.0255796 seconds
Number of updated asset objects reloaded before import = 0Number of asset objects unloaded after import = 3

========================================================================
Received Import Request.
  Time since last request: 0.047512 seconds.
  path: Assets/FeonY/Animated Pixel-Art Backgrounds/Art/Animations/Pixel-Art Background 2/frame0065.png
  artifactKey: Guid(d51ae9e8c526cac41bf9d7f22be08b8a) Importer(815301076,1909f56bfc062723c751e8b465ee728b)
Start importing Assets/FeonY/Animated Pixel-Art Backgrounds/Art/Animations/Pixel-Art Background 2/frame0065.png using Guid(d51ae9e8c526cac41bf9d7f22be08b8a) Importer(815301076,1909f56bfc062723c751e8b465ee728b) (PreviewImporter) -> (artifact id: '3f5214da7413a108d7fb4c89d54a04c3') in 0.0257986 seconds
Number of updated asset objects reloaded before import = 0Number of asset objects unloaded after import = 3

========================================================================
Received Import Request.
  Time since last request: 0.117644 seconds.
  path: Assets/FeonY/Animated Pixel-Art Backgrounds/Art/Animations/Pixel-Art Background 4/frame0066.png
  artifactKey: Guid(98d643a0305a5874d9124e34333a84b5) Importer(815301076,1909f56bfc062723c751e8b465ee728b)
Start importing Assets/FeonY/Animated Pixel-Art Backgrounds/Art/Animations/Pixel-Art Background 4/frame0066.png using Guid(98d643a0305a5874d9124e34333a84b5) Importer(815301076,1909f56bfc062723c751e8b465ee728b) (PreviewImporter) -> (artifact id: 'a7a393d7675cde492025b96776b3a6c6') in 0.090469 seconds
Number of updated asset objects reloaded before import = 0Number of asset objects unloaded after import = 3

========================================================================
Received Import Request.
  Time since last request: 0.384700 seconds.
  path: Assets/FeonY/Animated Pixel-Art Backgrounds/Art/Animations/Pixel-Art Background 3/frame0058.png
  artifactKey: Guid(258feb4064c8cfc45b5fc0e3be74681b) Importer(815301076,1909f56bfc062723c751e8b465ee728b)
Start importing Assets/FeonY/Animated Pixel-Art Backgrounds/Art/Animations/Pixel-Art Background 3/frame0058.png using Guid(258feb4064c8cfc45b5fc0e3be74681b) Importer(815301076,1909f56bfc062723c751e8b465ee728b) (PreviewImporter) -> (artifact id: '6422a41aaf900eb7f39d1b7fb3348391') in 0.0586949 seconds
Number of updated asset objects reloaded before import = 0Number of asset objects unloaded after import = 3

========================================================================
Received Import Request.
  Time since last request: 0.188919 seconds.
  path: Assets/FeonY/Animated Pixel-Art Backgrounds/Art/Animations/Pixel-Art Background 1/frame0059.png
  artifactKey: Guid(abd923ba71dfb504abaf2158cc2ec494) Importer(815301076,1909f56bfc062723c751e8b465ee728b)
Start importing Assets/FeonY/Animated Pixel-Art Backgrounds/Art/Animations/Pixel-Art Background 1/frame0059.png using Guid(abd923ba71dfb504abaf2158cc2ec494) Importer(815301076,1909f56bfc062723c751e8b465ee728b) (PreviewImporter) -> (artifact id: '581427dcfc8ba345cc89816726228437') in 0.0254985 seconds
Number of updated asset objects reloaded before import = 0Number of asset objects unloaded after import = 3

========================================================================
Received Import Request.
  Time since last request: 0.081758 seconds.
  path: Assets/FeonY/Animated Pixel-Art Backgrounds/Art/Animations/Pixel-Art Background 3/frame0059.png
  artifactKey: Guid(f377951e3c8c96f4b9de355865103bbf) Importer(815301076,1909f56bfc062723c751e8b465ee728b)
Start importing Assets/FeonY/Animated Pixel-Art Backgrounds/Art/Animations/Pixel-Art Background 3/frame0059.png using Guid(f377951e3c8c96f4b9de355865103bbf) Importer(815301076,1909f56bfc062723c751e8b465ee728b) (PreviewImporter) -> (artifact id: '5195def13331f81d8bcfa7319c670b24') in 0.0735936 seconds
Number of updated asset objects reloaded before import = 0Number of asset objects unloaded after import = 3

========================================================================
Received Import Request.
  Time since last request: 0.506425 seconds.
  path: Assets/FeonY/Animated Pixel-Art Backgrounds/Art/Animations/Pixel-Art Background 1/frame0061.png
  artifactKey: Guid(3cc8e7c69e729f24ca4da64fea767263) Importer(815301076,1909f56bfc062723c751e8b465ee728b)
Start importing Assets/FeonY/Animated Pixel-Art Backgrounds/Art/Animations/Pixel-Art Background 1/frame0061.png using Guid(3cc8e7c69e729f24ca4da64fea767263) Importer(815301076,1909f56bfc062723c751e8b465ee728b) (PreviewImporter) -> (artifact id: '05a83503103148048d0bab0d9c463c10') in 0.0234068 seconds
Number of updated asset objects reloaded before import = 0Number of asset objects unloaded after import = 3

========================================================================
Received Import Request.
  Time since last request: 0.053942 seconds.
  path: Assets/FeonY/Animated Pixel-Art Backgrounds/Art/Animations/Pixel-Art Background 2/frame0061.png
  artifactKey: Guid(e450614ac4c5d2b4db2a996efe52994a) Importer(815301076,1909f56bfc062723c751e8b465ee728b)
Start importing Assets/FeonY/Animated Pixel-Art Backgrounds/Art/Animations/Pixel-Art Background 2/frame0061.png using Guid(e450614ac4c5d2b4db2a996efe52994a) Importer(815301076,1909f56bfc062723c751e8b465ee728b) (PreviewImporter) -> (artifact id: '094b9fce438e58a3758108670e9a29bf') in 0.0289636 seconds
Number of updated asset objects reloaded before import = 0Number of asset objects unloaded after import = 3

========================================================================
Received Import Request.
  Time since last request: 0.161959 seconds.
  path: Assets/FeonY/Animated Pixel-Art Backgrounds/Art/Animations/Pixel-Art Background 1/frame0062.png
  artifactKey: Guid(da6e423ceb70ef747b2f0cbae3b8d432) Importer(815301076,1909f56bfc062723c751e8b465ee728b)
Start importing Assets/FeonY/Animated Pixel-Art Backgrounds/Art/Animations/Pixel-Art Background 1/frame0062.png using Guid(da6e423ceb70ef747b2f0cbae3b8d432) Importer(815301076,1909f56bfc062723c751e8b465ee728b) (PreviewImporter) -> (artifact id: '4b431539a0c2be28b44363cc9657904e') in 0.038472 seconds
Number of updated asset objects reloaded before import = 0Number of asset objects unloaded after import = 3

========================================================================
Received Import Request.
  Time since last request: 0.000038 seconds.
  path: Assets/FeonY/Animated Pixel-Art Backgrounds/Art/Animations/Pixel-Art Background 4/frame0063.png
  artifactKey: Guid(11c1629ebe33ea3489e42a5f09c6b7e8) Importer(815301076,1909f56bfc062723c751e8b465ee728b)
Start importing Assets/FeonY/Animated Pixel-Art Backgrounds/Art/Animations/Pixel-Art Background 4/frame0063.png using Guid(11c1629ebe33ea3489e42a5f09c6b7e8) Importer(815301076,1909f56bfc062723c751e8b465ee728b) (PreviewImporter) -> (artifact id: 'ae5c36d50fcf4d042a0b98ce02d81330') in 0.0918391 seconds
Number of updated asset objects reloaded before import = 0Number of asset objects unloaded after import = 3

========================================================================
Received Import Request.
  Time since last request: 0.460225 seconds.
  path: Assets/FeonY/Animated Pixel-Art Backgrounds/Art/Animations/Pixel-Art Background 2/frame0032.png
  artifactKey: Guid(7d6ae83eaac9ec748b0b9bd481322f20) Importer(815301076,1909f56bfc062723c751e8b465ee728b)
Start importing Assets/FeonY/Animated Pixel-Art Backgrounds/Art/Animations/Pixel-Art Background 2/frame0032.png using Guid(7d6ae83eaac9ec748b0b9bd481322f20) Importer(815301076,1909f56bfc062723c751e8b465ee728b) (PreviewImporter) -> (artifact id: 'af33b7543418e69be82e9f06c14dd038') in 0.0295594 seconds
Number of updated asset objects reloaded before import = 0Number of asset objects unloaded after import = 3

========================================================================
Received Import Request.
  Time since last request: 0.093757 seconds.
  path: Assets/FeonY/Animated Pixel-Art Backgrounds/Art/Animations/Pixel-Art Background 3/frame0033.png
  artifactKey: Guid(f6a89fcd3b4fc924abc908098cc6d3c3) Importer(815301076,1909f56bfc062723c751e8b465ee728b)
Start importing Assets/FeonY/Animated Pixel-Art Backgrounds/Art/Animations/Pixel-Art Background 3/frame0033.png using Guid(f6a89fcd3b4fc924abc908098cc6d3c3) Importer(815301076,1909f56bfc062723c751e8b465ee728b) (PreviewImporter) -> (artifact id: 'b95ee598949e12bf73ee1fc11894a37d') in 0.0286169 seconds
Number of updated asset objects reloaded before import = 0Number of asset objects unloaded after import = 3

========================================================================
Received Import Request.
  Time since last request: 0.003766 seconds.
  path: Assets/FeonY/Animated Pixel-Art Backgrounds/Art/Animations/Pixel-Art Background 2/frame0033.png
  artifactKey: Guid(942579afdc4802141be998b96529f802) Importer(815301076,1909f56bfc062723c751e8b465ee728b)
Start importing Assets/FeonY/Animated Pixel-Art Backgrounds/Art/Animations/Pixel-Art Background 2/frame0033.png using Guid(942579afdc4802141be998b96529f802) Importer(815301076,1909f56bfc062723c751e8b465ee728b) (PreviewImporter) -> (artifact id: 'a5e33320c86ba5e3432205ca00271ccb') in 0.0391835 seconds
Number of updated asset objects reloaded before import = 0Number of asset objects unloaded after import = 3

========================================================================
Received Import Request.
  Time since last request: 0.142317 seconds.
  path: Assets/FeonY/Animated Pixel-Art Backgrounds/Art/Animations/Pixel-Art Background 1/frame0034.png
  artifactKey: Guid(510c9d6ae4f90274ab11bc3de24956bb) Importer(815301076,1909f56bfc062723c751e8b465ee728b)
Start importing Assets/FeonY/Animated Pixel-Art Backgrounds/Art/Animations/Pixel-Art Background 1/frame0034.png using Guid(510c9d6ae4f90274ab11bc3de24956bb) Importer(815301076,1909f56bfc062723c751e8b465ee728b) (PreviewImporter) -> (artifact id: 'a1f6c57b96374f5a6217e2d8706c2564') in 0.0286937 seconds
Number of updated asset objects reloaded before import = 0Number of asset objects unloaded after import = 3

========================================================================
Received Import Request.
  Time since last request: 0.006086 seconds.
  path: Assets/FeonY/Animated Pixel-Art Backgrounds/Art/Animations/Pixel-Art Background 3/frame0034.png
  artifactKey: Guid(80adb7cb5089b864fab99b423f272f9c) Importer(815301076,1909f56bfc062723c751e8b465ee728b)
Start importing Assets/FeonY/Animated Pixel-Art Backgrounds/Art/Animations/Pixel-Art Background 3/frame0034.png using Guid(80adb7cb5089b864fab99b423f272f9c) Importer(815301076,1909f56bfc062723c751e8b465ee728b) (PreviewImporter) -> (artifact id: '05650a7e6fdfc4b97b089320bea0fb31') in 0.031927 seconds
Number of updated asset objects reloaded before import = 0Number of asset objects unloaded after import = 3

========================================================================
Received Import Request.
  Time since last request: 0.234375 seconds.
  path: Assets/FeonY/Animated Pixel-Art Backgrounds/Art/Animations/Pixel-Art Background 1/frame0035.png
  artifactKey: Guid(f9c219b02586f494b9cc6b5f9c6162fa) Importer(815301076,1909f56bfc062723c751e8b465ee728b)
Start importing Assets/FeonY/Animated Pixel-Art Backgrounds/Art/Animations/Pixel-Art Background 1/frame0035.png using Guid(f9c219b02586f494b9cc6b5f9c6162fa) Importer(815301076,1909f56bfc062723c751e8b465ee728b) (PreviewImporter) -> (artifact id: 'bb3ed7beb4ef7f40c6ac87fb8f9cc519') in 0.0336895 seconds
Number of updated asset objects reloaded before import = 0Number of asset objects unloaded after import = 3

========================================================================
Received Import Request.
  Time since last request: 0.027820 seconds.
  path: Assets/FeonY/Animated Pixel-Art Backgrounds/Art/Animations/Pixel-Art Background 4/frame0036.png
  artifactKey: Guid(f8b69066a0464ff4fb6182d0d5eb534d) Importer(815301076,1909f56bfc062723c751e8b465ee728b)
Start importing Assets/FeonY/Animated Pixel-Art Backgrounds/Art/Animations/Pixel-Art Background 4/frame0036.png using Guid(f8b69066a0464ff4fb6182d0d5eb534d) Importer(815301076,1909f56bfc062723c751e8b465ee728b) (PreviewImporter) -> (artifact id: '905a36f005f1c852976630b219a65254') in 0.0559483 seconds
Number of updated asset objects reloaded before import = 0Number of asset objects unloaded after import = 3

========================================================================
Received Import Request.
  Time since last request: 0.607378 seconds.
  path: Assets/FeonY/Animated Pixel-Art Backgrounds/Art/Animations/Pixel-Art Background 4/frame0037.png
  artifactKey: Guid(b6c43dd8ec9d24a46bb7ee8da25c4ede) Importer(815301076,1909f56bfc062723c751e8b465ee728b)
Start importing Assets/FeonY/Animated Pixel-Art Backgrounds/Art/Animations/Pixel-Art Background 4/frame0037.png using Guid(b6c43dd8ec9d24a46bb7ee8da25c4ede) Importer(815301076,1909f56bfc062723c751e8b465ee728b) (PreviewImporter) -> (artifact id: 'e1dd407b7aecf32682e0d2ab8a643167') in 0.0865999 seconds
Number of updated asset objects reloaded before import = 0Number of asset objects unloaded after import = 3

========================================================================
Received Import Request.
  Time since last request: 0.403688 seconds.
  path: Assets/FeonY/Animated Pixel-Art Backgrounds/Art/Animations/Pixel-Art Background 3/frame0021.png
  artifactKey: Guid(9b2764975be1ba94c85d61d0710bf535) Importer(815301076,1909f56bfc062723c751e8b465ee728b)
Start importing Assets/FeonY/Animated Pixel-Art Backgrounds/Art/Animations/Pixel-Art Background 3/frame0021.png using Guid(9b2764975be1ba94c85d61d0710bf535) Importer(815301076,1909f56bfc062723c751e8b465ee728b) (PreviewImporter) -> (artifact id: '2e8dfa3ac7918ed59089b44eaffdebb5') in 0.031747 seconds
Number of updated asset objects reloaded before import = 0Number of asset objects unloaded after import = 3

========================================================================
Received Import Request.
  Time since last request: 0.039348 seconds.
  path: Assets/FeonY/Animated Pixel-Art Backgrounds/Art/Animations/Pixel-Art Background 1/frame0022.png
  artifactKey: Guid(ad0aeafb1fe9b474196fcd1f71d858c6) Importer(815301076,1909f56bfc062723c751e8b465ee728b)
Start importing Assets/FeonY/Animated Pixel-Art Backgrounds/Art/Animations/Pixel-Art Background 1/frame0022.png using Guid(ad0aeafb1fe9b474196fcd1f71d858c6) Importer(815301076,1909f56bfc062723c751e8b465ee728b) (PreviewImporter) -> (artifact id: '396711c4ac5571638e2585d83407e69f') in 0.0982368 seconds
Number of updated asset objects reloaded before import = 0Number of asset objects unloaded after import = 3

========================================================================
Received Import Request.
  Time since last request: 0.083933 seconds.
  path: Assets/FeonY/Animated Pixel-Art Backgrounds/Art/Animations/Pixel-Art Background 4/frame0023.png
  artifactKey: Guid(f656ac254e1f3614485d59b2c6d42e85) Importer(815301076,1909f56bfc062723c751e8b465ee728b)
Start importing Assets/FeonY/Animated Pixel-Art Backgrounds/Art/Animations/Pixel-Art Background 4/frame0023.png using Guid(f656ac254e1f3614485d59b2c6d42e85) Importer(815301076,1909f56bfc062723c751e8b465ee728b) (PreviewImporter) -> (artifact id: '50d364b4ef18278c3800b0e131aa1f4d') in 0.052008 seconds
Number of updated asset objects reloaded before import = 0Number of asset objects unloaded after import = 3

========================================================================
Received Import Request.
  Time since last request: 0.206691 seconds.
  path: Assets/FeonY/Animated Pixel-Art Backgrounds/Art/Animations/Pixel-Art Background 1/frame0023.png
  artifactKey: Guid(74a4b2d5684305c4fbef1a238646e858) Importer(815301076,1909f56bfc062723c751e8b465ee728b)
Start importing Assets/FeonY/Animated Pixel-Art Backgrounds/Art/Animations/Pixel-Art Background 1/frame0023.png using Guid(74a4b2d5684305c4fbef1a238646e858) Importer(815301076,1909f56bfc062723c751e8b465ee728b) (PreviewImporter) -> (artifact id: 'a98f2c795ef331f949f0a314e9802c70') in 0.0238725 seconds
Number of updated asset objects reloaded before import = 0Number of asset objects unloaded after import = 3

========================================================================
Received Import Request.
  Time since last request: 0.421505 seconds.
  path: Assets/FeonY/Animated Pixel-Art Backgrounds/Art/Animations/Pixel-Art Background 1/frame0025.png
  artifactKey: Guid(4bf262d346eca57439d70c432524707a) Importer(815301076,1909f56bfc062723c751e8b465ee728b)
Start importing Assets/FeonY/Animated Pixel-Art Backgrounds/Art/Animations/Pixel-Art Background 1/frame0025.png using Guid(4bf262d346eca57439d70c432524707a) Importer(815301076,1909f56bfc062723c751e8b465ee728b) (PreviewImporter) -> (artifact id: '40ac5a554136e020032d351f6c9784b8') in 0.3872126 seconds
Number of updated asset objects reloaded before import = 0Number of asset objects unloaded after import = 3

========================================================================
Received Import Request.
  Time since last request: 0.031357 seconds.
  path: Assets/FeonY/Animated Pixel-Art Backgrounds/Art/Animations/Pixel-Art Background 3/frame0025.png
  artifactKey: Guid(576bfa3e240542642a586824637c2978) Importer(815301076,1909f56bfc062723c751e8b465ee728b)
Start importing Assets/FeonY/Animated Pixel-Art Backgrounds/Art/Animations/Pixel-Art Background 3/frame0025.png using Guid(576bfa3e240542642a586824637c2978) Importer(815301076,1909f56bfc062723c751e8b465ee728b) (PreviewImporter) -> (artifact id: '98c5d589acc85e36e48646c22fecd4a2') in 0.0270803 seconds
Number of updated asset objects reloaded before import = 0Number of asset objects unloaded after import = 3

========================================================================
Received Import Request.
  Time since last request: 0.317211 seconds.
  path: Assets/FeonY/Animated Pixel-Art Backgrounds/Art/Animations/Pixel-Art Background 2/frame0026.png
  artifactKey: Guid(81af7c79bf352924484cc1be3240c5bb) Importer(815301076,1909f56bfc062723c751e8b465ee728b)
Start importing Assets/FeonY/Animated Pixel-Art Backgrounds/Art/Animations/Pixel-Art Background 2/frame0026.png using Guid(81af7c79bf352924484cc1be3240c5bb) Importer(815301076,1909f56bfc062723c751e8b465ee728b) (PreviewImporter) -> (artifact id: 'a3a217df16a53ab90f4569726bb524f3') in 0.0301453 seconds
Number of updated asset objects reloaded before import = 0Number of asset objects unloaded after import = 3

========================================================================
Received Import Request.
  Time since last request: 0.051252 seconds.
  path: Assets/FeonY/Animated Pixel-Art Backgrounds/Art/Animations/Pixel-Art Background 4/frame0027.png
  artifactKey: Guid(f20b346b618d92d4586d645869142e01) Importer(815301076,1909f56bfc062723c751e8b465ee728b)
Start importing Assets/FeonY/Animated Pixel-Art Backgrounds/Art/Animations/Pixel-Art Background 4/frame0027.png using Guid(f20b346b618d92d4586d645869142e01) Importer(815301076,1909f56bfc062723c751e8b465ee728b) (PreviewImporter) -> (artifact id: 'ccce3cf7b46a52380a5eaa1eb6d021c0') in 0.0488984 seconds
Number of updated asset objects reloaded before import = 0Number of asset objects unloaded after import = 3

========================================================================
Received Import Request.
  Time since last request: 0.134708 seconds.
  path: Assets/FeonY/Animated Pixel-Art Backgrounds/Art/Animations/Pixel-Art Background 3/frame0014.png
  artifactKey: Guid(c69610d807d8a644abac349e1b14c6e0) Importer(815301076,1909f56bfc062723c751e8b465ee728b)
Start importing Assets/FeonY/Animated Pixel-Art Backgrounds/Art/Animations/Pixel-Art Background 3/frame0014.png using Guid(c69610d807d8a644abac349e1b14c6e0) Importer(815301076,1909f56bfc062723c751e8b465ee728b) (PreviewImporter) -> (artifact id: 'dc6965911b2a3082b6aed181c434dd87') in 0.1025168 seconds
Number of updated asset objects reloaded before import = 0Number of asset objects unloaded after import = 3

========================================================================
Received Import Request.
  Time since last request: 0.036679 seconds.
  path: Assets/FeonY/Animated Pixel-Art Backgrounds/Art/Animations/Pixel-Art Background 3/frame0015.png
  artifactKey: Guid(6f55db9e6cc35f74c9416c0920cf1c24) Importer(815301076,1909f56bfc062723c751e8b465ee728b)
Start importing Assets/FeonY/Animated Pixel-Art Backgrounds/Art/Animations/Pixel-Art Background 3/frame0015.png using Guid(6f55db9e6cc35f74c9416c0920cf1c24) Importer(815301076,1909f56bfc062723c751e8b465ee728b) (PreviewImporter) -> (artifact id: '794ef955816868fcb0a5b391d79aba1b') in 0.0280282 seconds
Number of updated asset objects reloaded before import = 0Number of asset objects unloaded after import = 3

========================================================================
Received Import Request.
  Time since last request: 0.090039 seconds.
  path: Assets/FeonY/Animated Pixel-Art Backgrounds/Art/Animations/Pixel-Art Background 2/frame0015.png
  artifactKey: Guid(54e23b3aa9423cb4fbf2ff86cf2bbcdd) Importer(815301076,1909f56bfc062723c751e8b465ee728b)
Start importing Assets/FeonY/Animated Pixel-Art Backgrounds/Art/Animations/Pixel-Art Background 2/frame0015.png using Guid(54e23b3aa9423cb4fbf2ff86cf2bbcdd) Importer(815301076,1909f56bfc062723c751e8b465ee728b) (PreviewImporter) -> (artifact id: 'e2d1941d142168a6e6625255350e4c53') in 0.0286935 seconds
Number of updated asset objects reloaded before import = 0Number of asset objects unloaded after import = 3

========================================================================
Received Import Request.
  Time since last request: 0.043473 seconds.
  path: Assets/FeonY/Animated Pixel-Art Backgrounds/Art/Animations/Pixel-Art Background 4/frame0016.png
  artifactKey: Guid(23444f9e2a3f7bf4c84d492bfdc9d0a8) Importer(815301076,1909f56bfc062723c751e8b465ee728b)
Start importing Assets/FeonY/Animated Pixel-Art Backgrounds/Art/Animations/Pixel-Art Background 4/frame0016.png using Guid(23444f9e2a3f7bf4c84d492bfdc9d0a8) Importer(815301076,1909f56bfc062723c751e8b465ee728b) (PreviewImporter) -> (artifact id: '45d831b8edf7185e9a3e4df35a2a8266') in 0.0459472 seconds
Number of updated asset objects reloaded before import = 0Number of asset objects unloaded after import = 3

========================================================================
Received Import Request.
  Time since last request: 0.547742 seconds.
  path: Assets/FeonY/Animated Pixel-Art Backgrounds/Art/Animations/Pixel-Art Background 4/frame0017.png
  artifactKey: Guid(586bacbb360b29145978cfe7f49545e1) Importer(815301076,1909f56bfc062723c751e8b465ee728b)
Start importing Assets/FeonY/Animated Pixel-Art Backgrounds/Art/Animations/Pixel-Art Background 4/frame0017.png using Guid(586bacbb360b29145978cfe7f49545e1) Importer(815301076,1909f56bfc062723c751e8b465ee728b) (PreviewImporter) -> (artifact id: '8aca20c2ddec216ec0db4f6075ecb0f1') in 0.0578857 seconds
Number of updated asset objects reloaded before import = 0Number of asset objects unloaded after import = 3

========================================================================
Received Import Request.
  Time since last request: 0.000028 seconds.
  path: Assets/FeonY/Animated Pixel-Art Backgrounds/Art/Animations/Pixel-Art Background 4/frame0018.png
  artifactKey: Guid(989a1fcda9871ac4db2c99cf36c85458) Importer(815301076,1909f56bfc062723c751e8b465ee728b)
Start importing Assets/FeonY/Animated Pixel-Art Backgrounds/Art/Animations/Pixel-Art Background 4/frame0018.png using Guid(989a1fcda9871ac4db2c99cf36c85458) Importer(815301076,1909f56bfc062723c751e8b465ee728b) (PreviewImporter) -> (artifact id: 'feed9b7fc6d1ef51513c5f96ad8a3223') in 0.0763013 seconds
Number of updated asset objects reloaded before import = 0Number of asset objects unloaded after import = 3

========================================================================
Received Import Request.
  Time since last request: 0.045615 seconds.
  path: Assets/FeonY/Animated Pixel-Art Backgrounds/Art/Animations/Pixel-Art Background 2/frame0018.png
  artifactKey: Guid(3a1d23cbaf36fce4aac962a747753c61) Importer(815301076,1909f56bfc062723c751e8b465ee728b)
Start importing Assets/FeonY/Animated Pixel-Art Backgrounds/Art/Animations/Pixel-Art Background 2/frame0018.png using Guid(3a1d23cbaf36fce4aac962a747753c61) Importer(815301076,1909f56bfc062723c751e8b465ee728b) (PreviewImporter) -> (artifact id: '7d0aba35e4996842c503ae9de7f54726') in 0.0318095 seconds
Number of updated asset objects reloaded before import = 0Number of asset objects unloaded after import = 3

========================================================================
Received Import Request.
  Time since last request: 0.187328 seconds.
  path: Assets/FeonY/Animated Pixel-Art Backgrounds/Art/Animations/Pixel-Art Background 1/frame0019.png
  artifactKey: Guid(b3d2ed6b77bee9447a8ca68fdf97a250) Importer(815301076,1909f56bfc062723c751e8b465ee728b)
Start importing Assets/FeonY/Animated Pixel-Art Backgrounds/Art/Animations/Pixel-Art Background 1/frame0019.png using Guid(b3d2ed6b77bee9447a8ca68fdf97a250) Importer(815301076,1909f56bfc062723c751e8b465ee728b) (PreviewImporter) -> (artifact id: '5ad96de2e5db2bf8dbca7f87dd7475cc') in 0.0313615 seconds
Number of updated asset objects reloaded before import = 0Number of asset objects unloaded after import = 3

========================================================================
Received Import Request.
  Time since last request: 0.199786 seconds.
  path: Assets/FeonY/Animated Pixel-Art Backgrounds/Art/Animations/Pixel-Art Background 1/frame0020.png
  artifactKey: Guid(b1a8eb69ee4cb2d43bb68dd68f8e808e) Importer(815301076,1909f56bfc062723c751e8b465ee728b)
Start importing Assets/FeonY/Animated Pixel-Art Backgrounds/Art/Animations/Pixel-Art Background 1/frame0020.png using Guid(b1a8eb69ee4cb2d43bb68dd68f8e808e) Importer(815301076,1909f56bfc062723c751e8b465ee728b) (PreviewImporter) -> (artifact id: '35033b4d8077ca5a425c902eef133278') in 0.038132 seconds
Number of updated asset objects reloaded before import = 0Number of asset objects unloaded after import = 3

========================================================================
Received Import Request.
  Time since last request: 0.079008 seconds.
  path: Assets/FeonY/Animated Pixel-Art Backgrounds/Art/Animations/Pixel-Art Background 3/frame0009.png
  artifactKey: Guid(8bc1bd12218135349b5dbb3923b1ab81) Importer(815301076,1909f56bfc062723c751e8b465ee728b)
Start importing Assets/FeonY/Animated Pixel-Art Backgrounds/Art/Animations/Pixel-Art Background 3/frame0009.png using Guid(8bc1bd12218135349b5dbb3923b1ab81) Importer(815301076,1909f56bfc062723c751e8b465ee728b) (PreviewImporter) -> (artifact id: '3af612114ce228b1a063b6eb8f3236a9') in 0.0257044 seconds
Number of updated asset objects reloaded before import = 0Number of asset objects unloaded after import = 3

========================================================================
Received Import Request.
  Time since last request: 0.126237 seconds.
  path: Assets/FeonY/Animated Pixel-Art Backgrounds/Art/Animations/Pixel-Art Background 4/frame0010.png
  artifactKey: Guid(e8dea29c63e3439439bf8390b81cc1bb) Importer(815301076,1909f56bfc062723c751e8b465ee728b)
Start importing Assets/FeonY/Animated Pixel-Art Backgrounds/Art/Animations/Pixel-Art Background 4/frame0010.png using Guid(e8dea29c63e3439439bf8390b81cc1bb) Importer(815301076,1909f56bfc062723c751e8b465ee728b) (PreviewImporter) -> (artifact id: 'a2a22c208b416d5fd1e2bf1395467ce8') in 0.0496964 seconds
Number of updated asset objects reloaded before import = 0Number of asset objects unloaded after import = 3

========================================================================
Received Import Request.
  Time since last request: 0.000978 seconds.
  path: Assets/FeonY/Animated Pixel-Art Backgrounds/Art/Animations/Pixel-Art Background 1/frame0010.png
  artifactKey: Guid(5fcc59e7b19a619499ae5f77902b83de) Importer(815301076,1909f56bfc062723c751e8b465ee728b)
Start importing Assets/FeonY/Animated Pixel-Art Backgrounds/Art/Animations/Pixel-Art Background 1/frame0010.png using Guid(5fcc59e7b19a619499ae5f77902b83de) Importer(815301076,1909f56bfc062723c751e8b465ee728b) (PreviewImporter) -> (artifact id: '9008c3b2c9d6e0feedf6a378945e0e27') in 0.0282685 seconds
Number of updated asset objects reloaded before import = 0Number of asset objects unloaded after import = 3

========================================================================
Received Import Request.
  Time since last request: 0.092327 seconds.
  path: Assets/FeonY/Animated Pixel-Art Backgrounds/Art/Animations/Pixel-Art Background 4/frame0011.png
  artifactKey: Guid(812635d8fe843f442bf427ee61eadbbe) Importer(815301076,1909f56bfc062723c751e8b465ee728b)
Start importing Assets/FeonY/Animated Pixel-Art Backgrounds/Art/Animations/Pixel-Art Background 4/frame0011.png using Guid(812635d8fe843f442bf427ee61eadbbe) Importer(815301076,1909f56bfc062723c751e8b465ee728b) (PreviewImporter) -> (artifact id: '5578b6eb5154220a8513dc1adb5dc123') in 0.0705593 seconds
Number of updated asset objects reloaded before import = 0Number of asset objects unloaded after import = 3

========================================================================
Received Import Request.
  Time since last request: 0.367992 seconds.
  path: Assets/FeonY/Animated Pixel-Art Backgrounds/Art/Animations/Pixel-Art Background 1/frame0013.png
  artifactKey: Guid(9280a9d3bc31b1341a843b328d8972ee) Importer(815301076,1909f56bfc062723c751e8b465ee728b)
Start importing Assets/FeonY/Animated Pixel-Art Backgrounds/Art/Animations/Pixel-Art Background 1/frame0013.png using Guid(9280a9d3bc31b1341a843b328d8972ee) Importer(815301076,1909f56bfc062723c751e8b465ee728b) (PreviewImporter) -> (artifact id: 'a0954c075b38f85dce54d3d47f207304') in 0.0301585 seconds
Number of updated asset objects reloaded before import = 0Number of asset objects unloaded after import = 3

========================================================================
Received Import Request.
  Time since last request: 0.220741 seconds.
  path: Assets/FeonY/Animated Pixel-Art Backgrounds/Art/Animations/Pixel-Art Background 1/frame0014.png
  artifactKey: Guid(435b97b7c8e52f3459bd28e509d00a24) Importer(815301076,1909f56bfc062723c751e8b465ee728b)
Start importing Assets/FeonY/Animated Pixel-Art Backgrounds/Art/Animations/Pixel-Art Background 1/frame0014.png using Guid(435b97b7c8e52f3459bd28e509d00a24) Importer(815301076,1909f56bfc062723c751e8b465ee728b) (PreviewImporter) -> (artifact id: '7f49c1e9bc2f8bacc2f2de10d5fed945') in 0.0587087 seconds
Number of updated asset objects reloaded before import = 0Number of asset objects unloaded after import = 3

========================================================================
Received Import Request.
  Time since last request: 0.280853 seconds.
  path: Assets/FeonY/Animated Pixel-Art Backgrounds/Art/Animations/Pixel-Art Background 2/frame0007.png
  artifactKey: Guid(ee2559facd943bf489ff5fd112aaf539) Importer(815301076,1909f56bfc062723c751e8b465ee728b)
Start importing Assets/FeonY/Animated Pixel-Art Backgrounds/Art/Animations/Pixel-Art Background 2/frame0007.png using Guid(ee2559facd943bf489ff5fd112aaf539) Importer(815301076,1909f56bfc062723c751e8b465ee728b) (PreviewImporter) -> (artifact id: 'dc4c4e1111d9a1816df064b528c6545b') in 0.0257355 seconds
Number of updated asset objects reloaded before import = 0Number of asset objects unloaded after import = 3

========================================================================
Received Import Request.
  Time since last request: 0.040418 seconds.
  path: Assets/FeonY/Animated Pixel-Art Backgrounds/Art/Animations/Pixel-Art Background 3/frame0007.png
  artifactKey: Guid(d71d2a3c9bb1c674b98467d5539fa925) Importer(815301076,1909f56bfc062723c751e8b465ee728b)
Start importing Assets/FeonY/Animated Pixel-Art Backgrounds/Art/Animations/Pixel-Art Background 3/frame0007.png using Guid(d71d2a3c9bb1c674b98467d5539fa925) Importer(815301076,1909f56bfc062723c751e8b465ee728b) (PreviewImporter) -> (artifact id: 'b4351af8f5be3de95e2bd5d0e1c0c90c') in 0.0311185 seconds
Number of updated asset objects reloaded before import = 0Number of asset objects unloaded after import = 3

========================================================================
Received Import Request.
  Time since last request: 0.325363 seconds.
  path: Assets/FeonY/Animated Pixel-Art Backgrounds/Art/Animations/Pixel-Art Background 3/frame0008.png
  artifactKey: Guid(5c0fd536f8d66df408c8707c5690c033) Importer(815301076,1909f56bfc062723c751e8b465ee728b)
Start importing Assets/FeonY/Animated Pixel-Art Backgrounds/Art/Animations/Pixel-Art Background 3/frame0008.png using Guid(5c0fd536f8d66df408c8707c5690c033) Importer(815301076,1909f56bfc062723c751e8b465ee728b) (PreviewImporter) -> (artifact id: '7c2dc85296789b5a3fe45779da805778') in 0.0619479 seconds
Number of updated asset objects reloaded before import = 0Number of asset objects unloaded after import = 3

========================================================================
Received Import Request.
  Time since last request: 1.343280 seconds.
  path: Assets/FeonY/Animated Pixel-Art Backgrounds/Art/Animations/Pixel-Art Background 4/frame0003.png
  artifactKey: Guid(fca04e6c55751d645bbea0f096bc43f4) Importer(815301076,1909f56bfc062723c751e8b465ee728b)
Start importing Assets/FeonY/Animated Pixel-Art Backgrounds/Art/Animations/Pixel-Art Background 4/frame0003.png using Guid(fca04e6c55751d645bbea0f096bc43f4) Importer(815301076,1909f56bfc062723c751e8b465ee728b) (PreviewImporter) -> (artifact id: '00d4ada0432d35ff488880309e95b09e') in 0.0745175 seconds
Number of updated asset objects reloaded before import = 0Number of asset objects unloaded after import = 3

========================================================================
Received Import Request.
  Time since last request: 0.038170 seconds.
  path: Assets/FeonY/Animated Pixel-Art Backgrounds/Art/Animations/Pixel-Art Background 1/frame0004.png
  artifactKey: Guid(c52ddcedc05f77041850595b411a0424) Importer(815301076,1909f56bfc062723c751e8b465ee728b)
Start importing Assets/FeonY/Animated Pixel-Art Backgrounds/Art/Animations/Pixel-Art Background 1/frame0004.png using Guid(c52ddcedc05f77041850595b411a0424) Importer(815301076,1909f56bfc062723c751e8b465ee728b) (PreviewImporter) -> (artifact id: 'c757166b1c84e4a054395a5c16557a36') in 0.0307394 seconds
Number of updated asset objects reloaded before import = 0Number of asset objects unloaded after import = 3

========================================================================
Received Import Request.
  Time since last request: 0.095061 seconds.
  path: Assets/FeonY/Animated Pixel-Art Backgrounds/Art/Animations/Pixel-Art Background 4/frame0004.png
  artifactKey: Guid(75cca05a2bd8344479398d23cb97a86f) Importer(815301076,1909f56bfc062723c751e8b465ee728b)
Start importing Assets/FeonY/Animated Pixel-Art Backgrounds/Art/Animations/Pixel-Art Background 4/frame0004.png using Guid(75cca05a2bd8344479398d23cb97a86f) Importer(815301076,1909f56bfc062723c751e8b465ee728b) (PreviewImporter) -> (artifact id: 'e9ea02294b738061707b512a9a5c91da') in 0.0490539 seconds
Number of updated asset objects reloaded before import = 0Number of asset objects unloaded after import = 3

========================================================================
Received Import Request.
  Time since last request: 0.822030 seconds.
  path: Assets/FeonY/Animated Pixel-Art Backgrounds/Art/Animations/Pixel-Art Background 3/frame0002.png
  artifactKey: Guid(c02027e10273f004eb20429c856a5f04) Importer(815301076,1909f56bfc062723c751e8b465ee728b)
Start importing Assets/FeonY/Animated Pixel-Art Backgrounds/Art/Animations/Pixel-Art Background 3/frame0002.png using Guid(c02027e10273f004eb20429c856a5f04) Importer(815301076,1909f56bfc062723c751e8b465ee728b) (PreviewImporter) -> (artifact id: 'ca74c69a2a1e42030b13baf1c222b53f') in 0.0264418 seconds
Number of updated asset objects reloaded before import = 0Number of asset objects unloaded after import = 3

========================================================================
Received Import Request.
  Time since last request: 0.050741 seconds.
  path: Assets/FeonY/Animated Pixel-Art Backgrounds/Art/Animations/Pixel-Art Background 3/frame0003.png
  artifactKey: Guid(30bb39bef2d8bac449c71f149cb63e4a) Importer(815301076,1909f56bfc062723c751e8b465ee728b)
Start importing Assets/FeonY/Animated Pixel-Art Backgrounds/Art/Animations/Pixel-Art Background 3/frame0003.png using Guid(30bb39bef2d8bac449c71f149cb63e4a) Importer(815301076,1909f56bfc062723c751e8b465ee728b) (PreviewImporter) -> (artifact id: '1faffd456c7ff17518f842059c2e31a5') in 0.0367121 seconds
Number of updated asset objects reloaded before import = 0Number of asset objects unloaded after import = 3

========================================================================
Received Import Request.
  Time since last request: 1.260793 seconds.
  path: Assets/GameInputControllerIconsFree/keyboard/keyboard-outlined/f9.png
  artifactKey: Guid(b9408d86e654cfe45abc00592eeb2e89) Importer(815301076,1909f56bfc062723c751e8b465ee728b)
Start importing Assets/GameInputControllerIconsFree/keyboard/keyboard-outlined/f9.png using Guid(b9408d86e654cfe45abc00592eeb2e89) Importer(815301076,1909f56bfc062723c751e8b465ee728b) (PreviewImporter) -> (artifact id: '2fb0b83c5a8f1e23a904781f83cafdb5') in 0.0499646 seconds
Number of updated asset objects reloaded before import = 0Number of asset objects unloaded after import = 3

========================================================================
Received Import Request.
  Time since last request: 0.000025 seconds.
  path: Assets/GameInputControllerIconsFree/keyboard/keyboard-solid/f10.png
  artifactKey: Guid(0d0d4fd0b5b88594e84e73f59701b3d3) Importer(815301076,1909f56bfc062723c751e8b465ee728b)
Start importing Assets/GameInputControllerIconsFree/keyboard/keyboard-solid/f10.png using Guid(0d0d4fd0b5b88594e84e73f59701b3d3) Importer(815301076,1909f56bfc062723c751e8b465ee728b) (PreviewImporter) -> (artifact id: 'f527919f7558b7f92c4157f5f02f0076') in 0.0485002 seconds
Number of updated asset objects reloaded before import = 0Number of asset objects unloaded after import = 3

========================================================================
Received Import Request.
  Time since last request: 0.000036 seconds.
  path: Assets/GameInputControllerIconsFree/keyboard/keyboard-solid/f11.png
  artifactKey: Guid(fdfe7c277cf6e124b815d95e85776f19) Importer(815301076,1909f56bfc062723c751e8b465ee728b)
Start importing Assets/GameInputControllerIconsFree/keyboard/keyboard-solid/f11.png using Guid(fdfe7c277cf6e124b815d95e85776f19) Importer(815301076,1909f56bfc062723c751e8b465ee728b) (PreviewImporter) -> (artifact id: '5ee448c7aa3810d5221d16d4bebff9ad') in 0.0563738 seconds
Number of updated asset objects reloaded before import = 0Number of asset objects unloaded after import = 3

========================================================================
Received Import Request.
  Time since last request: 0.011650 seconds.
  path: Assets/GameInputControllerIconsFree/keyboard/keyboard-solid/fn.png
  artifactKey: Guid(d3441b42d58e4d246b39b63685f1220d) Importer(815301076,1909f56bfc062723c751e8b465ee728b)
Start importing Assets/GameInputControllerIconsFree/keyboard/keyboard-solid/fn.png using Guid(d3441b42d58e4d246b39b63685f1220d) Importer(815301076,1909f56bfc062723c751e8b465ee728b) (PreviewImporter) -> (artifact id: 'cbe42b230628b409c773ba7d16878c8b') in 0.0249923 seconds
Number of updated asset objects reloaded before import = 0Number of asset objects unloaded after import = 3

========================================================================
Received Import Request.
  Time since last request: 0.000028 seconds.
  path: Assets/GameInputControllerIconsFree/keyboard/keyboard-outlined/fn.png
  artifactKey: Guid(16364fccfb775fe4cb886a5eda2aec58) Importer(815301076,1909f56bfc062723c751e8b465ee728b)
Start importing Assets/GameInputControllerIconsFree/keyboard/keyboard-outlined/fn.png using Guid(16364fccfb775fe4cb886a5eda2aec58) Importer(815301076,1909f56bfc062723c751e8b465ee728b) (PreviewImporter) -> (artifact id: '3bdd30940f9c4a2e8c8fa3703806fd45') in 0.0754168 seconds
Number of updated asset objects reloaded before import = 0Number of asset objects unloaded after import = 3

========================================================================
Received Import Request.
  Time since last request: 0.000039 seconds.
  path: Assets/FeonY/Animated Pixel-Art Backgrounds/Art/Animations/Pixel-Art Background 2/frame0000.png
  artifactKey: Guid(b0efbc267bf5af34ebc3f2f8e5488a47) Importer(815301076,1909f56bfc062723c751e8b465ee728b)
Start importing Assets/FeonY/Animated Pixel-Art Backgrounds/Art/Animations/Pixel-Art Background 2/frame0000.png using Guid(b0efbc267bf5af34ebc3f2f8e5488a47) Importer(815301076,1909f56bfc062723c751e8b465ee728b) (PreviewImporter) -> (artifact id: '48e563c026b4f3cf19aaf672f0186b1d') in 0.028079 seconds
Number of updated asset objects reloaded before import = 0Number of asset objects unloaded after import = 3

========================================================================
Received Import Request.
  Time since last request: 0.977286 seconds.
  path: Assets/GameInputControllerIconsFree/keyboard/keyboard-solid/f8.png
  artifactKey: Guid(7efe30f710d1f4a44b6a7f57193fb446) Importer(815301076,1909f56bfc062723c751e8b465ee728b)
Start importing Assets/GameInputControllerIconsFree/keyboard/keyboard-solid/f8.png using Guid(7efe30f710d1f4a44b6a7f57193fb446) Importer(815301076,1909f56bfc062723c751e8b465ee728b) (PreviewImporter) -> (artifact id: '6c9a1de9f28f60fbce322e60331b4354') in 0.0282094 seconds
Number of updated asset objects reloaded before import = 0Number of asset objects unloaded after import = 3

========================================================================
Received Import Request.
  Time since last request: 0.000029 seconds.
  path: Assets/GameInputControllerIconsFree/keyboard/keyboard-solid/f9.png
  artifactKey: Guid(cd553725486c9824f9ed44cf79482031) Importer(815301076,1909f56bfc062723c751e8b465ee728b)
Start importing Assets/GameInputControllerIconsFree/keyboard/keyboard-solid/f9.png using Guid(cd553725486c9824f9ed44cf79482031) Importer(815301076,1909f56bfc062723c751e8b465ee728b) (PreviewImporter) -> (artifact id: '0edf83f7c0dfd8e5547e2237b770fc3a') in 0.0527931 seconds
Number of updated asset objects reloaded before import = 0Number of asset objects unloaded after import = 3

========================================================================
Received Import Request.
  Time since last request: 0.497169 seconds.
  path: Assets/GameInputControllerIconsFree/keyboard/keyboard-solid/f6.png
  artifactKey: Guid(3a3a527366b029248a0f9133e8e553bd) Importer(815301076,1909f56bfc062723c751e8b465ee728b)
Start importing Assets/GameInputControllerIconsFree/keyboard/keyboard-solid/f6.png using Guid(3a3a527366b029248a0f9133e8e553bd) Importer(815301076,1909f56bfc062723c751e8b465ee728b) (PreviewImporter) -> (artifact id: '20f8442d5b46edf5a069ef0e30cc7b7c') in 0.028566 seconds
Number of updated asset objects reloaded before import = 0Number of asset objects unloaded after import = 3

========================================================================
Received Import Request.
  Time since last request: 0.014311 seconds.
  path: Assets/GameInputControllerIconsFree/keyboard/keyboard-outlined/f7.png
  artifactKey: Guid(1c1393e369110ba49955527252ffc9a6) Importer(815301076,1909f56bfc062723c751e8b465ee728b)
Start importing Assets/GameInputControllerIconsFree/keyboard/keyboard-outlined/f7.png using Guid(1c1393e369110ba49955527252ffc9a6) Importer(815301076,1909f56bfc062723c751e8b465ee728b) (PreviewImporter) -> (artifact id: '489fb72ae6327af65c8ec6dc492af10b') in 0.0433591 seconds
Number of updated asset objects reloaded before import = 0Number of asset objects unloaded after import = 3

========================================================================
Received Import Request.
  Time since last request: 0.086859 seconds.
  path: Assets/GameInputControllerIconsFree/keyboard/keyboard-outlined/f4.png
  artifactKey: Guid(16df7d07b7c50334798fe985977a8c30) Importer(815301076,1909f56bfc062723c751e8b465ee728b)
Start importing Assets/GameInputControllerIconsFree/keyboard/keyboard-outlined/f4.png using Guid(16df7d07b7c50334798fe985977a8c30) Importer(815301076,1909f56bfc062723c751e8b465ee728b) (PreviewImporter) -> (artifact id: 'ca5eb612af03bd3510a55fe243181934') in 0.0223646 seconds
Number of updated asset objects reloaded before import = 0Number of asset objects unloaded after import = 3

========================================================================
Received Import Request.
  Time since last request: 0.528689 seconds.
  path: Assets/GameInputControllerIconsFree/keyboard/keyboard-solid/f3.png
  artifactKey: Guid(f17619cce6c41c749b269df2ae8ae08d) Importer(815301076,1909f56bfc062723c751e8b465ee728b)
Start importing Assets/GameInputControllerIconsFree/keyboard/keyboard-solid/f3.png using Guid(f17619cce6c41c749b269df2ae8ae08d) Importer(815301076,1909f56bfc062723c751e8b465ee728b) (PreviewImporter) -> (artifact id: '09c60bd0892e71cd9574b46885ae9a63') in 0.0616062 seconds
Number of updated asset objects reloaded before import = 0Number of asset objects unloaded after import = 3

========================================================================
Received Import Request.
  Time since last request: 0.522622 seconds.
  path: Packages/com.unity.2d.animation/Editor/Assets/EditorIcons/Light/ErrorIcon_Small@2x.png
  artifactKey: Guid(26c69ebfc75254d2d85011964359be73) Importer(815301076,1909f56bfc062723c751e8b465ee728b)
Start importing Packages/com.unity.2d.animation/Editor/Assets/EditorIcons/Light/ErrorIcon_Small@2x.png using Guid(26c69ebfc75254d2d85011964359be73) Importer(815301076,1909f56bfc062723c751e8b465ee728b) (PreviewImporter) -> (artifact id: 'b049e298b8d86dba8f72759f5cb9d4ea') in 0.0783142 seconds
Number of updated asset objects reloaded before import = 0Number of asset objects unloaded after import = 3

========================================================================
Received Import Request.
  Time since last request: 0.100726 seconds.
  path: Packages/com.unity.render-pipelines.core/Editor/LookDev/Icons/Environment@2x.png
  artifactKey: Guid(515b65dc95319f3409d6b0b5f866ac33) Importer(815301076,1909f56bfc062723c751e8b465ee728b)
Start importing Packages/com.unity.render-pipelines.core/Editor/LookDev/Icons/Environment@2x.png using Guid(515b65dc95319f3409d6b0b5f866ac33) Importer(815301076,1909f56bfc062723c751e8b465ee728b) (PreviewImporter) -> (artifact id: '115dc6da5a6b23732fe2ba32f27bba76') in 0.0248587 seconds
Number of updated asset objects reloaded before import = 0Number of asset objects unloaded after import = 3

========================================================================
Received Import Request.
  Time since last request: 10.834249 seconds.
  path: Packages/com.unity.2d.animation/Editor/Assets/EditorIcons/Selected/character_Mode@2x.png
  artifactKey: Guid(5d52b20f865aff242bfcb08c3b6f61a5) Importer(815301076,1909f56bfc062723c751e8b465ee728b)
Start importing Packages/com.unity.2d.animation/Editor/Assets/EditorIcons/Selected/character_Mode@2x.png using Guid(5d52b20f865aff242bfcb08c3b6f61a5) Importer(815301076,1909f56bfc062723c751e8b465ee728b) (PreviewImporter) -> (artifact id: '365e4b2b414edf6e724758907ceb870e') in 0.055005 seconds
Number of updated asset objects reloaded before import = 0Number of asset objects unloaded after import = 3

========================================================================
Received Import Request.
  Time since last request: 0.000023 seconds.
  path: Packages/com.unity.2d.animation/Editor/Assets/EditorIcons/Light/character_Mode@3x.png
  artifactKey: Guid(17fa84703485d314b8d6b5216987d4b1) Importer(815301076,1909f56bfc062723c751e8b465ee728b)
Start importing Packages/com.unity.2d.animation/Editor/Assets/EditorIcons/Light/character_Mode@3x.png using Guid(17fa84703485d314b8d6b5216987d4b1) Importer(815301076,1909f56bfc062723c751e8b465ee728b) (PreviewImporter) -> (artifact id: '49d90edd0295b78d716b2421a8c869eb') in 0.0324611 seconds
Number of updated asset objects reloaded before import = 0Number of asset objects unloaded after import = 3

========================================================================
Received Import Request.
  Time since last request: 0.000038 seconds.
  path: Packages/com.unity.2d.animation/Editor/Assets/EditorIcons/Light/character_Mode@4x.png
  artifactKey: Guid(748ae8b33df036b46a86e0387f1602cf) Importer(815301076,1909f56bfc062723c751e8b465ee728b)
Start importing Packages/com.unity.2d.animation/Editor/Assets/EditorIcons/Light/character_Mode@4x.png using Guid(748ae8b33df036b46a86e0387f1602cf) Importer(815301076,1909f56bfc062723c751e8b465ee728b) (PreviewImporter) -> (artifact id: '95a1910612ba6fe180861ef7ba309b79') in 0.0471036 seconds
Number of updated asset objects reloaded before import = 0Number of asset objects unloaded after import = 3

========================================================================
Received Import Request.
  Time since last request: 2.280733 seconds.
  path: Packages/com.unity.2d.tilemap/Editor/Icons/d_Tilemap.FocusGrid@4x.png
  artifactKey: Guid(ffc58b5d1d8a6ed489be30f7a1291b1e) Importer(815301076,1909f56bfc062723c751e8b465ee728b)
Start importing Packages/com.unity.2d.tilemap/Editor/Icons/d_Tilemap.FocusGrid@4x.png using Guid(ffc58b5d1d8a6ed489be30f7a1291b1e) Importer(815301076,1909f56bfc062723c751e8b465ee728b) (PreviewImporter) -> (artifact id: 'c8fb10ceaa980529800a9b63eac940f0') in 0.056292 seconds
Number of updated asset objects reloaded before import = 0Number of asset objects unloaded after import = 3

========================================================================
Received Import Request.
  Time since last request: 0.000025 seconds.
  path: Packages/com.unity.2d.tilemap/Editor/Icons/d_Tilemap.FocusTilemap.png
  artifactKey: Guid(a9a5b304877d58a47859e53d2b2d9fe3) Importer(815301076,1909f56bfc062723c751e8b465ee728b)
Start importing Packages/com.unity.2d.tilemap/Editor/Icons/d_Tilemap.FocusTilemap.png using Guid(a9a5b304877d58a47859e53d2b2d9fe3) Importer(815301076,1909f56bfc062723c751e8b465ee728b) (PreviewImporter) -> (artifact id: '070c3fdf4ecb6b79d7b9832ab1d9b30b') in 0.0369077 seconds
Number of updated asset objects reloaded before import = 0Number of asset objects unloaded after import = 3

========================================================================
Received Import Request.
  Time since last request: 0.000024 seconds.
  path: Packages/com.unity.2d.tilemap/Editor/Icons/d_Tilemap.ShowGrid.png
  artifactKey: Guid(ad72aefbbd03ec744b3cf61cf766d320) Importer(815301076,1909f56bfc062723c751e8b465ee728b)
Start importing Packages/com.unity.2d.tilemap/Editor/Icons/d_Tilemap.ShowGrid.png using Guid(ad72aefbbd03ec744b3cf61cf766d320) Importer(815301076,1909f56bfc062723c751e8b465ee728b) (PreviewImporter) -> (artifact id: 'b18dee492010f6e9c007ec82efd90efc') in 0.0829963 seconds
Number of updated asset objects reloaded before import = 0Number of asset objects unloaded after import = 3

========================================================================
Received Import Request.
  Time since last request: 0.000041 seconds.
  path: Packages/com.unity.2d.tilemap/Editor/Icons/d_Tilemap.ShowTilePalette@2x.png
  artifactKey: Guid(b3f6a0922e3511840813c51882c0907b) Importer(815301076,1909f56bfc062723c751e8b465ee728b)
Start importing Packages/com.unity.2d.tilemap/Editor/Icons/d_Tilemap.ShowTilePalette@2x.png using Guid(b3f6a0922e3511840813c51882c0907b) Importer(815301076,1909f56bfc062723c751e8b465ee728b) (PreviewImporter) -> (artifact id: 'd35a2be8c0d2eca81b9024b542002be6') in 0.0247066 seconds
Number of updated asset objects reloaded before import = 0Number of asset objects unloaded after import = 3

========================================================================
Received Import Request.
  Time since last request: 0.000021 seconds.
  path: Packages/com.unity.2d.animation/Editor/Assets/EditorIcons/Dark/d_Visibility_Hidded@2x.png
  artifactKey: Guid(03d0123afb5451345b88c605c86db28b) Importer(815301076,1909f56bfc062723c751e8b465ee728b)
Start importing Packages/com.unity.2d.animation/Editor/Assets/EditorIcons/Dark/d_Visibility_Hidded@2x.png using Guid(03d0123afb5451345b88c605c86db28b) Importer(815301076,1909f56bfc062723c751e8b465ee728b) (PreviewImporter) -> (artifact id: '6dd5b25baf4ae7223f0635ae266a16da') in 0.0830803 seconds
Number of updated asset objects reloaded before import = 0Number of asset objects unloaded after import = 3

========================================================================
Received Import Request.
  Time since last request: 0.000026 seconds.
  path: Packages/com.unity.2d.animation/Editor/Assets/EditorIcons/Selected/d_Visibility_Hidded@3x.png
  artifactKey: Guid(dc1f494fe190bd54bb487d11e639d5fc) Importer(815301076,1909f56bfc062723c751e8b465ee728b)
Start importing Packages/com.unity.2d.animation/Editor/Assets/EditorIcons/Selected/d_Visibility_Hidded@3x.png using Guid(dc1f494fe190bd54bb487d11e639d5fc) Importer(815301076,1909f56bfc062723c751e8b465ee728b) (PreviewImporter) -> (artifact id: '790248af3b826baff7299a8e958bcb20') in 0.0472077 seconds
Number of updated asset objects reloaded before import = 0Number of asset objects unloaded after import = 3

========================================================================
Received Import Request.
  Time since last request: 0.000121 seconds.
  path: Packages/com.unity.2d.animation/Editor/Assets/EditorIcons/Selected/d_Visibility_Tool.png
  artifactKey: Guid(cc4d24c10deda874e9f3470976b7d396) Importer(815301076,1909f56bfc062723c751e8b465ee728b)
Start importing Packages/com.unity.2d.animation/Editor/Assets/EditorIcons/Selected/d_Visibility_Tool.png using Guid(cc4d24c10deda874e9f3470976b7d396) Importer(815301076,1909f56bfc062723c751e8b465ee728b) (PreviewImporter) -> (artifact id: '78131fc1a2d158b15cf1bb54cfc0c49a') in 0.048368 seconds
Number of updated asset objects reloaded before import = 0Number of asset objects unloaded after import = 3

========================================================================
Received Import Request.
  Time since last request: 0.000037 seconds.
  path: Packages/com.unity.2d.animation/Editor/Assets/EditorIcons/Dark/d_Visibility_Tool.png
  artifactKey: Guid(ac4a94776fb2dd74a910bef3649b5c84) Importer(815301076,1909f56bfc062723c751e8b465ee728b)
Start importing Packages/com.unity.2d.animation/Editor/Assets/EditorIcons/Dark/d_Visibility_Tool.png using Guid(ac4a94776fb2dd74a910bef3649b5c84) Importer(815301076,1909f56bfc062723c751e8b465ee728b) (PreviewImporter) -> (artifact id: '0aecba19b50208ee1f05a00721b4bd84') in 0.0304523 seconds
Number of updated asset objects reloaded before import = 0Number of asset objects unloaded after import = 3

========================================================================
Received Import Request.
  Time since last request: 0.000023 seconds.
  path: Packages/com.unity.2d.animation/Editor/Assets/EditorIcons/Dark/d_Visibility_Hidded@3x.png
  artifactKey: Guid(6d082a477f1715f498c6a28543125ec8) Importer(815301076,1909f56bfc062723c751e8b465ee728b)
Start importing Packages/com.unity.2d.animation/Editor/Assets/EditorIcons/Dark/d_Visibility_Hidded@3x.png using Guid(6d082a477f1715f498c6a28543125ec8) Importer(815301076,1909f56bfc062723c751e8b465ee728b) (PreviewImporter) -> (artifact id: '25be0c0cdbca6018d816b5ee2e877daf') in 0.0300068 seconds
Number of updated asset objects reloaded before import = 0Number of asset objects unloaded after import = 3

========================================================================
Received Import Request.
  Time since last request: 0.000051 seconds.
  path: Packages/com.unity.2d.tilemap/Editor/Icons/d_Tilemap.ShowTilePalette.png
  artifactKey: Guid(95b2d1ff151dd2f479bf1f6321b44179) Importer(815301076,1909f56bfc062723c751e8b465ee728b)
Start importing Packages/com.unity.2d.tilemap/Editor/Icons/d_Tilemap.ShowTilePalette.png using Guid(95b2d1ff151dd2f479bf1f6321b44179) Importer(815301076,1909f56bfc062723c751e8b465ee728b) (PreviewImporter) -> (artifact id: '20a0cbb52a69459f6138fb5bf1b6e375') in 0.0244344 seconds
Number of updated asset objects reloaded before import = 0Number of asset objects unloaded after import = 3

========================================================================
Received Import Request.
  Time since last request: 0.000026 seconds.
  path: Packages/com.unity.2d.tilemap/Editor/Icons/d_Tilemap.ShowTilePalette@4x.png
  artifactKey: Guid(2d8829bed74ac1940856f77a49d02bfb) Importer(815301076,1909f56bfc062723c751e8b465ee728b)
Start importing Packages/com.unity.2d.tilemap/Editor/Icons/d_Tilemap.ShowTilePalette@4x.png using Guid(2d8829bed74ac1940856f77a49d02bfb) Importer(815301076,1909f56bfc062723c751e8b465ee728b) (PreviewImporter) -> (artifact id: '7b48974769a165e979e8fabd912d9ab2') in 0.0440727 seconds
Number of updated asset objects reloaded before import = 0Number of asset objects unloaded after import = 3

========================================================================
Received Import Request.
  Time since last request: 0.000063 seconds.
  path: Packages/com.unity.2d.animation/Editor/Assets/EditorIcons/Selected/d_Visibility_Hidded@2x.png
  artifactKey: Guid(1a2673cb12e2ed1459bc6ab5dad05aae) Importer(815301076,1909f56bfc062723c751e8b465ee728b)
Start importing Packages/com.unity.2d.animation/Editor/Assets/EditorIcons/Selected/d_Visibility_Hidded@2x.png using Guid(1a2673cb12e2ed1459bc6ab5dad05aae) Importer(815301076,1909f56bfc062723c751e8b465ee728b) (PreviewImporter) -> (artifact id: '475461709de08ecea288528e7133ca4a') in 0.0309441 seconds
Number of updated asset objects reloaded before import = 0Number of asset objects unloaded after import = 3

========================================================================
Received Import Request.
  Time since last request: 0.000037 seconds.
  path: Packages/com.unity.2d.animation/Editor/Assets/EditorIcons/Dark/d_Visibility_Hidded.png
  artifactKey: Guid(331d72d503bf74243aa04430504cee09) Importer(815301076,1909f56bfc062723c751e8b465ee728b)
Start importing Packages/com.unity.2d.animation/Editor/Assets/EditorIcons/Dark/d_Visibility_Hidded.png using Guid(331d72d503bf74243aa04430504cee09) Importer(815301076,1909f56bfc062723c751e8b465ee728b) (PreviewImporter) -> (artifact id: '3905f65dabad2048f8b9aa07f912f536') in 0.068367 seconds
Number of updated asset objects reloaded before import = 0Number of asset objects unloaded after import = 3

========================================================================
Received Import Request.
  Time since last request: 2.658441 seconds.
  path: Assets/GameInputControllerIconsFree/keyboard/keyboard-solid/6.png
  artifactKey: Guid(55b469da41b768f4b8d2a4965811131f) Importer(815301076,1909f56bfc062723c751e8b465ee728b)
Start importing Assets/GameInputControllerIconsFree/keyboard/keyboard-solid/6.png using Guid(55b469da41b768f4b8d2a4965811131f) Importer(815301076,1909f56bfc062723c751e8b465ee728b) (PreviewImporter) -> (artifact id: 'ed3ad625b3cee8dd973807f31b68f075') in 0.1011104 seconds
Number of updated asset objects reloaded before import = 0Number of asset objects unloaded after import = 3

========================================================================
Received Import Request.
  Time since last request: 2.250763 seconds.
  path: Packages/com.unity.render-pipelines.core/Editor/LookDev/Icons/Add.png
  artifactKey: Guid(cbaeed03e5416aa4bae23110b63a0c7d) Importer(815301076,1909f56bfc062723c751e8b465ee728b)
Start importing Packages/com.unity.render-pipelines.core/Editor/LookDev/Icons/Add.png using Guid(cbaeed03e5416aa4bae23110b63a0c7d) Importer(815301076,1909f56bfc062723c751e8b465ee728b) (PreviewImporter) -> (artifact id: 'aa825f8183e8a5762f4e4ef116637fb9') in 0.0862344 seconds
Number of updated asset objects reloaded before import = 0Number of asset objects unloaded after import = 3

========================================================================
Received Import Request.
  Time since last request: 0.421942 seconds.
  path: Packages/com.unity.2d.animation/Editor/Assets/ComponentIcons/Animation.IKCCD.png
  artifactKey: Guid(affd7e74f3f7b465ea861fbf1651b73b) Importer(815301076,1909f56bfc062723c751e8b465ee728b)
Start importing Packages/com.unity.2d.animation/Editor/Assets/ComponentIcons/Animation.IKCCD.png using Guid(affd7e74f3f7b465ea861fbf1651b73b) Importer(815301076,1909f56bfc062723c751e8b465ee728b) (PreviewImporter) -> (artifact id: 'e522c7990286e1a6e6e53e126add14d1') in 0.0945585 seconds
Number of updated asset objects reloaded before import = 0Number of asset objects unloaded after import = 3

========================================================================
Received Import Request.
  Time since last request: 0.234869 seconds.
  path: Packages/com.unity.2d.animation/Editor/Assets/ComponentIcons/Animation.IKCCD On@32.png
  artifactKey: Guid(a9354548f1d8e4015830a88081482039) Importer(815301076,1909f56bfc062723c751e8b465ee728b)
Start importing Packages/com.unity.2d.animation/Editor/Assets/ComponentIcons/Animation.IKCCD On@32.png using Guid(a9354548f1d8e4015830a88081482039) Importer(815301076,1909f56bfc062723c751e8b465ee728b) (PreviewImporter) -> (artifact id: 'f0fb258ee4a1fa7be4016c016b96e85d') in 0.0264165 seconds
Number of updated asset objects reloaded before import = 0Number of asset objects unloaded after import = 3

========================================================================
Received Import Request.
  Time since last request: 0.000023 seconds.
  path: Packages/com.unity.2d.animation/Editor/Assets/ComponentIcons/Animation.IKCCD On@128.png
  artifactKey: Guid(50d3cd2f336704fcf9cf5b293c10ba9c) Importer(815301076,1909f56bfc062723c751e8b465ee728b)
Start importing Packages/com.unity.2d.animation/Editor/Assets/ComponentIcons/Animation.IKCCD On@128.png using Guid(50d3cd2f336704fcf9cf5b293c10ba9c) Importer(815301076,1909f56bfc062723c751e8b465ee728b) (PreviewImporter) -> (artifact id: '128842ef0b0dc5046cd1314d2bc7addf') in 0.0740166 seconds
Number of updated asset objects reloaded before import = 0Number of asset objects unloaded after import = 3

========================================================================
Received Import Request.
  Time since last request: 0.000032 seconds.
  path: Packages/com.unity.2d.animation/Editor/Assets/ComponentIcons/Animation.IKCCD On@256.png
  artifactKey: Guid(ba345f2f643d842459447c374943401d) Importer(815301076,1909f56bfc062723c751e8b465ee728b)
Start importing Packages/com.unity.2d.animation/Editor/Assets/ComponentIcons/Animation.IKCCD On@256.png using Guid(ba345f2f643d842459447c374943401d) Importer(815301076,1909f56bfc062723c751e8b465ee728b) (PreviewImporter) -> (artifact id: '478b98b465d69c5af7f9e5f7fc37afa7') in 0.0251004 seconds
Number of updated asset objects reloaded before import = 0Number of asset objects unloaded after import = 3

========================================================================
Received Import Request.
  Time since last request: 0.000025 seconds.
  path: Packages/com.unity.2d.animation/Editor/Assets/ComponentIcons/Animation.IKCCD@64.png
  artifactKey: Guid(84b96a9d1862c4a59afc0fff9875bfc4) Importer(815301076,1909f56bfc062723c751e8b465ee728b)
Start importing Packages/com.unity.2d.animation/Editor/Assets/ComponentIcons/Animation.IKCCD@64.png using Guid(84b96a9d1862c4a59afc0fff9875bfc4) Importer(815301076,1909f56bfc062723c751e8b465ee728b) (PreviewImporter) -> (artifact id: '617261c4144ab7121e3e8f29c5e33977') in 0.0277004 seconds
Number of updated asset objects reloaded before import = 0Number of asset objects unloaded after import = 3

========================================================================
Received Import Request.
  Time since last request: 0.107037 seconds.
  path: Packages/com.unity.2d.animation/Editor/Assets/ComponentIcons/Animation.IKFabrik.png
  artifactKey: Guid(53d33bff0a9374b6db003552e5767cdb) Importer(815301076,1909f56bfc062723c751e8b465ee728b)
Start importing Packages/com.unity.2d.animation/Editor/Assets/ComponentIcons/Animation.IKFabrik.png using Guid(53d33bff0a9374b6db003552e5767cdb) Importer(815301076,1909f56bfc062723c751e8b465ee728b) (PreviewImporter) -> (artifact id: 'e2e60542af25cd07b177fd4e151f33d4') in 0.0397642 seconds
Number of updated asset objects reloaded before import = 0Number of asset objects unloaded after import = 3

========================================================================
Received Import Request.
  Time since last request: 0.000027 seconds.
  path: Packages/com.unity.2d.animation/Editor/Assets/ComponentIcons/Animation.IKFabrik On@32.png
  artifactKey: Guid(f59542040dc5448459691fb41515f463) Importer(815301076,1909f56bfc062723c751e8b465ee728b)
Start importing Packages/com.unity.2d.animation/Editor/Assets/ComponentIcons/Animation.IKFabrik On@32.png using Guid(f59542040dc5448459691fb41515f463) Importer(815301076,1909f56bfc062723c751e8b465ee728b) (PreviewImporter) -> (artifact id: '6b7fd5d3f0cbe70d76a1f164055bf6b5') in 0.0455613 seconds
Number of updated asset objects reloaded before import = 0Number of asset objects unloaded after import = 3

========================================================================
Received Import Request.
  Time since last request: 0.000021 seconds.
  path: Packages/com.unity.2d.animation/Editor/Assets/ComponentIcons/Animation.IKFabrik On@128.png
  artifactKey: Guid(950832395ec754ba48ab1cffa214cec0) Importer(815301076,1909f56bfc062723c751e8b465ee728b)
Start importing Packages/com.unity.2d.animation/Editor/Assets/ComponentIcons/Animation.IKFabrik On@128.png using Guid(950832395ec754ba48ab1cffa214cec0) Importer(815301076,1909f56bfc062723c751e8b465ee728b) (PreviewImporter) -> (artifact id: '70d204357c97774ebc6382783f6bb489') in 0.0292526 seconds
Number of updated asset objects reloaded before import = 0Number of asset objects unloaded after import = 3

========================================================================
Received Import Request.
  Time since last request: 0.000035 seconds.
  path: Packages/com.unity.2d.animation/Editor/Assets/ComponentIcons/Animation.IKFabrik@32.png
  artifactKey: Guid(d1c2be2a893c441fca30fe5d470e0d3e) Importer(815301076,1909f56bfc062723c751e8b465ee728b)
Start importing Packages/com.unity.2d.animation/Editor/Assets/ComponentIcons/Animation.IKFabrik@32.png using Guid(d1c2be2a893c441fca30fe5d470e0d3e) Importer(815301076,1909f56bfc062723c751e8b465ee728b) (PreviewImporter) -> (artifact id: '9dfaf97ef96278cef10d3e95dfbbdd2e') in 0.0222655 seconds
Number of updated asset objects reloaded before import = 0Number of asset objects unloaded after import = 3

========================================================================
Received Import Request.
  Time since last request: 0.007072 seconds.
  path: Packages/com.unity.2d.animation/Editor/Assets/ComponentIcons/Animation.IKFabrik@128.png
  artifactKey: Guid(b86d0db9457f24011888218122cc164a) Importer(815301076,1909f56bfc062723c751e8b465ee728b)
Start importing Packages/com.unity.2d.animation/Editor/Assets/ComponentIcons/Animation.IKFabrik@128.png using Guid(b86d0db9457f24011888218122cc164a) Importer(815301076,1909f56bfc062723c751e8b465ee728b) (PreviewImporter) -> (artifact id: 'a7da95219769ae8be9331670205b4057') in 0.0272694 seconds
Number of updated asset objects reloaded before import = 0Number of asset objects unloaded after import = 3

========================================================================
Received Import Request.
  Time since last request: 0.000024 seconds.
  path: Packages/com.unity.2d.animation/Editor/Assets/ComponentIcons/Animation.IKLimb.png
  artifactKey: Guid(cf11b38b95bcf4dac8b48952d4fd11b8) Importer(815301076,1909f56bfc062723c751e8b465ee728b)
Start importing Packages/com.unity.2d.animation/Editor/Assets/ComponentIcons/Animation.IKLimb.png using Guid(cf11b38b95bcf4dac8b48952d4fd11b8) Importer(815301076,1909f56bfc062723c751e8b465ee728b) (PreviewImporter) -> (artifact id: 'f8235df3cdb6365da32c90200132581e') in 0.0270092 seconds
Number of updated asset objects reloaded before import = 0Number of asset objects unloaded after import = 3

========================================================================
Received Import Request.
  Time since last request: 0.417750 seconds.
  path: Packages/com.unity.2d.animation/Editor/Assets/ComponentIcons/Animation.IKLimb On@64.png
  artifactKey: Guid(b88a78d35a73e4a33bf6788d22e3cb67) Importer(815301076,1909f56bfc062723c751e8b465ee728b)
Start importing Packages/com.unity.2d.animation/Editor/Assets/ComponentIcons/Animation.IKLimb On@64.png using Guid(b88a78d35a73e4a33bf6788d22e3cb67) Importer(815301076,1909f56bfc062723c751e8b465ee728b) (PreviewImporter) -> (artifact id: '4bfc57b6b278fa8e563d6571ab3592fe') in 0.0619686 seconds
Number of updated asset objects reloaded before import = 0Number of asset objects unloaded after import = 3

========================================================================
Received Import Request.
  Time since last request: 0.000024 seconds.
  path: Packages/com.unity.2d.animation/Editor/Assets/ComponentIcons/Animation.IKLimb On@128.png
  artifactKey: Guid(a7509656986904778b9b80babc278b98) Importer(815301076,1909f56bfc062723c751e8b465ee728b)
Start importing Packages/com.unity.2d.animation/Editor/Assets/ComponentIcons/Animation.IKLimb On@128.png using Guid(a7509656986904778b9b80babc278b98) Importer(815301076,1909f56bfc062723c751e8b465ee728b) (PreviewImporter) -> (artifact id: '37a5a841282de6a88b75187e3140cb6e') in 0.0254832 seconds
Number of updated asset objects reloaded before import = 0Number of asset objects unloaded after import = 3

========================================================================
Received Import Request.
  Time since last request: 0.000022 seconds.
  path: Packages/com.unity.2d.animation/Editor/Assets/ComponentIcons/Animation.IKLimb@32.png
  artifactKey: Guid(4567ce7a1cf16433196f2688091df4ca) Importer(815301076,1909f56bfc062723c751e8b465ee728b)
Start importing Packages/com.unity.2d.animation/Editor/Assets/ComponentIcons/Animation.IKLimb@32.png using Guid(4567ce7a1cf16433196f2688091df4ca) Importer(815301076,1909f56bfc062723c751e8b465ee728b) (PreviewImporter) -> (artifact id: '116ac630b102788d93be20062b10f09e') in 0.0404453 seconds
Number of updated asset objects reloaded before import = 0Number of asset objects unloaded after import = 3

========================================================================
Received Import Request.
  Time since last request: 0.000034 seconds.
  path: Packages/com.unity.2d.animation/Editor/Assets/ComponentIcons/Animation.IKLimb@256.png
  artifactKey: Guid(4a3eebea80ac54fd3818f6a36c36168d) Importer(815301076,1909f56bfc062723c751e8b465ee728b)
Start importing Packages/com.unity.2d.animation/Editor/Assets/ComponentIcons/Animation.IKLimb@256.png using Guid(4a3eebea80ac54fd3818f6a36c36168d) Importer(815301076,1909f56bfc062723c751e8b465ee728b) (PreviewImporter) -> (artifact id: '6c2be0863e2ed2ab41b0a89077577c02') in 0.0470546 seconds
Number of updated asset objects reloaded before import = 0Number of asset objects unloaded after import = 3

========================================================================
Received Import Request.
  Time since last request: 0.000020 seconds.
  path: Packages/com.unity.2d.animation/Editor/Assets/ComponentIcons/Animation.IKManager.png
  artifactKey: Guid(60b8296fcb7d548fb845a621c6c4cbb9) Importer(815301076,1909f56bfc062723c751e8b465ee728b)
Start importing Packages/com.unity.2d.animation/Editor/Assets/ComponentIcons/Animation.IKManager.png using Guid(60b8296fcb7d548fb845a621c6c4cbb9) Importer(815301076,1909f56bfc062723c751e8b465ee728b) (PreviewImporter) -> (artifact id: 'a5119cd8a507a3497d54e3519a2352db') in 0.0493687 seconds
Number of updated asset objects reloaded before import = 0Number of asset objects unloaded after import = 3

========================================================================
Received Import Request.
  Time since last request: 0.000069 seconds.
  path: Packages/com.unity.2d.animation/Editor/Assets/ComponentIcons/Animation.IKManager On@64.png
  artifactKey: Guid(54ce89f1e912746ecb70ddf53bead1f8) Importer(815301076,1909f56bfc062723c751e8b465ee728b)
Start importing Packages/com.unity.2d.animation/Editor/Assets/ComponentIcons/Animation.IKManager On@64.png using Guid(54ce89f1e912746ecb70ddf53bead1f8) Importer(815301076,1909f56bfc062723c751e8b465ee728b) (PreviewImporter) -> (artifact id: '70c741e504c2132386cb8baf1bff273e') in 0.078234 seconds
Number of updated asset objects reloaded before import = 0Number of asset objects unloaded after import = 3

========================================================================
Received Import Request.
  Time since last request: 0.000062 seconds.
  path: Packages/com.unity.2d.animation/Editor/Assets/ComponentIcons/Animation.IKManager On@256.png
  artifactKey: Guid(a4bde53ec7c104f868be7329e31dd480) Importer(815301076,1909f56bfc062723c751e8b465ee728b)
Start importing Packages/com.unity.2d.animation/Editor/Assets/ComponentIcons/Animation.IKManager On@256.png using Guid(a4bde53ec7c104f868be7329e31dd480) Importer(815301076,1909f56bfc062723c751e8b465ee728b) (PreviewImporter) -> (artifact id: '89b29627ac099d54ba804b19581309f5') in 0.0759921 seconds
Number of updated asset objects reloaded before import = 0Number of asset objects unloaded after import = 3

========================================================================
Received Import Request.
  Time since last request: 0.002685 seconds.
  path: Packages/com.unity.2d.animation/Editor/Assets/ComponentIcons/Animation.IKManager@128.png
  artifactKey: Guid(6dfa8a4e449dd46479d1788637b70811) Importer(815301076,1909f56bfc062723c751e8b465ee728b)
Start importing Packages/com.unity.2d.animation/Editor/Assets/ComponentIcons/Animation.IKManager@128.png using Guid(6dfa8a4e449dd46479d1788637b70811) Importer(815301076,1909f56bfc062723c751e8b465ee728b) (PreviewImporter) -> (artifact id: '993937dd49e3debfa92fb6a18f4921a0') in 0.0296179 seconds
Number of updated asset objects reloaded before import = 0Number of asset objects unloaded after import = 3

========================================================================
Received Import Request.
  Time since last request: 0.000025 seconds.
  path: Packages/com.unity.2d.animation/Editor/Assets/ComponentIcons/Animation.IKManager@256.png
  artifactKey: Guid(63a9bd0d002bb4d598c276d9f5aabc30) Importer(815301076,1909f56bfc062723c751e8b465ee728b)
Start importing Packages/com.unity.2d.animation/Editor/Assets/ComponentIcons/Animation.IKManager@256.png using Guid(63a9bd0d002bb4d598c276d9f5aabc30) Importer(815301076,1909f56bfc062723c751e8b465ee728b) (PreviewImporter) -> (artifact id: 'ff1a30cc88a64b89a8956a12fe96ba13') in 0.0506449 seconds
Number of updated asset objects reloaded before import = 0Number of asset objects unloaded after import = 3

========================================================================
Received Import Request.
  Time since last request: 0.000043 seconds.
  path: Packages/com.unity.2d.animation/Editor/Assets/ComponentIcons/Animation.SpriteLibrary On@32.png
  artifactKey: Guid(fad537f7b1df74e869915bbab4356a0f) Importer(815301076,1909f56bfc062723c751e8b465ee728b)
Start importing Packages/com.unity.2d.animation/Editor/Assets/ComponentIcons/Animation.SpriteLibrary On@32.png using Guid(fad537f7b1df74e869915bbab4356a0f) Importer(815301076,1909f56bfc062723c751e8b465ee728b) (PreviewImporter) -> (artifact id: 'e40f4aeff4807f2b74c80a75e6382591') in 0.0304875 seconds
Number of updated asset objects reloaded before import = 0Number of asset objects unloaded after import = 3

========================================================================
Received Import Request.
  Time since last request: 0.000025 seconds.
  path: Packages/com.unity.2d.animation/Editor/Assets/ComponentIcons/Animation.SpriteLibrary On.png
  artifactKey: Guid(a86c61e5bed184ddc884003f0c947bb4) Importer(815301076,1909f56bfc062723c751e8b465ee728b)
Start importing Packages/com.unity.2d.animation/Editor/Assets/ComponentIcons/Animation.SpriteLibrary On.png using Guid(a86c61e5bed184ddc884003f0c947bb4) Importer(815301076,1909f56bfc062723c751e8b465ee728b) (PreviewImporter) -> (artifact id: 'c6506f4bba054b071bb84ae3fa9f3bee') in 0.0336791 seconds
Number of updated asset objects reloaded before import = 0Number of asset objects unloaded after import = 3

========================================================================
Received Import Request.
  Time since last request: 0.000025 seconds.
  path: Packages/com.unity.2d.animation/Editor/Assets/ComponentIcons/Animation.SpriteLibrary On@64.png
  artifactKey: Guid(19370790a791d4fc99ee3830251366f8) Importer(815301076,1909f56bfc062723c751e8b465ee728b)
Start importing Packages/com.unity.2d.animation/Editor/Assets/ComponentIcons/Animation.SpriteLibrary On@64.png using Guid(19370790a791d4fc99ee3830251366f8) Importer(815301076,1909f56bfc062723c751e8b465ee728b) (PreviewImporter) -> (artifact id: '703c9fed5c5ccde08228c7b995af49a5') in 0.0229875 seconds
Number of updated asset objects reloaded before import = 0Number of asset objects unloaded after import = 3

========================================================================
Received Import Request.
  Time since last request: 0.000031 seconds.
  path: Packages/com.unity.2d.animation/Editor/Assets/ComponentIcons/Animation.SpriteLibrary@32.png
  artifactKey: Guid(5c6d7a5595d5b4713980d6a92eb6fced) Importer(815301076,1909f56bfc062723c751e8b465ee728b)
Start importing Packages/com.unity.2d.animation/Editor/Assets/ComponentIcons/Animation.SpriteLibrary@32.png using Guid(5c6d7a5595d5b4713980d6a92eb6fced) Importer(815301076,1909f56bfc062723c751e8b465ee728b) (PreviewImporter) -> (artifact id: '585705134227525754a522b583236d88') in 0.0363042 seconds
Number of updated asset objects reloaded before import = 0Number of asset objects unloaded after import = 3

========================================================================
Received Import Request.
  Time since last request: 0.000026 seconds.
  path: Packages/com.unity.2d.animation/Editor/Assets/ComponentIcons/Animation.SpriteLibrary@128.png
  artifactKey: Guid(efb08993e46994800a736d1f88e89019) Importer(815301076,1909f56bfc062723c751e8b465ee728b)
Start importing Packages/com.unity.2d.animation/Editor/Assets/ComponentIcons/Animation.SpriteLibrary@128.png using Guid(efb08993e46994800a736d1f88e89019) Importer(815301076,1909f56bfc062723c751e8b465ee728b) (PreviewImporter) -> (artifact id: 'c8b093f69d155cc4aa4dc1b7ab10be4c') in 0.026206 seconds
Number of updated asset objects reloaded before import = 0Number of asset objects unloaded after import = 3

========================================================================
Received Import Request.
  Time since last request: 0.000019 seconds.
  path: Packages/com.unity.2d.animation/Editor/Assets/ComponentIcons/Animation.SpriteLibraryManager.png
  artifactKey: Guid(99a16529bede740b6816c895741a9fb7) Importer(815301076,1909f56bfc062723c751e8b465ee728b)
Start importing Packages/com.unity.2d.animation/Editor/Assets/ComponentIcons/Animation.SpriteLibraryManager.png using Guid(99a16529bede740b6816c895741a9fb7) Importer(815301076,1909f56bfc062723c751e8b465ee728b) (PreviewImporter) -> (artifact id: 'b10ecfec4e1e2673d61373c88d3e98fe') in 0.0608482 seconds
Number of updated asset objects reloaded before import = 0Number of asset objects unloaded after import = 3

========================================================================
Received Import Request.
  Time since last request: 0.000025 seconds.
  path: Packages/com.unity.2d.animation/Editor/Assets/ComponentIcons/Animation.SpriteLibraryManager On@64.png
  artifactKey: Guid(ac5de94053f294b929e8105eced63bbe) Importer(815301076,1909f56bfc062723c751e8b465ee728b)
Start importing Packages/com.unity.2d.animation/Editor/Assets/ComponentIcons/Animation.SpriteLibraryManager On@64.png using Guid(ac5de94053f294b929e8105eced63bbe) Importer(815301076,1909f56bfc062723c751e8b465ee728b) (PreviewImporter) -> (artifact id: '46bab3445b3d1673badbcafcddd1df42') in 0.0296109 seconds
Number of updated asset objects reloaded before import = 0Number of asset objects unloaded after import = 3

========================================================================
Received Import Request.
  Time since last request: 0.000032 seconds.
  path: Packages/com.unity.2d.animation/Editor/Assets/ComponentIcons/Animation.SpriteLibraryManager On@128.png
  artifactKey: Guid(57f8befb92b364ca1bcae0f34c27e2d3) Importer(815301076,1909f56bfc062723c751e8b465ee728b)
Start importing Packages/com.unity.2d.animation/Editor/Assets/ComponentIcons/Animation.SpriteLibraryManager On@128.png using Guid(57f8befb92b364ca1bcae0f34c27e2d3) Importer(815301076,1909f56bfc062723c751e8b465ee728b) (PreviewImporter) -> (artifact id: '7d7b6ca4fb7341334738c13be441005b') in 0.0515361 seconds
Number of updated asset objects reloaded before import = 0Number of asset objects unloaded after import = 3

========================================================================
Received Import Request.
  Time since last request: 0.000024 seconds.
  path: Packages/com.unity.2d.animation/Editor/Assets/ComponentIcons/Animation.SpriteLibraryManager@64.png
  artifactKey: Guid(8018f7f22eae14c4b8c25d466fa0d8e8) Importer(815301076,1909f56bfc062723c751e8b465ee728b)
Start importing Packages/com.unity.2d.animation/Editor/Assets/ComponentIcons/Animation.SpriteLibraryManager@64.png using Guid(8018f7f22eae14c4b8c25d466fa0d8e8) Importer(815301076,1909f56bfc062723c751e8b465ee728b) (PreviewImporter) -> (artifact id: '3317e32dcfa5d9ce8b135df3d9ad9da3') in 0.0321386 seconds
Number of updated asset objects reloaded before import = 0Number of asset objects unloaded after import = 3

========================================================================
Received Import Request.
  Time since last request: 0.000038 seconds.
  path: Packages/com.unity.2d.animation/Editor/Assets/ComponentIcons/Animation.SpriteLibraryManager@256.png
  artifactKey: Guid(3d9fb59c1fa00406ab971588842aa368) Importer(815301076,1909f56bfc062723c751e8b465ee728b)
Start importing Packages/com.unity.2d.animation/Editor/Assets/ComponentIcons/Animation.SpriteLibraryManager@256.png using Guid(3d9fb59c1fa00406ab971588842aa368) Importer(815301076,1909f56bfc062723c751e8b465ee728b) (PreviewImporter) -> (artifact id: '112cd041e4a4fabf51c07be67a5ca4d4') in 0.0431795 seconds
Number of updated asset objects reloaded before import = 0Number of asset objects unloaded after import = 3

========================================================================
Received Import Request.
  Time since last request: 0.000021 seconds.
  path: Packages/com.unity.2d.animation/Editor/Assets/ComponentIcons/Animation.SpriteLibraryVar On.png
  artifactKey: Guid(18115dbbb843441ac95e0b3a372d9807) Importer(815301076,1909f56bfc062723c751e8b465ee728b)
Start importing Packages/com.unity.2d.animation/Editor/Assets/ComponentIcons/Animation.SpriteLibraryVar On.png using Guid(18115dbbb843441ac95e0b3a372d9807) Importer(815301076,1909f56bfc062723c751e8b465ee728b) (PreviewImporter) -> (artifact id: '7c6eb11ebfd0dec242630402c2c013d6') in 0.0728032 seconds
Number of updated asset objects reloaded before import = 0Number of asset objects unloaded after import = 3

========================================================================
Received Import Request.
  Time since last request: 0.000031 seconds.
  path: Packages/com.unity.2d.animation/Editor/Assets/ComponentIcons/Animation.SpriteLibraryVar On@128.png
  artifactKey: Guid(e2c573f07f6d7471d9cad8cb2a5fece0) Importer(815301076,1909f56bfc062723c751e8b465ee728b)
Start importing Packages/com.unity.2d.animation/Editor/Assets/ComponentIcons/Animation.SpriteLibraryVar On@128.png using Guid(e2c573f07f6d7471d9cad8cb2a5fece0) Importer(815301076,1909f56bfc062723c751e8b465ee728b) (PreviewImporter) -> (artifact id: 'f29b94d1cd18ecc1e27228cdc6580d1b') in 0.0484851 seconds
Number of updated asset objects reloaded before import = 0Number of asset objects unloaded after import = 3

========================================================================
Received Import Request.
  Time since last request: 0.000039 seconds.
  path: Packages/com.unity.2d.animation/Editor/Assets/ComponentIcons/Animation.SpriteLibraryVar@64.png
  artifactKey: Guid(33cf904ffefc842ddb5ccf1565cd94b3) Importer(815301076,1909f56bfc062723c751e8b465ee728b)
Start importing Packages/com.unity.2d.animation/Editor/Assets/ComponentIcons/Animation.SpriteLibraryVar@64.png using Guid(33cf904ffefc842ddb5ccf1565cd94b3) Importer(815301076,1909f56bfc062723c751e8b465ee728b) (PreviewImporter) -> (artifact id: 'f1804038138c1d382ffce8c52bdd4be6') in 0.0466424 seconds
Number of updated asset objects reloaded before import = 0Number of asset objects unloaded after import = 3

========================================================================
Received Import Request.
  Time since last request: 0.000020 seconds.
  path: Packages/com.unity.2d.animation/Editor/Assets/ComponentIcons/Animation.SpriteLibraryVar@256.png
  artifactKey: Guid(af04f3196abef440b94c03fbe3dab00f) Importer(815301076,1909f56bfc062723c751e8b465ee728b)
Start importing Packages/com.unity.2d.animation/Editor/Assets/ComponentIcons/Animation.SpriteLibraryVar@256.png using Guid(af04f3196abef440b94c03fbe3dab00f) Importer(815301076,1909f56bfc062723c751e8b465ee728b) (PreviewImporter) -> (artifact id: 'cc71a88252d7b586bb5961cdae60f8f7') in 0.0862782 seconds
Number of updated asset objects reloaded before import = 0Number of asset objects unloaded after import = 3

========================================================================
Received Import Request.
  Time since last request: 0.000026 seconds.
  path: Packages/com.unity.2d.animation/Editor/Assets/ComponentIcons/Animation.SpriteResolver On@32.png
  artifactKey: Guid(6e2a81314a40c43849866fb7490cb521) Importer(815301076,1909f56bfc062723c751e8b465ee728b)
Start importing Packages/com.unity.2d.animation/Editor/Assets/ComponentIcons/Animation.SpriteResolver On@32.png using Guid(6e2a81314a40c43849866fb7490cb521) Importer(815301076,1909f56bfc062723c751e8b465ee728b) (PreviewImporter) -> (artifact id: '649857f16a957374ff3ca8489a455086') in 0.0299906 seconds
Number of updated asset objects reloaded before import = 0Number of asset objects unloaded after import = 3

========================================================================
Received Import Request.
  Time since last request: 0.000037 seconds.
  path: Packages/com.unity.2d.animation/Editor/Assets/ComponentIcons/Animation.SpriteResolver On@128.png
  artifactKey: Guid(5c838469e8ab742f081032f02a904a31) Importer(815301076,1909f56bfc062723c751e8b465ee728b)
Start importing Packages/com.unity.2d.animation/Editor/Assets/ComponentIcons/Animation.SpriteResolver On@128.png using Guid(5c838469e8ab742f081032f02a904a31) Importer(815301076,1909f56bfc062723c751e8b465ee728b) (PreviewImporter) -> (artifact id: 'c09384a9d874eb1024dc27b3228c3135') in 0.0334636 seconds
Number of updated asset objects reloaded before import = 0Number of asset objects unloaded after import = 3

========================================================================
Received Import Request.
  Time since last request: 0.000019 seconds.
  path: Packages/com.unity.2d.animation/Editor/Assets/ComponentIcons/Animation.SpriteResolver.png
  artifactKey: Guid(31d22d44ff25f4a5c95ac4842b5fb74f) Importer(815301076,1909f56bfc062723c751e8b465ee728b)
Start importing Packages/com.unity.2d.animation/Editor/Assets/ComponentIcons/Animation.SpriteResolver.png using Guid(31d22d44ff25f4a5c95ac4842b5fb74f) Importer(815301076,1909f56bfc062723c751e8b465ee728b) (PreviewImporter) -> (artifact id: 'c6911485b95bc9b4900c215087837c56') in 0.0211337 seconds
Number of updated asset objects reloaded before import = 0Number of asset objects unloaded after import = 3

========================================================================
Received Import Request.
  Time since last request: 0.000023 seconds.
  path: Packages/com.unity.2d.animation/Editor/Assets/ComponentIcons/Animation.SpriteResolver On@256.png
  artifactKey: Guid(fa557b89ecf3d44f2b6cae783ce09806) Importer(815301076,1909f56bfc062723c751e8b465ee728b)
Start importing Packages/com.unity.2d.animation/Editor/Assets/ComponentIcons/Animation.SpriteResolver On@256.png using Guid(fa557b89ecf3d44f2b6cae783ce09806) Importer(815301076,1909f56bfc062723c751e8b465ee728b) (PreviewImporter) -> (artifact id: 'ea0e2194f3f30ee13fed0c2822e3a840') in 0.0584813 seconds
Number of updated asset objects reloaded before import = 0Number of asset objects unloaded after import = 3

========================================================================
Received Import Request.
  Time since last request: 0.000070 seconds.
  path: Packages/com.unity.2d.animation/Editor/Assets/ComponentIcons/Animation.SpriteSkin.png
  artifactKey: Guid(5624c7cbaca684b9faada94188a2e7a1) Importer(815301076,1909f56bfc062723c751e8b465ee728b)
Start importing Packages/com.unity.2d.animation/Editor/Assets/ComponentIcons/Animation.SpriteSkin.png using Guid(5624c7cbaca684b9faada94188a2e7a1) Importer(815301076,1909f56bfc062723c751e8b465ee728b) (PreviewImporter) -> (artifact id: '46eecdbbd26cdf4b3dbbf399157397e9') in 0.076359 seconds
Number of updated asset objects reloaded before import = 0Number of asset objects unloaded after import = 3

========================================================================
Received Import Request.
  Time since last request: 0.000029 seconds.
  path: Packages/com.unity.2d.animation/Editor/Assets/ComponentIcons/Animation.SpriteSkin On@32.png
  artifactKey: Guid(c48d0173f2d2c40679bc236de8551a69) Importer(815301076,1909f56bfc062723c751e8b465ee728b)
Start importing Packages/com.unity.2d.animation/Editor/Assets/ComponentIcons/Animation.SpriteSkin On@32.png using Guid(c48d0173f2d2c40679bc236de8551a69) Importer(815301076,1909f56bfc062723c751e8b465ee728b) (PreviewImporter) -> (artifact id: '7721a7028adb996bb8af752852e20d6c') in 0.0286625 seconds
Number of updated asset objects reloaded before import = 0Number of asset objects unloaded after import = 3

========================================================================
Received Import Request.
  Time since last request: 0.000021 seconds.
  path: Packages/com.unity.2d.animation/Editor/Assets/ComponentIcons/Animation.SpriteSkin On@256.png
  artifactKey: Guid(678e07380549544ef9884c1817c65ae8) Importer(815301076,1909f56bfc062723c751e8b465ee728b)
Start importing Packages/com.unity.2d.animation/Editor/Assets/ComponentIcons/Animation.SpriteSkin On@256.png using Guid(678e07380549544ef9884c1817c65ae8) Importer(815301076,1909f56bfc062723c751e8b465ee728b) (PreviewImporter) -> (artifact id: 'f1d22074c4363456a06eead36248e54b') in 0.0218775 seconds
Number of updated asset objects reloaded before import = 0Number of asset objects unloaded after import = 3

========================================================================
Received Import Request.
  Time since last request: 0.000025 seconds.
  path: Packages/com.unity.2d.animation/Editor/Assets/ComponentIcons/Animation.SpriteSkin On@128.png
  artifactKey: Guid(d2ddd27a2c7de4ad99b3d8c9d00e4265) Importer(815301076,1909f56bfc062723c751e8b465ee728b)
Start importing Packages/com.unity.2d.animation/Editor/Assets/ComponentIcons/Animation.SpriteSkin On@128.png using Guid(d2ddd27a2c7de4ad99b3d8c9d00e4265) Importer(815301076,1909f56bfc062723c751e8b465ee728b) (PreviewImporter) -> (artifact id: 'f4c65a36923fae44e2859c948e858761') in 0.0589783 seconds
Number of updated asset objects reloaded before import = 0Number of asset objects unloaded after import = 3

========================================================================
Received Import Request.
  Time since last request: 0.000031 seconds.
  path: Packages/com.unity.2d.animation/Editor/Assets/ComponentIcons/Animation.SpriteSkin@64.png
  artifactKey: Guid(dd3db1e5b4263437aa298781bd55d726) Importer(815301076,1909f56bfc062723c751e8b465ee728b)
Start importing Packages/com.unity.2d.animation/Editor/Assets/ComponentIcons/Animation.SpriteSkin@64.png using Guid(dd3db1e5b4263437aa298781bd55d726) Importer(815301076,1909f56bfc062723c751e8b465ee728b) (PreviewImporter) -> (artifact id: '1015d5ac50aa9e63bb958500c3b3800d') in 0.0296565 seconds
Number of updated asset objects reloaded before import = 0Number of asset objects unloaded after import = 3

========================================================================
Received Import Request.
  Time since last request: 0.000041 seconds.
  path: Packages/com.unity.2d.animation/Editor/Assets/ComponentIcons/Animation.SpriteResolver@256.png
  artifactKey: Guid(8f526fff3bebe4808b05f8ae127482f0) Importer(815301076,1909f56bfc062723c751e8b465ee728b)
Start importing Packages/com.unity.2d.animation/Editor/Assets/ComponentIcons/Animation.SpriteResolver@256.png using Guid(8f526fff3bebe4808b05f8ae127482f0) Importer(815301076,1909f56bfc062723c751e8b465ee728b) (PreviewImporter) -> (artifact id: '97e5ecfe526709dc506481006528564e') in 0.0339995 seconds
Number of updated asset objects reloaded before import = 0Number of asset objects unloaded after import = 3

========================================================================
Received Import Request.
  Time since last request: 3.224880 seconds.
  path: Assets/FeonY/Animated Pixel-Art Backgrounds/Art/Bonus Backgrounds/Background 6 (Bonus).png
  artifactKey: Guid(544358b8e19c78045a3cba76bb127179) Importer(815301076,1909f56bfc062723c751e8b465ee728b)
Start importing Assets/FeonY/Animated Pixel-Art Backgrounds/Art/Bonus Backgrounds/Background 6 (Bonus).png using Guid(544358b8e19c78045a3cba76bb127179) Importer(815301076,1909f56bfc062723c751e8b465ee728b) (PreviewImporter) -> (artifact id: '91dc439666abd35aa84ef0f54b670516') in 1.0888011 seconds
Number of updated asset objects reloaded before import = 0Number of asset objects unloaded after import = 3

========================================================================
Received Import Request.
  Time since last request: 0.741140 seconds.
  path: Assets/GameInputControllerIconsFree/keyboard/keyboard-solid/backspace.png
  artifactKey: Guid(62b88c043d776d5478a1d87427ad921a) Importer(815301076,1909f56bfc062723c751e8b465ee728b)
Start importing Assets/GameInputControllerIconsFree/keyboard/keyboard-solid/backspace.png using Guid(62b88c043d776d5478a1d87427ad921a) Importer(815301076,1909f56bfc062723c751e8b465ee728b) (PreviewImporter) -> (artifact id: '703efbb61a76f771ba2a241aca057cbc') in 0.0509299 seconds
Number of updated asset objects reloaded before import = 0Number of asset objects unloaded after import = 3

========================================================================
Received Import Request.
  Time since last request: 0.196696 seconds.
  path: Packages/com.unity.2d.animation/Editor/Assets/EditorIcons/Light/Bone@3x.png
  artifactKey: Guid(76beef9fdae7b48468ddf07d0400a374) Importer(815301076,1909f56bfc062723c751e8b465ee728b)
Start importing Packages/com.unity.2d.animation/Editor/Assets/EditorIcons/Light/Bone@3x.png using Guid(76beef9fdae7b48468ddf07d0400a374) Importer(815301076,1909f56bfc062723c751e8b465ee728b) (PreviewImporter) -> (artifact id: '6eaed74d1f05ae4a9f96f10823b8cccd') in 0.0233944 seconds
Number of updated asset objects reloaded before import = 0Number of asset objects unloaded after import = 3

========================================================================
Received Import Request.
  Time since last request: 0.000027 seconds.
  path: Packages/com.unity.2d.animation/Editor/Assets/EditorIcons/Selected/Bone_Influence.png
  artifactKey: Guid(ff00345da0563d641903c5bd5bb748a4) Importer(815301076,1909f56bfc062723c751e8b465ee728b)
Start importing Packages/com.unity.2d.animation/Editor/Assets/EditorIcons/Selected/Bone_Influence.png using Guid(ff00345da0563d641903c5bd5bb748a4) Importer(815301076,1909f56bfc062723c751e8b465ee728b) (PreviewImporter) -> (artifact id: 'b570910b27427776fa3072eb9d5fbee2') in 0.0476933 seconds
Number of updated asset objects reloaded before import = 0Number of asset objects unloaded after import = 3

========================================================================
Received Import Request.
  Time since last request: 0.000040 seconds.
  path: Packages/com.unity.2d.animation/Editor/Assets/EditorIcons/Light/Bone_Influence.png
  artifactKey: Guid(e92fc44f12c21dd44a49e390f39f7ffd) Importer(815301076,1909f56bfc062723c751e8b465ee728b)
Start importing Packages/com.unity.2d.animation/Editor/Assets/EditorIcons/Light/Bone_Influence.png using Guid(e92fc44f12c21dd44a49e390f39f7ffd) Importer(815301076,1909f56bfc062723c751e8b465ee728b) (PreviewImporter) -> (artifact id: 'a9a966e7c2a0b71dcdc124601ac14c79') in 0.0233702 seconds
Number of updated asset objects reloaded before import = 0Number of asset objects unloaded after import = 3

========================================================================
Received Import Request.
  Time since last request: 0.023619 seconds.
  path: Packages/com.unity.2d.animation/Editor/Assets/EditorIcons/Light/Bone_Influence@3x.png
  artifactKey: Guid(cee9dbe90b270c944ae1dabf41c93b10) Importer(815301076,1909f56bfc062723c751e8b465ee728b)
Start importing Packages/com.unity.2d.animation/Editor/Assets/EditorIcons/Light/Bone_Influence@3x.png using Guid(cee9dbe90b270c944ae1dabf41c93b10) Importer(815301076,1909f56bfc062723c751e8b465ee728b) (PreviewImporter) -> (artifact id: 'a8e2dc369ebe9e42c2bfa4b00ca7cb70') in 0.0219219 seconds
Number of updated asset objects reloaded before import = 0Number of asset objects unloaded after import = 3

========================================================================
Received Import Request.
  Time since last request: 0.015564 seconds.
  path: Packages/com.unity.2d.animation/Editor/Assets/EditorIcons/Selected/Bone_Influence@4x.png
  artifactKey: Guid(daf2ab606d4db0d4f9ecf4c02137d2a8) Importer(815301076,1909f56bfc062723c751e8b465ee728b)
Start importing Packages/com.unity.2d.animation/Editor/Assets/EditorIcons/Selected/Bone_Influence@4x.png using Guid(daf2ab606d4db0d4f9ecf4c02137d2a8) Importer(815301076,1909f56bfc062723c751e8b465ee728b) (PreviewImporter) -> (artifact id: 'ca4b8caf5d2aae509d75affea07f114c') in 0.0439388 seconds
Number of updated asset objects reloaded before import = 0Number of asset objects unloaded after import = 3

========================================================================
Received Import Request.
  Time since last request: 1.788625 seconds.
  path: Assets/GameInputControllerIconsFree/keyboard/keyboard-solid/bracket-open.png
  artifactKey: Guid(dda5f07ee813fbc4fae756e7f4ef42ee) Importer(815301076,1909f56bfc062723c751e8b465ee728b)
Start importing Assets/GameInputControllerIconsFree/keyboard/keyboard-solid/bracket-open.png using Guid(dda5f07ee813fbc4fae756e7f4ef42ee) Importer(815301076,1909f56bfc062723c751e8b465ee728b) (PreviewImporter) -> (artifact id: '0e36ead52d4d0fba5a4038b2f9a91f74') in 0.0344634 seconds
Number of updated asset objects reloaded before import = 0Number of asset objects unloaded after import = 3

========================================================================
Received Import Request.
  Time since last request: 1.636335 seconds.
  path: Packages/com.unity.render-pipelines.core/Editor/LookDev/Icons/Camera1@2x.png
  artifactKey: Guid(52b3ad4181ffbec4cad6eb26d07127f6) Importer(815301076,1909f56bfc062723c751e8b465ee728b)
Start importing Packages/com.unity.render-pipelines.core/Editor/LookDev/Icons/Camera1@2x.png using Guid(52b3ad4181ffbec4cad6eb26d07127f6) Importer(815301076,1909f56bfc062723c751e8b465ee728b) (PreviewImporter) -> (artifact id: '11ddbf418b9d4e683ac3ce8ba399d1be') in 0.029999 seconds
Number of updated asset objects reloaded before import = 0Number of asset objects unloaded after import = 3

========================================================================
Received Import Request.
  Time since last request: 4.095256 seconds.
  path: Packages/com.unity.2d.animation/Editor/Assets/EditorIcons/Light/character_Mode.png
  artifactKey: Guid(d4d64a6cd9624c34a815dd79fb2a20a4) Importer(815301076,1909f56bfc062723c751e8b465ee728b)
Start importing Packages/com.unity.2d.animation/Editor/Assets/EditorIcons/Light/character_Mode.png using Guid(d4d64a6cd9624c34a815dd79fb2a20a4) Importer(815301076,1909f56bfc062723c751e8b465ee728b) (PreviewImporter) -> (artifact id: 'ea0569975119b9cc8d3721ae6c8e7f2c') in 0.0642504 seconds
Number of updated asset objects reloaded before import = 0Number of asset objects unloaded after import = 3

========================================================================
Received Import Request.
  Time since last request: 1.931161 seconds.
  path: Packages/com.unity.2d.animation/Editor/Assets/EditorIcons/Light/Copy.png
  artifactKey: Guid(42f4b048501996743958df91513f824a) Importer(815301076,1909f56bfc062723c751e8b465ee728b)
Start importing Packages/com.unity.2d.animation/Editor/Assets/EditorIcons/Light/Copy.png using Guid(42f4b048501996743958df91513f824a) Importer(815301076,1909f56bfc062723c751e8b465ee728b) (PreviewImporter) -> (artifact id: '951cbc0e2f7d33345199b93806788e56') in 0.0467068 seconds
Number of updated asset objects reloaded before import = 0Number of asset objects unloaded after import = 3

========================================================================
Received Import Request.
  Time since last request: 0.377130 seconds.
  path: Packages/com.unity.2d.animation/Editor/Assets/EditorIcons/Selected/Copy@3x.png
  artifactKey: Guid(bb51334c6930f864abac38001f7bdf6e) Importer(815301076,1909f56bfc062723c751e8b465ee728b)
Start importing Packages/com.unity.2d.animation/Editor/Assets/EditorIcons/Selected/Copy@3x.png using Guid(bb51334c6930f864abac38001f7bdf6e) Importer(815301076,1909f56bfc062723c751e8b465ee728b) (PreviewImporter) -> (artifact id: 'b923443b234be2d26e0b2cd5afad02c2') in 0.0418431 seconds
Number of updated asset objects reloaded before import = 0Number of asset objects unloaded after import = 3

========================================================================
Received Import Request.
  Time since last request: 0.000042 seconds.
  path: Packages/com.unity.2d.animation/Editor/Assets/EditorIcons/Selected/Copy@4x.png
  artifactKey: Guid(b6a96c7c65795c94abf54a62adbf5c38) Importer(815301076,1909f56bfc062723c751e8b465ee728b)
Start importing Packages/com.unity.2d.animation/Editor/Assets/EditorIcons/Selected/Copy@4x.png using Guid(b6a96c7c65795c94abf54a62adbf5c38) Importer(815301076,1909f56bfc062723c751e8b465ee728b) (PreviewImporter) -> (artifact id: 'fb1602ee18f6b6bd67ae35ef15ac29bc') in 0.0939128 seconds
Number of updated asset objects reloaded before import = 0Number of asset objects unloaded after import = 3

========================================================================
Received Import Request.
  Time since last request: 0.000045 seconds.
  path: Packages/com.unity.2d.animation/Editor/Assets/EditorIcons/Light/Create Bones.png
  artifactKey: Guid(0e5ae7fe3a07e88429a3e90897c6ab82) Importer(815301076,1909f56bfc062723c751e8b465ee728b)
Start importing Packages/com.unity.2d.animation/Editor/Assets/EditorIcons/Light/Create Bones.png using Guid(0e5ae7fe3a07e88429a3e90897c6ab82) Importer(815301076,1909f56bfc062723c751e8b465ee728b) (PreviewImporter) -> (artifact id: 'df3eb1ae3e8aaef39027c8a3c76aee70') in 0.0810662 seconds
Number of updated asset objects reloaded before import = 0Number of asset objects unloaded after import = 3

========================================================================
Received Import Request.
  Time since last request: 1.442111 seconds.
  path: Packages/com.unity.2d.animation/Editor/Assets/EditorIcons/Selected/Create Bones@3x.png
  artifactKey: Guid(7835bec40f86c2c4fb3f91a6eb3b7034) Importer(815301076,1909f56bfc062723c751e8b465ee728b)
Start importing Packages/com.unity.2d.animation/Editor/Assets/EditorIcons/Selected/Create Bones@3x.png using Guid(7835bec40f86c2c4fb3f91a6eb3b7034) Importer(815301076,1909f56bfc062723c751e8b465ee728b) (PreviewImporter) -> (artifact id: 'fd9e109c9186451ae05105ef1803f598') in 0.0669446 seconds
Number of updated asset objects reloaded before import = 0Number of asset objects unloaded after import = 3

========================================================================
Received Import Request.
  Time since last request: 0.000053 seconds.
  path: Packages/com.unity.2d.animation/Editor/Assets/EditorIcons/Light/Create Bones@4x.png
  artifactKey: Guid(f618c5fe13b18994aa5aee8b97d8dca1) Importer(815301076,1909f56bfc062723c751e8b465ee728b)
Start importing Packages/com.unity.2d.animation/Editor/Assets/EditorIcons/Light/Create Bones@4x.png using Guid(f618c5fe13b18994aa5aee8b97d8dca1) Importer(815301076,1909f56bfc062723c751e8b465ee728b) (PreviewImporter) -> (artifact id: 'e81aceaa932c93f63785b85dfe9d8918') in 0.0931986 seconds
Number of updated asset objects reloaded before import = 0Number of asset objects unloaded after import = 3

========================================================================
Received Import Request.
  Time since last request: 0.000082 seconds.
  path: Packages/com.unity.2d.animation/Editor/Assets/EditorIcons/Light/Create Bones@3x.png
  artifactKey: Guid(803b0b9bfc1fd824aae8423bfbab83b4) Importer(815301076,1909f56bfc062723c751e8b465ee728b)
Start importing Packages/com.unity.2d.animation/Editor/Assets/EditorIcons/Light/Create Bones@3x.png using Guid(803b0b9bfc1fd824aae8423bfbab83b4) Importer(815301076,1909f56bfc062723c751e8b465ee728b) (PreviewImporter) -> (artifact id: '0dc5f434f6d38825c918556d8766b846') in 0.0990631 seconds
Number of updated asset objects reloaded before import = 0Number of asset objects unloaded after import = 3

========================================================================
Received Import Request.
  Time since last request: 0.000075 seconds.
  path: Packages/com.unity.2d.animation/Editor/Assets/EditorIcons/Selected/Create_Edge.png
  artifactKey: Guid(ad7b296d426713b4593ee1a19fcbf9d1) Importer(815301076,1909f56bfc062723c751e8b465ee728b)
Start importing Packages/com.unity.2d.animation/Editor/Assets/EditorIcons/Selected/Create_Edge.png using Guid(ad7b296d426713b4593ee1a19fcbf9d1) Importer(815301076,1909f56bfc062723c751e8b465ee728b) (PreviewImporter) -> (artifact id: 'ac3cbb88ef70479ca3d5ce9562971e31') in 0.1105604 seconds
Number of updated asset objects reloaded before import = 0Number of asset objects unloaded after import = 3

========================================================================
Received Import Request.
  Time since last request: 0.232227 seconds.
  path: Packages/com.unity.2d.animation/Editor/Assets/EditorIcons/Light/Create_Edge@3x.png
  artifactKey: Guid(0da63bf69e254aa4a83c345c3de497c8) Importer(815301076,1909f56bfc062723c751e8b465ee728b)
Start importing Packages/com.unity.2d.animation/Editor/Assets/EditorIcons/Light/Create_Edge@3x.png using Guid(0da63bf69e254aa4a83c345c3de497c8) Importer(815301076,1909f56bfc062723c751e8b465ee728b) (PreviewImporter) -> (artifact id: 'b4a568489e5d0069f6a601c89f3aea3b') in 0.1466007 seconds
Number of updated asset objects reloaded before import = 0Number of asset objects unloaded after import = 3

========================================================================
Received Import Request.
  Time since last request: 0.000518 seconds.
  path: Packages/com.unity.2d.animation/Editor/Assets/EditorIcons/Selected/Create_Edge@3x.png
  artifactKey: Guid(374643871a39dd44880f1c0eff14f46c) Importer(815301076,1909f56bfc062723c751e8b465ee728b)
Start importing Packages/com.unity.2d.animation/Editor/Assets/EditorIcons/Selected/Create_Edge@3x.png using Guid(374643871a39dd44880f1c0eff14f46c) Importer(815301076,1909f56bfc062723c751e8b465ee728b) (PreviewImporter) -> (artifact id: '67662713a5cdca1c49a8c2e9f1b9d59e') in 0.1612627 seconds
Number of updated asset objects reloaded before import = 0Number of asset objects unloaded after import = 3

========================================================================
Received Import Request.
  Time since last request: 0.000115 seconds.
  path: Packages/com.unity.2d.animation/Editor/Assets/EditorIcons/Selected/Create_Vertex@2x.png
  artifactKey: Guid(8afb57fea8c4eea4a8085e91c810380b) Importer(815301076,1909f56bfc062723c751e8b465ee728b)
Start importing Packages/com.unity.2d.animation/Editor/Assets/EditorIcons/Selected/Create_Vertex@2x.png using Guid(8afb57fea8c4eea4a8085e91c810380b) Importer(815301076,1909f56bfc062723c751e8b465ee728b) (PreviewImporter) -> (artifact id: '3f0fad069336d916fa560f87186a1088') in 0.1706454 seconds
Number of updated asset objects reloaded before import = 0Number of asset objects unloaded after import = 3

========================================================================
Received Import Request.
  Time since last request: 0.000094 seconds.
  path: Packages/com.unity.2d.animation/Editor/Assets/EditorIcons/Selected/Create_Edge@4x.png
  artifactKey: Guid(3458c119c69e9bc4f9647599c2901dee) Importer(815301076,1909f56bfc062723c751e8b465ee728b)
Start importing Packages/com.unity.2d.animation/Editor/Assets/EditorIcons/Selected/Create_Edge@4x.png using Guid(3458c119c69e9bc4f9647599c2901dee) Importer(815301076,1909f56bfc062723c751e8b465ee728b) (PreviewImporter) -> (artifact id: '66f4ac9a0b3f07b94de6dcce5e378881') in 0.0737322 seconds
Number of updated asset objects reloaded before import = 0Number of asset objects unloaded after import = 3

========================================================================
Received Import Request.
  Time since last request: 0.000329 seconds.
  path: Packages/com.unity.2d.animation/Editor/Assets/EditorIcons/Selected/Create_Vertex@3x.png
  artifactKey: Guid(47fe565904dc6b1419e9acc62b99812e) Importer(815301076,1909f56bfc062723c751e8b465ee728b)
Start importing Packages/com.unity.2d.animation/Editor/Assets/EditorIcons/Selected/Create_Vertex@3x.png using Guid(47fe565904dc6b1419e9acc62b99812e) Importer(815301076,1909f56bfc062723c751e8b465ee728b) (PreviewImporter) -> (artifact id: 'b3f92082125069d2290395adb5f79e90') in 0.0852707 seconds
Number of updated asset objects reloaded before import = 0Number of asset objects unloaded after import = 3

========================================================================
Received Import Request.
  Time since last request: 0.000058 seconds.
  path: Packages/com.unity.2d.animation/Editor/Assets/EditorIcons/Light/Create_Vertex@4x.png
  artifactKey: Guid(e6a6624ab013b8e44beddfa2668afb65) Importer(815301076,1909f56bfc062723c751e8b465ee728b)
Start importing Packages/com.unity.2d.animation/Editor/Assets/EditorIcons/Light/Create_Vertex@4x.png using Guid(e6a6624ab013b8e44beddfa2668afb65) Importer(815301076,1909f56bfc062723c751e8b465ee728b) (PreviewImporter) -> (artifact id: 'a52a91c036548b5b8b11d2e9d61d2cc1') in 0.0763087 seconds
Number of updated asset objects reloaded before import = 0Number of asset objects unloaded after import = 3

========================================================================
Received Import Request.
  Time since last request: 0.000077 seconds.
  path: Packages/com.unity.2d.animation/Editor/Assets/EditorIcons/Light/Create_Vertex@3x.png
  artifactKey: Guid(66fa19194577350438c952106f661c2f) Importer(815301076,1909f56bfc062723c751e8b465ee728b)
Start importing Packages/com.unity.2d.animation/Editor/Assets/EditorIcons/Light/Create_Vertex@3x.png using Guid(66fa19194577350438c952106f661c2f) Importer(815301076,1909f56bfc062723c751e8b465ee728b) (PreviewImporter) -> (artifact id: 'd1ef09d9fb493d4abab46b9f1118563c') in 0.0986538 seconds
Number of updated asset objects reloaded before import = 0Number of asset objects unloaded after import = 3

========================================================================
Received Import Request.
  Time since last request: 0.171051 seconds.
  path: Packages/com.unity.render-pipelines.core/Editor/LookDev/Icons/d_Add.png
  artifactKey: Guid(160b197aba549514286b94426ceae589) Importer(815301076,1909f56bfc062723c751e8b465ee728b)
Start importing Packages/com.unity.render-pipelines.core/Editor/LookDev/Icons/d_Add.png using Guid(160b197aba549514286b94426ceae589) Importer(815301076,1909f56bfc062723c751e8b465ee728b) (PreviewImporter) -> (artifact id: '842c8ab1dea2bd7bfa22312a74ecaeb1') in 0.0748569 seconds
Number of updated asset objects reloaded before import = 0Number of asset objects unloaded after import = 3

========================================================================
Received Import Request.
  Time since last request: 0.000056 seconds.
  path: Packages/com.unity.2d.animation/Editor/Assets/ComponentIcons/d_Animation.IKCCD@32.png
  artifactKey: Guid(927455eb53d4a46a4b1aa3ed556f0de8) Importer(815301076,1909f56bfc062723c751e8b465ee728b)
Start importing Packages/com.unity.2d.animation/Editor/Assets/ComponentIcons/d_Animation.IKCCD@32.png using Guid(927455eb53d4a46a4b1aa3ed556f0de8) Importer(815301076,1909f56bfc062723c751e8b465ee728b) (PreviewImporter) -> (artifact id: '7e29fe04bb95109f0abc8a7926119cb6') in 0.0669871 seconds
Number of updated asset objects reloaded before import = 0Number of asset objects unloaded after import = 3

========================================================================
Received Import Request.
  Time since last request: 0.000071 seconds.
  path: Packages/com.unity.2d.animation/Editor/Assets/ComponentIcons/d_Animation.IKCCD@256.png
  artifactKey: Guid(f2df2ca130cfb4705ae418741cb26ff7) Importer(815301076,1909f56bfc062723c751e8b465ee728b)
Start importing Packages/com.unity.2d.animation/Editor/Assets/ComponentIcons/d_Animation.IKCCD@256.png using Guid(f2df2ca130cfb4705ae418741cb26ff7) Importer(815301076,1909f56bfc062723c751e8b465ee728b) (PreviewImporter) -> (artifact id: '3dfc73d30e848ed7e81728428150b402') in 0.0725088 seconds
Number of updated asset objects reloaded before import = 0Number of asset objects unloaded after import = 3

========================================================================
Received Import Request.
  Time since last request: 0.000040 seconds.
  path: Packages/com.unity.2d.animation/Editor/Assets/ComponentIcons/d_Animation.IKCCD@64.png
  artifactKey: Guid(dac7ed727b01c440b9eeee0e2641a333) Importer(815301076,1909f56bfc062723c751e8b465ee728b)
Start importing Packages/com.unity.2d.animation/Editor/Assets/ComponentIcons/d_Animation.IKCCD@64.png using Guid(dac7ed727b01c440b9eeee0e2641a333) Importer(815301076,1909f56bfc062723c751e8b465ee728b) (PreviewImporter) -> (artifact id: '0ed735b9623d3207754f1ccf937b70bc') in 0.0864401 seconds
Number of updated asset objects reloaded before import = 0Number of asset objects unloaded after import = 3

========================================================================
Received Import Request.
  Time since last request: 0.052875 seconds.
  path: Packages/com.unity.2d.animation/Editor/Assets/ComponentIcons/d_Animation.IKFabrik@32.png
  artifactKey: Guid(343de650405d34e75bf52853707670d5) Importer(815301076,1909f56bfc062723c751e8b465ee728b)
Start importing Packages/com.unity.2d.animation/Editor/Assets/ComponentIcons/d_Animation.IKFabrik@32.png using Guid(343de650405d34e75bf52853707670d5) Importer(815301076,1909f56bfc062723c751e8b465ee728b) (PreviewImporter) -> (artifact id: '1d530a049b6b8c056abd05aa2f8001b1') in 0.0516432 seconds
Number of updated asset objects reloaded before import = 0Number of asset objects unloaded after import = 3

========================================================================
Received Import Request.
  Time since last request: 0.000134 seconds.
  path: Packages/com.unity.2d.animation/Editor/Assets/ComponentIcons/d_Animation.IKFabrik@64.png
  artifactKey: Guid(8dfc24821a9794200b8d54e906e4b6da) Importer(815301076,1909f56bfc062723c751e8b465ee728b)
Start importing Packages/com.unity.2d.animation/Editor/Assets/ComponentIcons/d_Animation.IKFabrik@64.png using Guid(8dfc24821a9794200b8d54e906e4b6da) Importer(815301076,1909f56bfc062723c751e8b465ee728b) (PreviewImporter) -> (artifact id: '76ea085c73d1b62c77511063cc2b2e24') in 0.0603925 seconds
Number of updated asset objects reloaded before import = 0Number of asset objects unloaded after import = 3

========================================================================
Received Import Request.
  Time since last request: 0.000031 seconds.
  path: Packages/com.unity.2d.animation/Editor/Assets/ComponentIcons/d_Animation.IKLimb.png
  artifactKey: Guid(aba5d07cce7d34a7587f27f48d05dd9b) Importer(815301076,1909f56bfc062723c751e8b465ee728b)
Start importing Packages/com.unity.2d.animation/Editor/Assets/ComponentIcons/d_Animation.IKLimb.png using Guid(aba5d07cce7d34a7587f27f48d05dd9b) Importer(815301076,1909f56bfc062723c751e8b465ee728b) (PreviewImporter) -> (artifact id: '9dcdc0510778eb3a2df35a3145d7e8ba') in 0.0919928 seconds
Number of updated asset objects reloaded before import = 0Number of asset objects unloaded after import = 3

========================================================================
Received Import Request.
  Time since last request: 0.000041 seconds.
  path: Packages/com.unity.2d.animation/Editor/Assets/ComponentIcons/d_Animation.IKLimb@64.png
  artifactKey: Guid(c4b88bdeab9b1418083e414b97e3f1cd) Importer(815301076,1909f56bfc062723c751e8b465ee728b)
Start importing Packages/com.unity.2d.animation/Editor/Assets/ComponentIcons/d_Animation.IKLimb@64.png using Guid(c4b88bdeab9b1418083e414b97e3f1cd) Importer(815301076,1909f56bfc062723c751e8b465ee728b) (PreviewImporter) -> (artifact id: '7fb0bfa7b61f32fcf1a0e8c336b04bd8') in 0.0474322 seconds
Number of updated asset objects reloaded before import = 0Number of asset objects unloaded after import = 3

========================================================================
Received Import Request.
  Time since last request: 0.801032 seconds.
  path: Packages/com.unity.2d.animation/Editor/Assets/ComponentIcons/d_Animation.IKLimb@256.png
  artifactKey: Guid(687d960e2731e4f379851b2bb0b12167) Importer(815301076,1909f56bfc062723c751e8b465ee728b)
Start importing Packages/com.unity.2d.animation/Editor/Assets/ComponentIcons/d_Animation.IKLimb@256.png using Guid(687d960e2731e4f379851b2bb0b12167) Importer(815301076,1909f56bfc062723c751e8b465ee728b) (PreviewImporter) -> (artifact id: '121a6633f66f303c31ae55e137e8e618') in 0.0871007 seconds
Number of updated asset objects reloaded before import = 0Number of asset objects unloaded after import = 3

========================================================================
Received Import Request.
  Time since last request: 0.159207 seconds.
  path: Packages/com.unity.2d.animation/Editor/Assets/ComponentIcons/d_Animation.IKManager@128.png
  artifactKey: Guid(eddc3b652f54848828296504ee94ec04) Importer(815301076,1909f56bfc062723c751e8b465ee728b)
Start importing Packages/com.unity.2d.animation/Editor/Assets/ComponentIcons/d_Animation.IKManager@128.png using Guid(eddc3b652f54848828296504ee94ec04) Importer(815301076,1909f56bfc062723c751e8b465ee728b) (PreviewImporter) -> (artifact id: '81791abadac322ce23de37021100afbb') in 0.0502282 seconds
Number of updated asset objects reloaded before import = 0Number of asset objects unloaded after import = 3

========================================================================
Received Import Request.
  Time since last request: 0.000029 seconds.
  path: Packages/com.unity.2d.animation/Editor/Assets/ComponentIcons/d_Animation.SpriteLibrary.png
  artifactKey: Guid(4d3519975d99540eba1637a8a3e58f11) Importer(815301076,1909f56bfc062723c751e8b465ee728b)
Start importing Packages/com.unity.2d.animation/Editor/Assets/ComponentIcons/d_Animation.SpriteLibrary.png using Guid(4d3519975d99540eba1637a8a3e58f11) Importer(815301076,1909f56bfc062723c751e8b465ee728b) (PreviewImporter) -> (artifact id: 'ffed29ddcb55fa8edab9cf35933c8e16') in 0.0642099 seconds
Number of updated asset objects reloaded before import = 0Number of asset objects unloaded after import = 3

========================================================================
Received Import Request.
  Time since last request: 0.827523 seconds.
  path: Packages/com.unity.2d.animation/Editor/Assets/ComponentIcons/d_Animation.SpriteLibrary@64.png
  artifactKey: Guid(01e72f012aab14abcadc8f12c615e6d6) Importer(815301076,1909f56bfc062723c751e8b465ee728b)
Start importing Packages/com.unity.2d.animation/Editor/Assets/ComponentIcons/d_Animation.SpriteLibrary@64.png using Guid(01e72f012aab14abcadc8f12c615e6d6) Importer(815301076,1909f56bfc062723c751e8b465ee728b) (PreviewImporter) -> (artifact id: '553dad59b49c6d391dd1027f034530fe') in 0.0324762 seconds
Number of updated asset objects reloaded before import = 0Number of asset objects unloaded after import = 3

========================================================================
Received Import Request.
  Time since last request: 0.000034 seconds.
  path: Packages/com.unity.2d.animation/Editor/Assets/ComponentIcons/d_Animation.SpriteLibrary@256.png
  artifactKey: Guid(30a9527ec1b074aca87fdc4fd12b0f0b) Importer(815301076,1909f56bfc062723c751e8b465ee728b)
Start importing Packages/com.unity.2d.animation/Editor/Assets/ComponentIcons/d_Animation.SpriteLibrary@256.png using Guid(30a9527ec1b074aca87fdc4fd12b0f0b) Importer(815301076,1909f56bfc062723c751e8b465ee728b) (PreviewImporter) -> (artifact id: '9d08aa8c19c771c6241febe23f43e111') in 0.0436948 seconds
Number of updated asset objects reloaded before import = 0Number of asset objects unloaded after import = 3

========================================================================
Received Import Request.
  Time since last request: 0.508906 seconds.
  path: Packages/com.unity.2d.animation/Editor/Assets/ComponentIcons/d_Animation.SpriteLibraryManager@64.png
  artifactKey: Guid(727af22e923264f0ca2530a410e2d7ab) Importer(815301076,1909f56bfc062723c751e8b465ee728b)
Start importing Packages/com.unity.2d.animation/Editor/Assets/ComponentIcons/d_Animation.SpriteLibraryManager@64.png using Guid(727af22e923264f0ca2530a410e2d7ab) Importer(815301076,1909f56bfc062723c751e8b465ee728b) (PreviewImporter) -> (artifact id: 'f5fd128db8cb4f546f1a7460783a3049') in 0.0367093 seconds
Number of updated asset objects reloaded before import = 0Number of asset objects unloaded after import = 3

========================================================================
Received Import Request.
  Time since last request: 0.014511 seconds.
  path: Packages/com.unity.2d.animation/Editor/Assets/ComponentIcons/d_Animation.SpriteLibraryManager@256.png
  artifactKey: Guid(cf27adadd6b1f42eebc0e8ab8f0d091d) Importer(815301076,1909f56bfc062723c751e8b465ee728b)
Start importing Packages/com.unity.2d.animation/Editor/Assets/ComponentIcons/d_Animation.SpriteLibraryManager@256.png using Guid(cf27adadd6b1f42eebc0e8ab8f0d091d) Importer(815301076,1909f56bfc062723c751e8b465ee728b) (PreviewImporter) -> (artifact id: 'e9044da432e71222f2a2697c538d3c42') in 0.0328635 seconds
Number of updated asset objects reloaded before import = 0Number of asset objects unloaded after import = 3

========================================================================
Received Import Request.
  Time since last request: 0.000025 seconds.
  path: Packages/com.unity.2d.animation/Editor/Assets/ComponentIcons/d_Animation.SpriteLibraryVar@32.png
  artifactKey: Guid(d9e47beaa8a6e432393f34671440f777) Importer(815301076,1909f56bfc062723c751e8b465ee728b)
Start importing Packages/com.unity.2d.animation/Editor/Assets/ComponentIcons/d_Animation.SpriteLibraryVar@32.png using Guid(d9e47beaa8a6e432393f34671440f777) Importer(815301076,1909f56bfc062723c751e8b465ee728b) (PreviewImporter) -> (artifact id: '181b34f6851382487beee455b2cac0bc') in 0.0621719 seconds
Number of updated asset objects reloaded before import = 0Number of asset objects unloaded after import = 3

========================================================================
Received Import Request.
  Time since last request: 0.000029 seconds.
  path: Packages/com.unity.2d.animation/Editor/Assets/ComponentIcons/d_Animation.SpriteLibraryVar@128.png
  artifactKey: Guid(c38da00047c364d939a5857fc7e8a17a) Importer(815301076,1909f56bfc062723c751e8b465ee728b)
Start importing Packages/com.unity.2d.animation/Editor/Assets/ComponentIcons/d_Animation.SpriteLibraryVar@128.png using Guid(c38da00047c364d939a5857fc7e8a17a) Importer(815301076,1909f56bfc062723c751e8b465ee728b) (PreviewImporter) -> (artifact id: 'fbdc4f82b0232733b5a777a7f53ab727') in 0.0378699 seconds
Number of updated asset objects reloaded before import = 0Number of asset objects unloaded after import = 3

========================================================================
Received Import Request.
  Time since last request: 0.000037 seconds.
  path: Packages/com.unity.2d.animation/Editor/Assets/ComponentIcons/d_Animation.SpriteResolver.png
  artifactKey: Guid(a1585a67bdb5741a6bc69877b78cdcd3) Importer(815301076,1909f56bfc062723c751e8b465ee728b)
Start importing Packages/com.unity.2d.animation/Editor/Assets/ComponentIcons/d_Animation.SpriteResolver.png using Guid(a1585a67bdb5741a6bc69877b78cdcd3) Importer(815301076,1909f56bfc062723c751e8b465ee728b) (PreviewImporter) -> (artifact id: '2e1f9f74213e5a439646d6b56de29e41') in 0.0356343 seconds
Number of updated asset objects reloaded before import = 0Number of asset objects unloaded after import = 3

========================================================================
Received Import Request.
  Time since last request: 0.522718 seconds.
  path: Packages/com.unity.2d.animation/Editor/Assets/ComponentIcons/d_Animation.SpriteResolver@128.png
  artifactKey: Guid(71365d6492a2542dc9e34c1b312f722c) Importer(815301076,1909f56bfc062723c751e8b465ee728b)
Start importing Packages/com.unity.2d.animation/Editor/Assets/ComponentIcons/d_Animation.SpriteResolver@128.png using Guid(71365d6492a2542dc9e34c1b312f722c) Importer(815301076,1909f56bfc062723c751e8b465ee728b) (PreviewImporter) -> (artifact id: '517dca362cd4124bd959a185557d78c4') in 0.0728995 seconds
Number of updated asset objects reloaded before import = 0Number of asset objects unloaded after import = 3

========================================================================
Received Import Request.
  Time since last request: 0.000046 seconds.
  path: Packages/com.unity.2d.animation/Editor/Assets/ComponentIcons/d_Animation.SpriteSkin.png
  artifactKey: Guid(049256017895a43b4b47a8eb639ad05e) Importer(815301076,1909f56bfc062723c751e8b465ee728b)
Start importing Packages/com.unity.2d.animation/Editor/Assets/ComponentIcons/d_Animation.SpriteSkin.png using Guid(049256017895a43b4b47a8eb639ad05e) Importer(815301076,1909f56bfc062723c751e8b465ee728b) (PreviewImporter) -> (artifact id: 'ea56186c6f0e243c50bf8e86f5d9613e') in 0.0201894 seconds
Number of updated asset objects reloaded before import = 0Number of asset objects unloaded after import = 3

========================================================================
Received Import Request.
  Time since last request: 0.025587 seconds.
  path: Packages/com.unity.2d.animation/Editor/Assets/ComponentIcons/d_Animation.SpriteSkin@64.png
  artifactKey: Guid(7ed99b178ead940bf9cc24b0b0213517) Importer(815301076,1909f56bfc062723c751e8b465ee728b)
Start importing Packages/com.unity.2d.animation/Editor/Assets/ComponentIcons/d_Animation.SpriteSkin@64.png using Guid(7ed99b178ead940bf9cc24b0b0213517) Importer(815301076,1909f56bfc062723c751e8b465ee728b) (PreviewImporter) -> (artifact id: '2011ab969b2904746f5f2e4e657e5d06') in 0.0329273 seconds
Number of updated asset objects reloaded before import = 0Number of asset objects unloaded after import = 3

========================================================================
Received Import Request.
  Time since last request: 0.000018 seconds.
  path: Packages/com.unity.2d.animation/Editor/Assets/ComponentIcons/d_Animation.SpriteSkin@128.png
  artifactKey: Guid(30cc8dc04de434864a26b5fc25a7a5a4) Importer(815301076,1909f56bfc062723c751e8b465ee728b)
Start importing Packages/com.unity.2d.animation/Editor/Assets/ComponentIcons/d_Animation.SpriteSkin@128.png using Guid(30cc8dc04de434864a26b5fc25a7a5a4) Importer(815301076,1909f56bfc062723c751e8b465ee728b) (PreviewImporter) -> (artifact id: '2b5c74ac2f31fc98b49ad461cfdbadc6') in 0.0258814 seconds
Number of updated asset objects reloaded before import = 0Number of asset objects unloaded after import = 3

========================================================================
Received Import Request.
  Time since last request: 0.000037 seconds.
  path: Packages/com.unity.2d.animation/Editor/Assets/EditorIcons/Selected/d_Bone.png
  artifactKey: Guid(006a3adba8ff95144b4e779daa84bb7e) Importer(815301076,1909f56bfc062723c751e8b465ee728b)
Start importing Packages/com.unity.2d.animation/Editor/Assets/EditorIcons/Selected/d_Bone.png using Guid(006a3adba8ff95144b4e779daa84bb7e) Importer(815301076,1909f56bfc062723c751e8b465ee728b) (PreviewImporter) -> (artifact id: 'a04cbe1926c73767b190b9cc4388e736') in 0.0237509 seconds
Number of updated asset objects reloaded before import = 0Number of asset objects unloaded after import = 3

========================================================================
Received Import Request.
  Time since last request: 0.000057 seconds.
  path: Packages/com.unity.2d.animation/Editor/Assets/EditorIcons/Selected/d_Bone@2x.png
  artifactKey: Guid(24cf210708c57674b894af3341b1738b) Importer(815301076,1909f56bfc062723c751e8b465ee728b)
Start importing Packages/com.unity.2d.animation/Editor/Assets/EditorIcons/Selected/d_Bone@2x.png using Guid(24cf210708c57674b894af3341b1738b) Importer(815301076,1909f56bfc062723c751e8b465ee728b) (PreviewImporter) -> (artifact id: 'ba0f04654cbc5997b5e9ace3ad93e116') in 0.0285979 seconds
Number of updated asset objects reloaded before import = 0Number of asset objects unloaded after import = 3

========================================================================
Received Import Request.
  Time since last request: 0.443577 seconds.
  path: Packages/com.unity.2d.animation/Editor/Assets/EditorIcons/Dark/d_Bone@3x.png
  artifactKey: Guid(fe145a004cb46de488885e70d26cade0) Importer(815301076,1909f56bfc062723c751e8b465ee728b)
Start importing Packages/com.unity.2d.animation/Editor/Assets/EditorIcons/Dark/d_Bone@3x.png using Guid(fe145a004cb46de488885e70d26cade0) Importer(815301076,1909f56bfc062723c751e8b465ee728b) (PreviewImporter) -> (artifact id: '502b464c5ba39d30c7e1765df27b004c') in 0.075247 seconds
Number of updated asset objects reloaded before import = 0Number of asset objects unloaded after import = 3

========================================================================
Received Import Request.
  Time since last request: 0.000020 seconds.
  path: Packages/com.unity.2d.animation/Editor/Assets/EditorIcons/Dark/d_Bone@4x.png
  artifactKey: Guid(246d7c7c8e9e6cf43893ae13c5a81bdf) Importer(815301076,1909f56bfc062723c751e8b465ee728b)
Start importing Packages/com.unity.2d.animation/Editor/Assets/EditorIcons/Dark/d_Bone@4x.png using Guid(246d7c7c8e9e6cf43893ae13c5a81bdf) Importer(815301076,1909f56bfc062723c751e8b465ee728b) (PreviewImporter) -> (artifact id: 'ee6da7ca7952b44ed214ac8439edd863') in 0.024302 seconds
Number of updated asset objects reloaded before import = 0Number of asset objects unloaded after import = 3

========================================================================
Received Import Request.
  Time since last request: 0.000027 seconds.
  path: Packages/com.unity.2d.animation/Editor/Assets/EditorIcons/Dark/d_Bone_Influence@3x.png
  artifactKey: Guid(56431fa7b1b21794baaf8d8e47c78bdb) Importer(815301076,1909f56bfc062723c751e8b465ee728b)
Start importing Packages/com.unity.2d.animation/Editor/Assets/EditorIcons/Dark/d_Bone_Influence@3x.png using Guid(56431fa7b1b21794baaf8d8e47c78bdb) Importer(815301076,1909f56bfc062723c751e8b465ee728b) (PreviewImporter) -> (artifact id: '92cbb126e7b5c4dec250ffef592ca32a') in 0.0528963 seconds
Number of updated asset objects reloaded before import = 0Number of asset objects unloaded after import = 3

========================================================================
Received Import Request.
  Time since last request: 0.000041 seconds.
  path: Packages/com.unity.render-pipelines.core/Editor/LookDev/Icons/d_Camera1.png
  artifactKey: Guid(56c35c86bb44b0e4e84a22db56968157) Importer(815301076,1909f56bfc062723c751e8b465ee728b)
Start importing Packages/com.unity.render-pipelines.core/Editor/LookDev/Icons/d_Camera1.png using Guid(56c35c86bb44b0e4e84a22db56968157) Importer(815301076,1909f56bfc062723c751e8b465ee728b) (PreviewImporter) -> (artifact id: '79cdb1be9c9f506d13790c8ad515a63f') in 0.039951 seconds
Number of updated asset objects reloaded before import = 0Number of asset objects unloaded after import = 3

========================================================================
Received Import Request.
  Time since last request: 0.000020 seconds.
  path: Packages/com.unity.2d.animation/Editor/Assets/EditorIcons/Dark/d_Bone_Influence@4x.png
  artifactKey: Guid(1e0f2b45945c8254abd59f40d783c11f) Importer(815301076,1909f56bfc062723c751e8b465ee728b)
Start importing Packages/com.unity.2d.animation/Editor/Assets/EditorIcons/Dark/d_Bone_Influence@4x.png using Guid(1e0f2b45945c8254abd59f40d783c11f) Importer(815301076,1909f56bfc062723c751e8b465ee728b) (PreviewImporter) -> (artifact id: 'd550946ea3b07e01c58784f37b06aa00') in 0.0337357 seconds
Number of updated asset objects reloaded before import = 0Number of asset objects unloaded after import = 3

========================================================================
Received Import Request.
  Time since last request: 0.000029 seconds.
  path: Packages/com.unity.render-pipelines.core/Editor/LookDev/Icons/d_Camera2@2x.png
  artifactKey: Guid(99d7e777338ab8f4ba890cc738794dba) Importer(815301076,1909f56bfc062723c751e8b465ee728b)
Start importing Packages/com.unity.render-pipelines.core/Editor/LookDev/Icons/d_Camera2@2x.png using Guid(99d7e777338ab8f4ba890cc738794dba) Importer(815301076,1909f56bfc062723c751e8b465ee728b) (PreviewImporter) -> (artifact id: 'dfeb71a4f72afe8fee0f61bf05bfb119') in 0.0699125 seconds
Number of updated asset objects reloaded before import = 0Number of asset objects unloaded after import = 3

========================================================================
Received Import Request.
  Time since last request: 0.000042 seconds.
  path: Packages/com.unity.render-pipelines.core/Editor/LookDev/Icons/d_CenterLight@2x.png
  artifactKey: Guid(a14e6ee680df42f4c99bf69bc3d6b9ca) Importer(815301076,1909f56bfc062723c751e8b465ee728b)
Start importing Packages/com.unity.render-pipelines.core/Editor/LookDev/Icons/d_CenterLight@2x.png using Guid(a14e6ee680df42f4c99bf69bc3d6b9ca) Importer(815301076,1909f56bfc062723c751e8b465ee728b) (PreviewImporter) -> (artifact id: '6331347d07f4be361c3677a92f503662') in 0.0621806 seconds
Number of updated asset objects reloaded before import = 0Number of asset objects unloaded after import = 3

========================================================================
Received Import Request.
  Time since last request: 0.000211 seconds.
  path: Packages/com.unity.2d.animation/Editor/Assets/EditorIcons/Dark/d_character_Mode@2x.png
  artifactKey: Guid(d4a1388a0d4ee9c44bcaa86e463a7b39) Importer(815301076,1909f56bfc062723c751e8b465ee728b)
Start importing Packages/com.unity.2d.animation/Editor/Assets/EditorIcons/Dark/d_character_Mode@2x.png using Guid(d4a1388a0d4ee9c44bcaa86e463a7b39) Importer(815301076,1909f56bfc062723c751e8b465ee728b) (PreviewImporter) -> (artifact id: '026a51da9cb2fa9a5ec5e2d2405b8b2f') in 0.0281225 seconds
Number of updated asset objects reloaded before import = 0Number of asset objects unloaded after import = 3

========================================================================
Received Import Request.
  Time since last request: 0.000062 seconds.
  path: Packages/com.unity.2d.animation/Editor/Assets/EditorIcons/Dark/d_Copy.png
  artifactKey: Guid(69fdfe6d8e206134a83223383472ff48) Importer(815301076,1909f56bfc062723c751e8b465ee728b)
Start importing Packages/com.unity.2d.animation/Editor/Assets/EditorIcons/Dark/d_Copy.png using Guid(69fdfe6d8e206134a83223383472ff48) Importer(815301076,1909f56bfc062723c751e8b465ee728b) (PreviewImporter) -> (artifact id: '69001a23a19c6b2adb0864e96217618a') in 0.0592106 seconds
Number of updated asset objects reloaded before import = 0Number of asset objects unloaded after import = 3

========================================================================
Received Import Request.
  Time since last request: 0.000074 seconds.
  path: Packages/com.unity.2d.animation/Editor/Assets/EditorIcons/Dark/d_Create Bones.png
  artifactKey: Guid(b4b58192a0265df4980d56bf9054df08) Importer(815301076,1909f56bfc062723c751e8b465ee728b)
Start importing Packages/com.unity.2d.animation/Editor/Assets/EditorIcons/Dark/d_Create Bones.png using Guid(b4b58192a0265df4980d56bf9054df08) Importer(815301076,1909f56bfc062723c751e8b465ee728b) (PreviewImporter) -> (artifact id: 'c61131ddd0f4d85a04fe0303a833e7d8') in 0.0481262 seconds
Number of updated asset objects reloaded before import = 0Number of asset objects unloaded after import = 3

========================================================================
Received Import Request.
  Time since last request: 0.000023 seconds.
  path: Packages/com.unity.2d.animation/Editor/Assets/EditorIcons/Dark/d_Create Bones@2x.png
  artifactKey: Guid(fea84712d555ee04a8147088aad76931) Importer(815301076,1909f56bfc062723c751e8b465ee728b)
Start importing Packages/com.unity.2d.animation/Editor/Assets/EditorIcons/Dark/d_Create Bones@2x.png using Guid(fea84712d555ee04a8147088aad76931) Importer(815301076,1909f56bfc062723c751e8b465ee728b) (PreviewImporter) -> (artifact id: '2a25f5c8186cbf3f733f5bdb6e8d58e0') in 0.0378509 seconds
Number of updated asset objects reloaded before import = 0Number of asset objects unloaded after import = 3

========================================================================
Received Import Request.
  Time since last request: 0.000031 seconds.
  path: Packages/com.unity.2d.animation/Editor/Assets/EditorIcons/Dark/d_Copy@3x.png
  artifactKey: Guid(3b5ad4dfc78124a489bb5c48a4b57195) Importer(815301076,1909f56bfc062723c751e8b465ee728b)
Start importing Packages/com.unity.2d.animation/Editor/Assets/EditorIcons/Dark/d_Copy@3x.png using Guid(3b5ad4dfc78124a489bb5c48a4b57195) Importer(815301076,1909f56bfc062723c751e8b465ee728b) (PreviewImporter) -> (artifact id: '96a52c4845acc6af228c72c4014d85f4') in 0.0210455 seconds
Number of updated asset objects reloaded before import = 0Number of asset objects unloaded after import = 3

========================================================================
Received Import Request.
  Time since last request: 0.000037 seconds.
  path: Packages/com.unity.2d.animation/Editor/Assets/EditorIcons/Dark/d_Create Bones@4x.png
  artifactKey: Guid(7e1aff9652c0dac418d9aa42f5f24dc2) Importer(815301076,1909f56bfc062723c751e8b465ee728b)
Start importing Packages/com.unity.2d.animation/Editor/Assets/EditorIcons/Dark/d_Create Bones@4x.png using Guid(7e1aff9652c0dac418d9aa42f5f24dc2) Importer(815301076,1909f56bfc062723c751e8b465ee728b) (PreviewImporter) -> (artifact id: 'cb590b9f487453f68bbc0b57142cd2d4') in 0.0603693 seconds
Number of updated asset objects reloaded before import = 0Number of asset objects unloaded after import = 3

========================================================================
Received Import Request.
  Time since last request: 0.000023 seconds.
  path: Packages/com.unity.2d.animation/Editor/Assets/EditorIcons/Dark/d_Create_Edge.png
  artifactKey: Guid(7a5bb676bcccfea429f2138b6fbd005e) Importer(815301076,1909f56bfc062723c751e8b465ee728b)
Start importing Packages/com.unity.2d.animation/Editor/Assets/EditorIcons/Dark/d_Create_Edge.png using Guid(7a5bb676bcccfea429f2138b6fbd005e) Importer(815301076,1909f56bfc062723c751e8b465ee728b) (PreviewImporter) -> (artifact id: 'cc5da7b630eba7c51746572a4eaf289d') in 0.0221019 seconds
Number of updated asset objects reloaded before import = 0Number of asset objects unloaded after import = 3

========================================================================
Received Import Request.
  Time since last request: 0.000025 seconds.
  path: Packages/com.unity.2d.animation/Editor/Assets/EditorIcons/Dark/d_Create_Edge@3x.png
  artifactKey: Guid(9d68cf945428ac2448d4c657f30b31cc) Importer(815301076,1909f56bfc062723c751e8b465ee728b)
Start importing Packages/com.unity.2d.animation/Editor/Assets/EditorIcons/Dark/d_Create_Edge@3x.png using Guid(9d68cf945428ac2448d4c657f30b31cc) Importer(815301076,1909f56bfc062723c751e8b465ee728b) (PreviewImporter) -> (artifact id: '7571f5b756a3d40a36f9700f62b020f8') in 0.0252458 seconds
Number of updated asset objects reloaded before import = 0Number of asset objects unloaded after import = 3

========================================================================
Received Import Request.
  Time since last request: 0.000039 seconds.
  path: Packages/com.unity.2d.animation/Editor/Assets/EditorIcons/Dark/d_Create_Vertex.png
  artifactKey: Guid(efe4b927ec825b242bf70d64c4258c1e) Importer(815301076,1909f56bfc062723c751e8b465ee728b)
Start importing Packages/com.unity.2d.animation/Editor/Assets/EditorIcons/Dark/d_Create_Vertex.png using Guid(efe4b927ec825b242bf70d64c4258c1e) Importer(815301076,1909f56bfc062723c751e8b465ee728b) (PreviewImporter) -> (artifact id: 'd3e43f908c892a07aa6687ad8fc4beb3') in 0.0276343 seconds
Number of updated asset objects reloaded before import = 0Number of asset objects unloaded after import = 3

========================================================================
Received Import Request.
  Time since last request: 0.000023 seconds.
  path: Packages/com.unity.2d.animation/Editor/Assets/EditorIcons/Dark/d_Create_Vertex@3x.png
  artifactKey: Guid(501233c9f1da3ef44b4ff7115f564d9b) Importer(815301076,1909f56bfc062723c751e8b465ee728b)
Start importing Packages/com.unity.2d.animation/Editor/Assets/EditorIcons/Dark/d_Create_Vertex@3x.png using Guid(501233c9f1da3ef44b4ff7115f564d9b) Importer(815301076,1909f56bfc062723c751e8b465ee728b) (PreviewImporter) -> (artifact id: 'eba305c54b960d9dacf8fc0905e54124') in 0.0272166 seconds
Number of updated asset objects reloaded before import = 0Number of asset objects unloaded after import = 3

========================================================================
Received Import Request.
  Time since last request: 0.000028 seconds.
  path: Packages/com.unity.render-pipelines.core/Editor/LookDev/Icons/d_Duplicate.png
  artifactKey: Guid(0d692588b1d40e9429620400bd5efe63) Importer(815301076,1909f56bfc062723c751e8b465ee728b)
Start importing Packages/com.unity.render-pipelines.core/Editor/LookDev/Icons/d_Duplicate.png using Guid(0d692588b1d40e9429620400bd5efe63) Importer(815301076,1909f56bfc062723c751e8b465ee728b) (PreviewImporter) -> (artifact id: 'acedfe0aead60cc1cee4dc35d806108b') in 0.0791321 seconds
Number of updated asset objects reloaded before import = 0Number of asset objects unloaded after import = 3

========================================================================
Received Import Request.
  Time since last request: 0.855107 seconds.
  path: Packages/com.unity.2d.animation/Editor/Assets/EditorIcons/Dark/d_Edit_Geometry@2x.png
  artifactKey: Guid(2d2e8c77fdf4f364c83224444f65fb4d) Importer(815301076,1909f56bfc062723c751e8b465ee728b)
Start importing Packages/com.unity.2d.animation/Editor/Assets/EditorIcons/Dark/d_Edit_Geometry@2x.png using Guid(2d2e8c77fdf4f364c83224444f65fb4d) Importer(815301076,1909f56bfc062723c751e8b465ee728b) (PreviewImporter) -> (artifact id: '6106ca6575b1e0e8ba2d6bd4c0611f64') in 0.0801935 seconds
Number of updated asset objects reloaded before import = 0Number of asset objects unloaded after import = 3

========================================================================
Received Import Request.
  Time since last request: 0.000025 seconds.
  path: Packages/com.unity.2d.animation/Editor/Assets/EditorIcons/Dark/d_Edit_Geometry@4x.png
  artifactKey: Guid(7af5f1b9cb7fc7645a9f27f070fbe2fd) Importer(815301076,1909f56bfc062723c751e8b465ee728b)
Start importing Packages/com.unity.2d.animation/Editor/Assets/EditorIcons/Dark/d_Edit_Geometry@4x.png using Guid(7af5f1b9cb7fc7645a9f27f070fbe2fd) Importer(815301076,1909f56bfc062723c751e8b465ee728b) (PreviewImporter) -> (artifact id: 'f5af46d485018aea712fdc35fc3c44ca') in 0.0540748 seconds
Number of updated asset objects reloaded before import = 0Number of asset objects unloaded after import = 3

========================================================================
Received Import Request.
  Time since last request: 0.000023 seconds.
  path: Packages/com.unity.2d.animation/Editor/Assets/EditorIcons/Dark/d_Edit_Joints@3x.png
  artifactKey: Guid(e76bc39dceb8b72439432f8679056c92) Importer(815301076,1909f56bfc062723c751e8b465ee728b)
Start importing Packages/com.unity.2d.animation/Editor/Assets/EditorIcons/Dark/d_Edit_Joints@3x.png using Guid(e76bc39dceb8b72439432f8679056c92) Importer(815301076,1909f56bfc062723c751e8b465ee728b) (PreviewImporter) -> (artifact id: '2ecdf2be63d7ae7dc544f8691f47cade') in 0.0419537 seconds
Number of updated asset objects reloaded before import = 0Number of asset objects unloaded after import = 3

========================================================================
Received Import Request.
  Time since last request: 0.000040 seconds.
  path: Packages/com.unity.2d.animation/Editor/Assets/EditorIcons/Dark/d_Edit_Pose.png
  artifactKey: Guid(7a6cafa65c507e240b7293250b094e10) Importer(815301076,1909f56bfc062723c751e8b465ee728b)
Start importing Packages/com.unity.2d.animation/Editor/Assets/EditorIcons/Dark/d_Edit_Pose.png using Guid(7a6cafa65c507e240b7293250b094e10) Importer(815301076,1909f56bfc062723c751e8b465ee728b) (PreviewImporter) -> (artifact id: 'afaf6bb9592d5dc41bb8aafcb2697844') in 0.0350224 seconds
Number of updated asset objects reloaded before import = 0Number of asset objects unloaded after import = 3

========================================================================
Received Import Request.
  Time since last request: 0.000030 seconds.
  path: Packages/com.unity.2d.animation/Editor/Assets/EditorIcons/Dark/d_Edit_Pose@2x.png
  artifactKey: Guid(5df5eccb22181f040836da1ea19743e8) Importer(815301076,1909f56bfc062723c751e8b465ee728b)
Start importing Packages/com.unity.2d.animation/Editor/Assets/EditorIcons/Dark/d_Edit_Pose@2x.png using Guid(5df5eccb22181f040836da1ea19743e8) Importer(815301076,1909f56bfc062723c751e8b465ee728b) (PreviewImporter) -> (artifact id: 'e1fd7baec7d171a8a7e60ad2e473b4df') in 0.136907 seconds
Number of updated asset objects reloaded before import = 0Number of asset objects unloaded after import = 3

========================================================================
Received Import Request.
  Time since last request: 0.000027 seconds.
  path: Packages/com.unity.2d.tilemap/Editor/Icons/d_EditorUI.Filter.png
  artifactKey: Guid(c33b82aa5373c4e1f8e2d43210c97c45) Importer(815301076,1909f56bfc062723c751e8b465ee728b)
Start importing Packages/com.unity.2d.tilemap/Editor/Icons/d_EditorUI.Filter.png using Guid(c33b82aa5373c4e1f8e2d43210c97c45) Importer(815301076,1909f56bfc062723c751e8b465ee728b) (PreviewImporter) -> (artifact id: '8b55a2c3a4fbcf82fe996baf0fec80b8') in 0.0713831 seconds
Number of updated asset objects reloaded before import = 0Number of asset objects unloaded after import = 3

========================================================================
Received Import Request.
  Time since last request: 0.000035 seconds.
  path: Packages/com.unity.2d.tilemap/Editor/Icons/d_EditorUI.Filter@2x.png
  artifactKey: Guid(24a4dd7831e4a46f593e94273994b42c) Importer(815301076,1909f56bfc062723c751e8b465ee728b)
Start importing Packages/com.unity.2d.tilemap/Editor/Icons/d_EditorUI.Filter@2x.png using Guid(24a4dd7831e4a46f593e94273994b42c) Importer(815301076,1909f56bfc062723c751e8b465ee728b) (PreviewImporter) -> (artifact id: '8bb98b285318223bbe61ff8c5e00cfbb') in 0.046225 seconds
Number of updated asset objects reloaded before import = 0Number of asset objects unloaded after import = 3

========================================================================
Received Import Request.
  Time since last request: 0.114320 seconds.
  path: Packages/com.unity.2d.tilemap/Editor/Icons/d_EditorUI.Target@2x.png
  artifactKey: Guid(efae8c209fe26f541b3d560f2034287d) Importer(815301076,1909f56bfc062723c751e8b465ee728b)
Start importing Packages/com.unity.2d.tilemap/Editor/Icons/d_EditorUI.Target@2x.png using Guid(efae8c209fe26f541b3d560f2034287d) Importer(815301076,1909f56bfc062723c751e8b465ee728b) (PreviewImporter) -> (artifact id: '2c6d711fcfd0219f15702118e041b2fd') in 0.0224149 seconds
Number of updated asset objects reloaded before import = 0Number of asset objects unloaded after import = 3

========================================================================
Received Import Request.
  Time since last request: 0.000027 seconds.
  path: Packages/com.unity.2d.tilemap/Editor/Icons/d_EditorUI.TargetHover.png
  artifactKey: Guid(c130b41d1f572a14793b146add3d6e3f) Importer(815301076,1909f56bfc062723c751e8b465ee728b)
Start importing Packages/com.unity.2d.tilemap/Editor/Icons/d_EditorUI.TargetHover.png using Guid(c130b41d1f572a14793b146add3d6e3f) Importer(815301076,1909f56bfc062723c751e8b465ee728b) (PreviewImporter) -> (artifact id: 'dbb4157be8ace49e24dcaaf36b01c077') in 0.0447633 seconds
Number of updated asset objects reloaded before import = 0Number of asset objects unloaded after import = 3

========================================================================
Received Import Request.
  Time since last request: 0.097258 seconds.
  path: Packages/com.unity.render-pipelines.core/Editor/LookDev/Icons/d_Environment.png
  artifactKey: Guid(98cefb354c00bc44cb31fffd52dc4650) Importer(815301076,1909f56bfc062723c751e8b465ee728b)
Start importing Packages/com.unity.render-pipelines.core/Editor/LookDev/Icons/d_Environment.png using Guid(98cefb354c00bc44cb31fffd52dc4650) Importer(815301076,1909f56bfc062723c751e8b465ee728b) (PreviewImporter) -> (artifact id: '45acb6b4f66c6aefd9f987daad4aa1d1') in 0.0906277 seconds
Number of updated asset objects reloaded before import = 0Number of asset objects unloaded after import = 3

========================================================================
Received Import Request.
  Time since last request: 0.000032 seconds.
  path: Packages/com.unity.2d.animation/Editor/Assets/ComponentIcons/d_ErrorIcon_Small.png
  artifactKey: Guid(5cc9ffa0f39d24f5ebb62d36675dd296) Importer(815301076,1909f56bfc062723c751e8b465ee728b)
Start importing Packages/com.unity.2d.animation/Editor/Assets/ComponentIcons/d_ErrorIcon_Small.png using Guid(5cc9ffa0f39d24f5ebb62d36675dd296) Importer(815301076,1909f56bfc062723c751e8b465ee728b) (PreviewImporter) -> (artifact id: 'd09719b1365e62bb12f672e0b31da66a') in 0.0561246 seconds
Number of updated asset objects reloaded before import = 0Number of asset objects unloaded after import = 3

========================================================================
Received Import Request.
  Time since last request: 0.000039 seconds.
  path: Packages/com.unity.2d.animation/Editor/Assets/ComponentIcons/d_ErrorIcon_Small@2x.png
  artifactKey: Guid(11e6f279ade864c6d951e8db74c11b54) Importer(815301076,1909f56bfc062723c751e8b465ee728b)
Start importing Packages/com.unity.2d.animation/Editor/Assets/ComponentIcons/d_ErrorIcon_Small@2x.png using Guid(11e6f279ade864c6d951e8db74c11b54) Importer(815301076,1909f56bfc062723c751e8b465ee728b) (PreviewImporter) -> (artifact id: '950fdacdda5339c312af23b7ee2b12b6') in 0.0330321 seconds
Number of updated asset objects reloaded before import = 0Number of asset objects unloaded after import = 3

========================================================================
Received Import Request.
  Time since last request: 0.481701 seconds.
  path: Packages/com.unity.2d.tilemap.extras/Editor/Brushes/GameObjectBrush/d_GameObjectBrush@2x.png
  artifactKey: Guid(682d09f2707a84283a24884f2ec0e963) Importer(815301076,1909f56bfc062723c751e8b465ee728b)
Start importing Packages/com.unity.2d.tilemap.extras/Editor/Brushes/GameObjectBrush/d_GameObjectBrush@2x.png using Guid(682d09f2707a84283a24884f2ec0e963) Importer(815301076,1909f56bfc062723c751e8b465ee728b) (PreviewImporter) -> (artifact id: '5564090f7af0efbba4a73c4af8938158') in 0.0224671 seconds
Number of updated asset objects reloaded before import = 0Number of asset objects unloaded after import = 3

========================================================================
Received Import Request.
  Time since last request: 0.000065 seconds.
  path: Packages/com.unity.2d.animation/Editor/Assets/EditorIcons/Dark/d_Generate_Geometry.png
  artifactKey: Guid(bba3ad14ed4c2d64fbd090a846ffaaea) Importer(815301076,1909f56bfc062723c751e8b465ee728b)
Start importing Packages/com.unity.2d.animation/Editor/Assets/EditorIcons/Dark/d_Generate_Geometry.png using Guid(bba3ad14ed4c2d64fbd090a846ffaaea) Importer(815301076,1909f56bfc062723c751e8b465ee728b) (PreviewImporter) -> (artifact id: '8d5d2e68aa40027946c55007da6bb7e1') in 0.0646126 seconds
Number of updated asset objects reloaded before import = 0Number of asset objects unloaded after import = 3

========================================================================
Received Import Request.
  Time since last request: 0.000044 seconds.
  path: Packages/com.unity.2d.animation/Editor/Assets/EditorIcons/Dark/d_Generate_Geometry@3x.png
  artifactKey: Guid(d0c7c8e72b5fcf84e9478a13bd449ae6) Importer(815301076,1909f56bfc062723c751e8b465ee728b)
Start importing Packages/com.unity.2d.animation/Editor/Assets/EditorIcons/Dark/d_Generate_Geometry@3x.png using Guid(d0c7c8e72b5fcf84e9478a13bd449ae6) Importer(815301076,1909f56bfc062723c751e8b465ee728b) (PreviewImporter) -> (artifact id: '0237d921a558c3aa6477d6eb361a923b') in 0.0536592 seconds
Number of updated asset objects reloaded before import = 0Number of asset objects unloaded after import = 3

========================================================================
Received Import Request.
  Time since last request: 0.000025 seconds.
  path: Packages/com.unity.2d.animation/Editor/Assets/EditorIcons/Dark/d_Generate_Weights.png
  artifactKey: Guid(05c5f13370d29414b9489151a4f5c666) Importer(815301076,1909f56bfc062723c751e8b465ee728b)
Start importing Packages/com.unity.2d.animation/Editor/Assets/EditorIcons/Dark/d_Generate_Weights.png using Guid(05c5f13370d29414b9489151a4f5c666) Importer(815301076,1909f56bfc062723c751e8b465ee728b) (PreviewImporter) -> (artifact id: 'ac78979f64221638544e9b0c974be708') in 0.0323577 seconds
Number of updated asset objects reloaded before import = 0Number of asset objects unloaded after import = 3

========================================================================
Received Import Request.
  Time since last request: 0.617010 seconds.
  path: Packages/com.unity.2d.animation/Editor/Assets/EditorIcons/Dark/d_Generate_Weights@3x.png
  artifactKey: Guid(d0e92ddf428f3da4abe78b8ef60e2a84) Importer(815301076,1909f56bfc062723c751e8b465ee728b)
Start importing Packages/com.unity.2d.animation/Editor/Assets/EditorIcons/Dark/d_Generate_Weights@3x.png using Guid(d0e92ddf428f3da4abe78b8ef60e2a84) Importer(815301076,1909f56bfc062723c751e8b465ee728b) (PreviewImporter) -> (artifact id: 'dbe0f99e16007ff32cdc0f2b4390dd2b') in 0.0450492 seconds
Number of updated asset objects reloaded before import = 0Number of asset objects unloaded after import = 3

========================================================================
Received Import Request.
  Time since last request: 0.000057 seconds.
  path: Packages/com.unity.2d.animation/Editor/Assets/EditorIcons/Dark/d_Generate_Weights@4x.png
  artifactKey: Guid(8e88614a5d2aead4998a8c70955662c6) Importer(815301076,1909f56bfc062723c751e8b465ee728b)
Start importing Packages/com.unity.2d.animation/Editor/Assets/EditorIcons/Dark/d_Generate_Weights@4x.png using Guid(8e88614a5d2aead4998a8c70955662c6) Importer(815301076,1909f56bfc062723c751e8b465ee728b) (PreviewImporter) -> (artifact id: '98171f59b83d3e358c9a0018b4932e67') in 0.055597 seconds
Number of updated asset objects reloaded before import = 0Number of asset objects unloaded after import = 3

========================================================================
Received Import Request.
  Time since last request: 0.000044 seconds.
  path: Packages/com.unity.2d.tilemap/Editor/Icons/d_Grid.FlipY.png
  artifactKey: Guid(0219184e13f92e94896b4df6846db652) Importer(815301076,1909f56bfc062723c751e8b465ee728b)
Start importing Packages/com.unity.2d.tilemap/Editor/Icons/d_Grid.FlipY.png using Guid(0219184e13f92e94896b4df6846db652) Importer(815301076,1909f56bfc062723c751e8b465ee728b) (PreviewImporter) -> (artifact id: '126df82bb230863c42e6dce1e954e6c2') in 0.0337487 seconds
Number of updated asset objects reloaded before import = 0Number of asset objects unloaded after import = 3

========================================================================
Received Import Request.
  Time since last request: 0.000029 seconds.
  path: Packages/com.unity.2d.tilemap/Editor/Icons/d_Grid.FlipX.png
  artifactKey: Guid(238833eb2176e7d429d5020dc9232155) Importer(815301076,1909f56bfc062723c751e8b465ee728b)
Start importing Packages/com.unity.2d.tilemap/Editor/Icons/d_Grid.FlipX.png using Guid(238833eb2176e7d429d5020dc9232155) Importer(815301076,1909f56bfc062723c751e8b465ee728b) (PreviewImporter) -> (artifact id: '9040824354c9fcbb75377ed6ae189163') in 0.0729369 seconds
Number of updated asset objects reloaded before import = 0Number of asset objects unloaded after import = 3

========================================================================
Received Import Request.
  Time since last request: 0.399487 seconds.
  path: Packages/com.unity.2d.tilemap/Editor/Icons/d_Grid.RotateACW.png
  artifactKey: Guid(53da314bfe3845741ad14976e09ee6cf) Importer(815301076,1909f56bfc062723c751e8b465ee728b)
Start importing Packages/com.unity.2d.tilemap/Editor/Icons/d_Grid.RotateACW.png using Guid(53da314bfe3845741ad14976e09ee6cf) Importer(815301076,1909f56bfc062723c751e8b465ee728b) (PreviewImporter) -> (artifact id: '57a63af9f86feefca15b174288143f34') in 0.0444794 seconds
Number of updated asset objects reloaded before import = 0Number of asset objects unloaded after import = 3

========================================================================
Received Import Request.
  Time since last request: 0.000057 seconds.
  path: Packages/com.unity.2d.tilemap/Editor/Icons/d_Grid.RotateCW.png
  artifactKey: Guid(66bb00887f3170c4a95b989d392049ec) Importer(815301076,1909f56bfc062723c751e8b465ee728b)
Start importing Packages/com.unity.2d.tilemap/Editor/Icons/d_Grid.RotateCW.png using Guid(66bb00887f3170c4a95b989d392049ec) Importer(815301076,1909f56bfc062723c751e8b465ee728b) (PreviewImporter) -> (artifact id: '5f9c215aa99ec8c526baa02f42b622f4') in 0.0247269 seconds
Number of updated asset objects reloaded before import = 0Number of asset objects unloaded after import = 3

========================================================================
Received Import Request.
  Time since last request: 0.000035 seconds.
  path: Packages/com.unity.2d.tilemap.extras/Editor/Brushes/GroupBrush/d_GroupBrush.png
  artifactKey: Guid(b5650d2786c7443fe80be179cf75a907) Importer(815301076,1909f56bfc062723c751e8b465ee728b)
Start importing Packages/com.unity.2d.tilemap.extras/Editor/Brushes/GroupBrush/d_GroupBrush.png using Guid(b5650d2786c7443fe80be179cf75a907) Importer(815301076,1909f56bfc062723c751e8b465ee728b) (PreviewImporter) -> (artifact id: '2cfce5aae260a6bf86630c80a28be049') in 0.0411888 seconds
Number of updated asset objects reloaded before import = 0Number of asset objects unloaded after import = 3

========================================================================
Received Import Request.
  Time since last request: 0.000018 seconds.
  path: Packages/com.unity.2d.tilemap.extras/Editor/Brushes/GroupBrush/d_GroupBrush@4x.png
  artifactKey: Guid(1102d00ccb3a943ccb7fb03cbf96e4c9) Importer(815301076,1909f56bfc062723c751e8b465ee728b)
Start importing Packages/com.unity.2d.tilemap.extras/Editor/Brushes/GroupBrush/d_GroupBrush@4x.png using Guid(1102d00ccb3a943ccb7fb03cbf96e4c9) Importer(815301076,1909f56bfc062723c751e8b465ee728b) (PreviewImporter) -> (artifact id: '67e642050010f00057c578e63df93edf') in 0.0245481 seconds
Number of updated asset objects reloaded before import = 0Number of asset objects unloaded after import = 3

========================================================================
Received Import Request.
  Time since last request: 0.000028 seconds.
  path: Packages/com.unity.collab-proxy/Editor/Assets/Images/d_iconbranch@2x.png
  artifactKey: Guid(267a89f787a621e4290fbff7a5442750) Importer(815301076,1909f56bfc062723c751e8b465ee728b)
Start importing Packages/com.unity.collab-proxy/Editor/Assets/Images/d_iconbranch@2x.png using Guid(267a89f787a621e4290fbff7a5442750) Importer(815301076,1909f56bfc062723c751e8b465ee728b) (PreviewImporter) -> (artifact id: '88379e0f709b5e338daf657b239906a8') in 0.0955456 seconds
Number of updated asset objects reloaded before import = 0Number of asset objects unloaded after import = 3

========================================================================
Received Import Request.
  Time since last request: 0.000035 seconds.
  path: Packages/com.unity.collab-proxy/Editor/Assets/Images/d_iconbrex@2x.png
  artifactKey: Guid(9b76c79563c3a274aa48b0dbdf009693) Importer(815301076,1909f56bfc062723c751e8b465ee728b)
Start importing Packages/com.unity.collab-proxy/Editor/Assets/Images/d_iconbrex@2x.png using Guid(9b76c79563c3a274aa48b0dbdf009693) Importer(815301076,1909f56bfc062723c751e8b465ee728b) (PreviewImporter) -> (artifact id: '93ac29062e05e0d7b5247488d17ace6a') in 0.0350401 seconds
Number of updated asset objects reloaded before import = 0Number of asset objects unloaded after import = 3

========================================================================
Received Import Request.
  Time since last request: 0.116584 seconds.
  path: Packages/com.unity.collab-proxy/Editor/Assets/Images/d_iconclipboard@2x.png
  artifactKey: Guid(c115023c6a2060d4da6a7684bd40c5c0) Importer(815301076,1909f56bfc062723c751e8b465ee728b)
Start importing Packages/com.unity.collab-proxy/Editor/Assets/Images/d_iconclipboard@2x.png using Guid(c115023c6a2060d4da6a7684bd40c5c0) Importer(815301076,1909f56bfc062723c751e8b465ee728b) (PreviewImporter) -> (artifact id: 'e1b44aa4b65fbd4efc17c6844d2dc64f') in 0.0523557 seconds
Number of updated asset objects reloaded before import = 0Number of asset objects unloaded after import = 3

========================================================================
Received Import Request.
  Time since last request: 0.000027 seconds.
  path: Packages/com.unity.collab-proxy/Editor/Assets/Images/d_iconinfobellnotification.png
  artifactKey: Guid(f38e832edef3ab648bcc2ab5dfa2906d) Importer(815301076,1909f56bfc062723c751e8b465ee728b)
Start importing Packages/com.unity.collab-proxy/Editor/Assets/Images/d_iconinfobellnotification.png using Guid(f38e832edef3ab648bcc2ab5dfa2906d) Importer(815301076,1909f56bfc062723c751e8b465ee728b) (PreviewImporter) -> (artifact id: '47138990d53ed27ba8fe2d48f872212a') in 0.0557315 seconds
Number of updated asset objects reloaded before import = 0Number of asset objects unloaded after import = 3

========================================================================
Received Import Request.
  Time since last request: 0.000040 seconds.
  path: Packages/com.unity.collab-proxy/Editor/Assets/Images/d_iconinviteusers@2x.png
  artifactKey: Guid(2b9bf8ec5d54fe249ac9e20979ccd42c) Importer(815301076,1909f56bfc062723c751e8b465ee728b)
Start importing Packages/com.unity.collab-proxy/Editor/Assets/Images/d_iconinviteusers@2x.png using Guid(2b9bf8ec5d54fe249ac9e20979ccd42c) Importer(815301076,1909f56bfc062723c751e8b465ee728b) (PreviewImporter) -> (artifact id: '0e869c2fd3375b976e743e392f908b88') in 0.0306619 seconds
Number of updated asset objects reloaded before import = 0Number of asset objects unloaded after import = 3

========================================================================
Received Import Request.
  Time since last request: 0.000034 seconds.
  path: Packages/com.unity.collab-proxy/Editor/Assets/Images/d_iconretainedoverlay@2x.png
  artifactKey: Guid(c34cd61ed96ff9a40a54e159467c5155) Importer(815301076,1909f56bfc062723c751e8b465ee728b)
Start importing Packages/com.unity.collab-proxy/Editor/Assets/Images/d_iconretainedoverlay@2x.png using Guid(c34cd61ed96ff9a40a54e159467c5155) Importer(815301076,1909f56bfc062723c751e8b465ee728b) (PreviewImporter) -> (artifact id: 'cae2525cfecab415ef8a7a1ea5b47ef0') in 0.0880362 seconds
Number of updated asset objects reloaded before import = 0Number of asset objects unloaded after import = 3

========================================================================
Received Import Request.
  Time since last request: 0.000025 seconds.
  path: Packages/com.unity.collab-proxy/Editor/Assets/Images/d_iconshelve@2x.png
  artifactKey: Guid(9264df9de832d7f4bb90a1d0c31d8343) Importer(815301076,1909f56bfc062723c751e8b465ee728b)
Start importing Packages/com.unity.collab-proxy/Editor/Assets/Images/d_iconshelve@2x.png using Guid(9264df9de832d7f4bb90a1d0c31d8343) Importer(815301076,1909f56bfc062723c751e8b465ee728b) (PreviewImporter) -> (artifact id: '1f22c4cc6dc27e92131c5fefe8f68c5b') in 0.0294282 seconds
Number of updated asset objects reloaded before import = 0Number of asset objects unloaded after import = 3

========================================================================
Received Import Request.
  Time since last request: 0.000028 seconds.
  path: Packages/com.unity.collab-proxy/Editor/Assets/Images/d_iconlock.png
  artifactKey: Guid(f7adc828ed70a485db62c459bdf09525) Importer(815301076,1909f56bfc062723c751e8b465ee728b)
Start importing Packages/com.unity.collab-proxy/Editor/Assets/Images/d_iconlock.png using Guid(f7adc828ed70a485db62c459bdf09525) Importer(815301076,1909f56bfc062723c751e8b465ee728b) (PreviewImporter) -> (artifact id: 'edbf904ff2fd78d93ccd6b07d31be080') in 0.0278936 seconds
Number of updated asset objects reloaded before import = 0Number of asset objects unloaded after import = 3

========================================================================
Received Import Request.
  Time since last request: 0.130854 seconds.
  path: Packages/com.unity.render-pipelines.core/Editor/LookDev/Icons/d_Layout2.png
  artifactKey: Guid(98b5b3e7c51d32547b9b09232034b5d5) Importer(815301076,1909f56bfc062723c751e8b465ee728b)
Start importing Packages/com.unity.render-pipelines.core/Editor/LookDev/Icons/d_Layout2.png using Guid(98b5b3e7c51d32547b9b09232034b5d5) Importer(815301076,1909f56bfc062723c751e8b465ee728b) (PreviewImporter) -> (artifact id: 'ceb47b1e75892c1680b97b8df0d55be0') in 0.0211594 seconds
Number of updated asset objects reloaded before import = 0Number of asset objects unloaded after import = 3

========================================================================
Received Import Request.
  Time since last request: 0.000029 seconds.
  path: Packages/com.unity.render-pipelines.core/Editor/LookDev/Icons/d_LayoutCustom.png
  artifactKey: Guid(8c3a606a4a147a34c952b98bf038c662) Importer(815301076,1909f56bfc062723c751e8b465ee728b)
Start importing Packages/com.unity.render-pipelines.core/Editor/LookDev/Icons/d_LayoutCustom.png using Guid(8c3a606a4a147a34c952b98bf038c662) Importer(815301076,1909f56bfc062723c751e8b465ee728b) (PreviewImporter) -> (artifact id: '1ae98ff92637e1fdd526a9dc11ee675d') in 0.0662199 seconds
Number of updated asset objects reloaded before import = 0Number of asset objects unloaded after import = 3

========================================================================
Received Import Request.
  Time since last request: 0.036056 seconds.
  path: Packages/com.unity.render-pipelines.core/Editor/LookDev/Icons/d_LayoutHorizontal.png
  artifactKey: Guid(83cbec96661199e408a744d4c3e586e2) Importer(815301076,1909f56bfc062723c751e8b465ee728b)
Start importing Packages/com.unity.render-pipelines.core/Editor/LookDev/Icons/d_LayoutHorizontal.png using Guid(83cbec96661199e408a744d4c3e586e2) Importer(815301076,1909f56bfc062723c751e8b465ee728b) (PreviewImporter) -> (artifact id: '2704655da467a5d3c46faf7c9163defb') in 0.0247976 seconds
Number of updated asset objects reloaded before import = 0Number of asset objects unloaded after import = 3

========================================================================
Received Import Request.
  Time since last request: 0.000026 seconds.
  path: Packages/com.unity.render-pipelines.core/Editor/LookDev/Icons/d_LayoutVertical.png
  artifactKey: Guid(02c3588c32f640d47bb70ee3fa774fce) Importer(815301076,1909f56bfc062723c751e8b465ee728b)
Start importing Packages/com.unity.render-pipelines.core/Editor/LookDev/Icons/d_LayoutVertical.png using Guid(02c3588c32f640d47bb70ee3fa774fce) Importer(815301076,1909f56bfc062723c751e8b465ee728b) (PreviewImporter) -> (artifact id: 'e0a98ebe172a2a0990ce10b267d1dae0') in 0.0254663 seconds
Number of updated asset objects reloaded before import = 0Number of asset objects unloaded after import = 3

========================================================================
Received Import Request.
  Time since last request: 0.044555 seconds.
  path: Packages/com.unity.render-pipelines.core/Editor/LookDev/Icons/d_LeftArrow.png
  artifactKey: Guid(84189b4c7caeef3419b6b031b8812685) Importer(815301076,1909f56bfc062723c751e8b465ee728b)
Start importing Packages/com.unity.render-pipelines.core/Editor/LookDev/Icons/d_LeftArrow.png using Guid(84189b4c7caeef3419b6b031b8812685) Importer(815301076,1909f56bfc062723c751e8b465ee728b) (PreviewImporter) -> (artifact id: 'e9ea3e242f9917f57b6b035ac50b17e4') in 0.0707675 seconds
Number of updated asset objects reloaded before import = 0Number of asset objects unloaded after import = 3

========================================================================
Received Import Request.
  Time since last request: 0.000019 seconds.
  path: Packages/com.unity.2d.tilemap.extras/Editor/Brushes/LineBrush/d_LineBrush.png
  artifactKey: Guid(3533393d67b7f45f8a9ca927bdd0d47f) Importer(815301076,1909f56bfc062723c751e8b465ee728b)
Start importing Packages/com.unity.2d.tilemap.extras/Editor/Brushes/LineBrush/d_LineBrush.png using Guid(3533393d67b7f45f8a9ca927bdd0d47f) Importer(815301076,1909f56bfc062723c751e8b465ee728b) (PreviewImporter) -> (artifact id: '6b9ba6595245d343544e0c52494b374b') in 0.0517821 seconds
Number of updated asset objects reloaded before import = 0Number of asset objects unloaded after import = 3

========================================================================
Received Import Request.
  Time since last request: 0.083073 seconds.
  path: Packages/com.unity.2d.tilemap.extras/Editor/Brushes/LineBrush/d_LineBrush@4x.png
  artifactKey: Guid(0fe20938402424ba6bc9ee476ff7514e) Importer(815301076,1909f56bfc062723c751e8b465ee728b)
Start importing Packages/com.unity.2d.tilemap.extras/Editor/Brushes/LineBrush/d_LineBrush@4x.png using Guid(0fe20938402424ba6bc9ee476ff7514e) Importer(815301076,1909f56bfc062723c751e8b465ee728b) (PreviewImporter) -> (artifact id: 'ac3129ff9b4ad8f575aa34d84331f3e4') in 0.0358031 seconds
Number of updated asset objects reloaded before import = 0Number of asset objects unloaded after import = 3

========================================================================
Received Import Request.
  Time since last request: 0.053121 seconds.
  path: Packages/com.unity.render-pipelines.core/Editor/LookDev/Icons/d_LookDev.png
  artifactKey: Guid(0615fe8910911be4299d5604a54db99a) Importer(815301076,1909f56bfc062723c751e8b465ee728b)
Start importing Packages/com.unity.render-pipelines.core/Editor/LookDev/Icons/d_LookDev.png using Guid(0615fe8910911be4299d5604a54db99a) Importer(815301076,1909f56bfc062723c751e8b465ee728b) (PreviewImporter) -> (artifact id: '60a8d5ba8ce28753d8708218e2f20d31') in 0.0358702 seconds
Number of updated asset objects reloaded before import = 0Number of asset objects unloaded after import = 3

========================================================================
Received Import Request.
  Time since last request: 0.035158 seconds.
  path: Packages/com.unity.2d.animation/Editor/Assets/EditorIcons/Selected/d_Mesh.png
  artifactKey: Guid(1f9ef263156323d4dbaab5a1b41a61e6) Importer(815301076,1909f56bfc062723c751e8b465ee728b)
Start importing Packages/com.unity.2d.animation/Editor/Assets/EditorIcons/Selected/d_Mesh.png using Guid(1f9ef263156323d4dbaab5a1b41a61e6) Importer(815301076,1909f56bfc062723c751e8b465ee728b) (PreviewImporter) -> (artifact id: '36dc98d5c7adb0542d170d685a47dfa4') in 0.095345 seconds
Number of updated asset objects reloaded before import = 0Number of asset objects unloaded after import = 3

========================================================================
Received Import Request.
  Time since last request: 0.589819 seconds.
  path: Packages/com.unity.2d.animation/Editor/Assets/EditorIcons/Selected/d_Mesh@2x.png
  artifactKey: Guid(a14979d2b0467b14abf4467f248460fb) Importer(815301076,1909f56bfc062723c751e8b465ee728b)
Start importing Packages/com.unity.2d.animation/Editor/Assets/EditorIcons/Selected/d_Mesh@2x.png using Guid(a14979d2b0467b14abf4467f248460fb) Importer(815301076,1909f56bfc062723c751e8b465ee728b) (PreviewImporter) -> (artifact id: 'd06865130732bd2bad57528cf0e6ce72') in 0.0446034 seconds
Number of updated asset objects reloaded before import = 0Number of asset objects unloaded after import = 3

========================================================================
Received Import Request.
  Time since last request: 0.000027 seconds.
  path: Packages/com.unity.2d.animation/Editor/Assets/EditorIcons/Dark/d_Mesh@3x.png
  artifactKey: Guid(7a1683154a74c9d4e9f993bd6c54f947) Importer(815301076,1909f56bfc062723c751e8b465ee728b)
Start importing Packages/com.unity.2d.animation/Editor/Assets/EditorIcons/Dark/d_Mesh@3x.png using Guid(7a1683154a74c9d4e9f993bd6c54f947) Importer(815301076,1909f56bfc062723c751e8b465ee728b) (PreviewImporter) -> (artifact id: '1a1e34fe5e731f57ce65c0fe08aed240') in 0.0352092 seconds
Number of updated asset objects reloaded before import = 0Number of asset objects unloaded after import = 3

========================================================================
Received Import Request.
  Time since last request: 0.000090 seconds.
  path: Packages/com.unity.2d.animation/Editor/Assets/EditorIcons/Selected/d_Mesh@4x.png
  artifactKey: Guid(2b4752bce841cc74bb73820ce5212d34) Importer(815301076,1909f56bfc062723c751e8b465ee728b)
Start importing Packages/com.unity.2d.animation/Editor/Assets/EditorIcons/Selected/d_Mesh@4x.png using Guid(2b4752bce841cc74bb73820ce5212d34) Importer(815301076,1909f56bfc062723c751e8b465ee728b) (PreviewImporter) -> (artifact id: '3faa9db13c1c90c6198dc24dd02b88d0') in 0.0489136 seconds
Number of updated asset objects reloaded before import = 0Number of asset objects unloaded after import = 3

========================================================================
Received Import Request.
  Time since last request: 0.000043 seconds.
  path: Packages/com.unity.render-pipelines.core/Editor/Icons/RenderGraphViewer/d_MultipleUsage.png
  artifactKey: Guid(60e80b0fa23ea904b92263803d64319c) Importer(815301076,1909f56bfc062723c751e8b465ee728b)
Start importing Packages/com.unity.render-pipelines.core/Editor/Icons/RenderGraphViewer/d_MultipleUsage.png using Guid(60e80b0fa23ea904b92263803d64319c) Importer(815301076,1909f56bfc062723c751e8b465ee728b) (PreviewImporter) -> (artifact id: 'f516ad1881d009c196f5e1624c5c15a3') in 0.0453946 seconds
Number of updated asset objects reloaded before import = 0Number of asset objects unloaded after import = 3

========================================================================
Received Import Request.
  Time since last request: 0.356865 seconds.
  path: Packages/com.unity.2d.animation/Editor/Assets/EditorIcons/Dark/d_Parent_Bone@3x.png
  artifactKey: Guid(ebda3a880d7c2f14999e6ef07ebbd37d) Importer(815301076,1909f56bfc062723c751e8b465ee728b)
Start importing Packages/com.unity.2d.animation/Editor/Assets/EditorIcons/Dark/d_Parent_Bone@3x.png using Guid(ebda3a880d7c2f14999e6ef07ebbd37d) Importer(815301076,1909f56bfc062723c751e8b465ee728b) (PreviewImporter) -> (artifact id: '1c90b15842ffa50091b62448b268dee6') in 0.0477287 seconds
Number of updated asset objects reloaded before import = 0Number of asset objects unloaded after import = 3

========================================================================
Received Import Request.
  Time since last request: 0.000023 seconds.
  path: Packages/com.unity.2d.animation/Editor/Assets/EditorIcons/Dark/d_Paste.png
  artifactKey: Guid(7e00d2a7fc6d13b49bacb9663abfa3ae) Importer(815301076,1909f56bfc062723c751e8b465ee728b)
Start importing Packages/com.unity.2d.animation/Editor/Assets/EditorIcons/Dark/d_Paste.png using Guid(7e00d2a7fc6d13b49bacb9663abfa3ae) Importer(815301076,1909f56bfc062723c751e8b465ee728b) (PreviewImporter) -> (artifact id: 'a975c996d74a329fc01839fb79e59eae') in 0.0212765 seconds
Number of updated asset objects reloaded before import = 0Number of asset objects unloaded after import = 3

========================================================================
Received Import Request.
  Time since last request: 0.000029 seconds.
  path: Packages/com.unity.2d.animation/Editor/Assets/EditorIcons/Dark/d_Paste@3x.png
  artifactKey: Guid(a130d12452aa0484da530281c362fc8b) Importer(815301076,1909f56bfc062723c751e8b465ee728b)
Start importing Packages/com.unity.2d.animation/Editor/Assets/EditorIcons/Dark/d_Paste@3x.png using Guid(a130d12452aa0484da530281c362fc8b) Importer(815301076,1909f56bfc062723c751e8b465ee728b) (PreviewImporter) -> (artifact id: '32ce3e92e644987274424f17c425fffe') in 0.0473833 seconds
Number of updated asset objects reloaded before import = 0Number of asset objects unloaded after import = 3

========================================================================
Received Import Request.
  Time since last request: 0.000022 seconds.
  path: Packages/com.unity.2d.tilemap.extras/Editor/Brushes/RandomBrush/d_RandomBrush.png
  artifactKey: Guid(441bdab385c714051a00808c9bfc1766) Importer(815301076,1909f56bfc062723c751e8b465ee728b)
Start importing Packages/com.unity.2d.tilemap.extras/Editor/Brushes/RandomBrush/d_RandomBrush.png using Guid(441bdab385c714051a00808c9bfc1766) Importer(815301076,1909f56bfc062723c751e8b465ee728b) (PreviewImporter) -> (artifact id: 'ad14d136e2e2523b9408bd3fe7faaaf9') in 0.0323075 seconds
Number of updated asset objects reloaded before import = 0Number of asset objects unloaded after import = 3

========================================================================
Received Import Request.
  Time since last request: 0.220856 seconds.
  path: Packages/com.unity.2d.tilemap.extras/Editor/Brushes/RandomBrush/d_RandomBrush@4x.png
  artifactKey: Guid(56f61a79c270140abaf437ddccf9e4ca) Importer(815301076,1909f56bfc062723c751e8b465ee728b)
Start importing Packages/com.unity.2d.tilemap.extras/Editor/Brushes/RandomBrush/d_RandomBrush@4x.png using Guid(56f61a79c270140abaf437ddccf9e4ca) Importer(815301076,1909f56bfc062723c751e8b465ee728b) (PreviewImporter) -> (artifact id: '06d05c5f9e7934f32cd5179189731f0a') in 0.0297126 seconds
Number of updated asset objects reloaded before import = 0Number of asset objects unloaded after import = 3

========================================================================
Received Import Request.
  Time since last request: 0.000030 seconds.
  path: Packages/com.unity.render-pipelines.core/Editor/LookDev/Icons/d_Remove@2x.png
  artifactKey: Guid(cc27e95868ab32345b74b8338c01ebed) Importer(815301076,1909f56bfc062723c751e8b465ee728b)
Start importing Packages/com.unity.render-pipelines.core/Editor/LookDev/Icons/d_Remove@2x.png using Guid(cc27e95868ab32345b74b8338c01ebed) Importer(815301076,1909f56bfc062723c751e8b465ee728b) (PreviewImporter) -> (artifact id: '4d0d423b3d0e8b4b36e87a4495b6a960') in 0.0247824 seconds
Number of updated asset objects reloaded before import = 0Number of asset objects unloaded after import = 3

========================================================================
Received Import Request.
  Time since last request: 0.000034 seconds.
  path: Packages/com.unity.render-pipelines.core/Editor/LookDev/Icons/d_RenderDoc@2x.png
  artifactKey: Guid(9c63b51755ec8c845b857cc73a35d606) Importer(815301076,1909f56bfc062723c751e8b465ee728b)
Start importing Packages/com.unity.render-pipelines.core/Editor/LookDev/Icons/d_RenderDoc@2x.png using Guid(9c63b51755ec8c845b857cc73a35d606) Importer(815301076,1909f56bfc062723c751e8b465ee728b) (PreviewImporter) -> (artifact id: 'c73c0f3356cb6a4f20a552bec94a2e0c') in 0.0371947 seconds
Number of updated asset objects reloaded before import = 0Number of asset objects unloaded after import = 3

========================================================================
Received Import Request.
  Time since last request: 0.000041 seconds.
  path: Packages/com.unity.render-pipelines.core/Editor/LookDev/Icons/d_RightArrow@2x.png
  artifactKey: Guid(28d47cbaafc98254f8d4f6184dff22cd) Importer(815301076,1909f56bfc062723c751e8b465ee728b)
Start importing Packages/com.unity.render-pipelines.core/Editor/LookDev/Icons/d_RightArrow@2x.png using Guid(28d47cbaafc98254f8d4f6184dff22cd) Importer(815301076,1909f56bfc062723c751e8b465ee728b) (PreviewImporter) -> (artifact id: '4bb3f2b6f9893699624b5b9b7a2e394a') in 0.0224632 seconds
Number of updated asset objects reloaded before import = 0Number of asset objects unloaded after import = 3

========================================================================
Received Import Request.
  Time since last request: 0.000039 seconds.
  path: Packages/com.unity.render-pipelines.core/Editor/LookDev/Icons/d_Rotation.png
  artifactKey: Guid(abc6ce87642c5c1478a4b107d1c5688a) Importer(815301076,1909f56bfc062723c751e8b465ee728b)
Start importing Packages/com.unity.render-pipelines.core/Editor/LookDev/Icons/d_Rotation.png using Guid(abc6ce87642c5c1478a4b107d1c5688a) Importer(815301076,1909f56bfc062723c751e8b465ee728b) (PreviewImporter) -> (artifact id: 'bfddd1a46dd47dd2b327b446c513b991') in 0.0386145 seconds
Number of updated asset objects reloaded before import = 0Number of asset objects unloaded after import = 3

========================================================================
Received Import Request.
  Time since last request: 0.000032 seconds.
  path: Packages/com.unity.render-pipelines.core/Editor/LookDev/Icons/d_Rotation@2x.png
  artifactKey: Guid(db7aaa162a1a5a54b826d15b5b20fb06) Importer(815301076,1909f56bfc062723c751e8b465ee728b)
Start importing Packages/com.unity.render-pipelines.core/Editor/LookDev/Icons/d_Rotation@2x.png using Guid(db7aaa162a1a5a54b826d15b5b20fb06) Importer(815301076,1909f56bfc062723c751e8b465ee728b) (PreviewImporter) -> (artifact id: 'b52e1262206c23f8f7d1d81d9b40ba20') in 0.0794371 seconds
Number of updated asset objects reloaded before import = 0Number of asset objects unloaded after import = 3

========================================================================
Received Import Request.
  Time since last request: 0.000060 seconds.
  path: Packages/com.unity.2d.animation/Editor/Assets/EditorIcons/Dark/d_SetPivot32.png
  artifactKey: Guid(449ceb998ff49400da801fc4d707b896) Importer(815301076,1909f56bfc062723c751e8b465ee728b)
Start importing Packages/com.unity.2d.animation/Editor/Assets/EditorIcons/Dark/d_SetPivot32.png using Guid(449ceb998ff49400da801fc4d707b896) Importer(815301076,1909f56bfc062723c751e8b465ee728b) (PreviewImporter) -> (artifact id: '1d5c89196771e892745efdf242e9deab') in 0.0368693 seconds
Number of updated asset objects reloaded before import = 0Number of asset objects unloaded after import = 3

========================================================================
Received Import Request.
  Time since last request: 0.000022 seconds.
  path: Packages/com.unity.2d.animation/Editor/Assets/EditorIcons/Dark/d_SetPivot16.png
  artifactKey: Guid(30fd2fefe692f4f9db682596d88c3039) Importer(815301076,1909f56bfc062723c751e8b465ee728b)
Start importing Packages/com.unity.2d.animation/Editor/Assets/EditorIcons/Dark/d_SetPivot16.png using Guid(30fd2fefe692f4f9db682596d88c3039) Importer(815301076,1909f56bfc062723c751e8b465ee728b) (PreviewImporter) -> (artifact id: 'b909b4e020c657cb3777232a9b2c482d') in 0.0323558 seconds
Number of updated asset objects reloaded before import = 0Number of asset objects unloaded after import = 3

========================================================================
Received Import Request.
  Time since last request: 0.000049 seconds.
  path: Packages/com.unity.2d.animation/Editor/Assets/EditorIcons/Dark/d_SetPivot256.png
  artifactKey: Guid(a3de9d1408f25449bb288eebcebfb832) Importer(815301076,1909f56bfc062723c751e8b465ee728b)
Start importing Packages/com.unity.2d.animation/Editor/Assets/EditorIcons/Dark/d_SetPivot256.png using Guid(a3de9d1408f25449bb288eebcebfb832) Importer(815301076,1909f56bfc062723c751e8b465ee728b) (PreviewImporter) -> (artifact id: '961dfceabceea9590d9de9bbbf6805df') in 0.0907156 seconds
Number of updated asset objects reloaded before import = 0Number of asset objects unloaded after import = 3

========================================================================
Received Import Request.
  Time since last request: 0.000101 seconds.
  path: Packages/com.unity.2d.animation/Editor/Assets/EditorIcons/Dark/d_Split Bones@3x.png
  artifactKey: Guid(64d1c4e3e3931d64880fdffaf2f4b938) Importer(815301076,1909f56bfc062723c751e8b465ee728b)
Start importing Packages/com.unity.2d.animation/Editor/Assets/EditorIcons/Dark/d_Split Bones@3x.png using Guid(64d1c4e3e3931d64880fdffaf2f4b938) Importer(815301076,1909f56bfc062723c751e8b465ee728b) (PreviewImporter) -> (artifact id: '6b35dae74c5aeee86424c9bc46960cf0') in 0.0782772 seconds
Number of updated asset objects reloaded before import = 0Number of asset objects unloaded after import = 3

========================================================================
Received Import Request.
  Time since last request: 0.000031 seconds.
  path: Packages/com.unity.2d.animation/Editor/Assets/EditorIcons/Dark/d_Split Bones@2x.png
  artifactKey: Guid(afe7d261eb308984e95ffa8d883fc998) Importer(815301076,1909f56bfc062723c751e8b465ee728b)
Start importing Packages/com.unity.2d.animation/Editor/Assets/EditorIcons/Dark/d_Split Bones@2x.png using Guid(afe7d261eb308984e95ffa8d883fc998) Importer(815301076,1909f56bfc062723c751e8b465ee728b) (PreviewImporter) -> (artifact id: 'a1488eae8a40141e12b37e64f2c93a1c') in 0.0311729 seconds
Number of updated asset objects reloaded before import = 0Number of asset objects unloaded after import = 3

========================================================================
Received Import Request.
  Time since last request: 2.200359 seconds.
  path: Packages/com.unity.2d.animation/Editor/Assets/EditorIcons/Dark/d_Split_Edge@3x.png
  artifactKey: Guid(03cb0f9b9d35a14499ccade97f1b3da1) Importer(815301076,1909f56bfc062723c751e8b465ee728b)
Start importing Packages/com.unity.2d.animation/Editor/Assets/EditorIcons/Dark/d_Split_Edge@3x.png using Guid(03cb0f9b9d35a14499ccade97f1b3da1) Importer(815301076,1909f56bfc062723c751e8b465ee728b) (PreviewImporter) -> (artifact id: '58287f025127be776e1187e1844e8057') in 0.0245211 seconds
Number of updated asset objects reloaded before import = 0Number of asset objects unloaded after import = 3

========================================================================
Received Import Request.
  Time since last request: 0.000025 seconds.
  path: Packages/com.unity.2d.animation/Editor/Assets/EditorIcons/Dark/d_Sprite_Influence.png
  artifactKey: Guid(eca47b8e551b04a0e8adc931893c60f4) Importer(815301076,1909f56bfc062723c751e8b465ee728b)
Start importing Packages/com.unity.2d.animation/Editor/Assets/EditorIcons/Dark/d_Sprite_Influence.png using Guid(eca47b8e551b04a0e8adc931893c60f4) Importer(815301076,1909f56bfc062723c751e8b465ee728b) (PreviewImporter) -> (artifact id: 'c49537eacbfba9e5c81189ad25065c82') in 0.0767792 seconds
Number of updated asset objects reloaded before import = 0Number of asset objects unloaded after import = 3

========================================================================
Received Import Request.
  Time since last request: 0.573595 seconds.
  path: Packages/com.unity.2d.animation/Editor/Assets/EditorIcons/Dark/d_Sprite_Influence@3x.png
  artifactKey: Guid(dd74e4fa4aa2947d6a14ab33d32d7c63) Importer(815301076,1909f56bfc062723c751e8b465ee728b)
Start importing Packages/com.unity.2d.animation/Editor/Assets/EditorIcons/Dark/d_Sprite_Influence@3x.png using Guid(dd74e4fa4aa2947d6a14ab33d32d7c63) Importer(815301076,1909f56bfc062723c751e8b465ee728b) (PreviewImporter) -> (artifact id: '329001c70cde68b40f95e28336089b13') in 0.0432999 seconds
Number of updated asset objects reloaded before import = 0Number of asset objects unloaded after import = 3

========================================================================
Received Import Request.
  Time since last request: 0.010626 seconds.
  path: Packages/com.unity.2d.animation/Editor/Assets/EditorIcons/Dark/d_Sprite_Mode.png
  artifactKey: Guid(c8294bd479889de41be97f5b6da01437) Importer(815301076,1909f56bfc062723c751e8b465ee728b)
Start importing Packages/com.unity.2d.animation/Editor/Assets/EditorIcons/Dark/d_Sprite_Mode.png using Guid(c8294bd479889de41be97f5b6da01437) Importer(815301076,1909f56bfc062723c751e8b465ee728b) (PreviewImporter) -> (artifact id: 'b34f94120a1470ab20cbf6efbf7b4451') in 0.0469457 seconds
Number of updated asset objects reloaded before import = 0Number of asset objects unloaded after import = 3

========================================================================
Received Import Request.
  Time since last request: 1.135448 seconds.
  path: Packages/com.unity.2d.animation/Editor/Assets/EditorIcons/Dark/d_Sprite_Mode@3x.png
  artifactKey: Guid(6027031a7453da24f95d0af9a2308c52) Importer(815301076,1909f56bfc062723c751e8b465ee728b)
Start importing Packages/com.unity.2d.animation/Editor/Assets/EditorIcons/Dark/d_Sprite_Mode@3x.png using Guid(6027031a7453da24f95d0af9a2308c52) Importer(815301076,1909f56bfc062723c751e8b465ee728b) (PreviewImporter) -> (artifact id: '04c2afa8303bbb23ae5b4640eb46b4c3') in 0.0646475 seconds
Number of updated asset objects reloaded before import = 0Number of asset objects unloaded after import = 3

========================================================================
Received Import Request.
  Time since last request: 0.021285 seconds.
  path: Packages/com.unity.render-pipelines.core/Editor/LookDev/Icons/d_SunPosition.png
  artifactKey: Guid(cc99218b39d91f84e9a26fac406c07e7) Importer(815301076,1909f56bfc062723c751e8b465ee728b)
Start importing Packages/com.unity.render-pipelines.core/Editor/LookDev/Icons/d_SunPosition.png using Guid(cc99218b39d91f84e9a26fac406c07e7) Importer(815301076,1909f56bfc062723c751e8b465ee728b) (PreviewImporter) -> (artifact id: 'fc8de54dce516b970fb6a1d25c15b017') in 0.0410814 seconds
Number of updated asset objects reloaded before import = 0Number of asset objects unloaded after import = 3

========================================================================
Received Import Request.
  Time since last request: 0.000020 seconds.
  path: Packages/com.unity.2d.tilemap/Editor/Icons/d_Tilemap..BrushPicks@4x.png
  artifactKey: Guid(ba6dc9e2bb114aa46a392528f10c13d0) Importer(815301076,1909f56bfc062723c751e8b465ee728b)
Start importing Packages/com.unity.2d.tilemap/Editor/Icons/d_Tilemap..BrushPicks@4x.png using Guid(ba6dc9e2bb114aa46a392528f10c13d0) Importer(815301076,1909f56bfc062723c751e8b465ee728b) (PreviewImporter) -> (artifact id: 'b81afe1e84c7860039d2ce7e05c5f277') in 0.0296223 seconds
Number of updated asset objects reloaded before import = 0Number of asset objects unloaded after import = 3

========================================================================
Received Import Request.
  Time since last request: 0.359623 seconds.
  path: Packages/com.unity.2d.tilemap/Editor/Icons/d_Tilemap.BrushPicks@2x.png
  artifactKey: Guid(4e2a3d7e5b5b01843a978d90f553b672) Importer(815301076,1909f56bfc062723c751e8b465ee728b)
Start importing Packages/com.unity.2d.tilemap/Editor/Icons/d_Tilemap.BrushPicks@2x.png using Guid(4e2a3d7e5b5b01843a978d90f553b672) Importer(815301076,1909f56bfc062723c751e8b465ee728b) (PreviewImporter) -> (artifact id: '978d64588ed8657188dd54cb9f3b4a5a') in 0.0478713 seconds
Number of updated asset objects reloaded before import = 0Number of asset objects unloaded after import = 3

========================================================================
Received Import Request.
  Time since last request: 0.000022 seconds.
  path: Packages/com.unity.2d.tilemap/Editor/Icons/d_Tilemap.BrushSettings.png
  artifactKey: Guid(1cea3c0d30c40344881603d28240cfd3) Importer(815301076,1909f56bfc062723c751e8b465ee728b)
Start importing Packages/com.unity.2d.tilemap/Editor/Icons/d_Tilemap.BrushSettings.png using Guid(1cea3c0d30c40344881603d28240cfd3) Importer(815301076,1909f56bfc062723c751e8b465ee728b) (PreviewImporter) -> (artifact id: 'dacf38f4080fefe940dd4869279865eb') in 0.0600002 seconds
Number of updated asset objects reloaded before import = 0Number of asset objects unloaded after import = 3

========================================================================
Received Import Request.
  Time since last request: 0.387784 seconds.
  path: Packages/com.unity.2d.tilemap/Editor/Icons/d_Tilemap.BrushSettings@4x.png
  artifactKey: Guid(d9f2d0aff557fba4cb316f849b0ccdd1) Importer(815301076,1909f56bfc062723c751e8b465ee728b)
Start importing Packages/com.unity.2d.tilemap/Editor/Icons/d_Tilemap.BrushSettings@4x.png using Guid(d9f2d0aff557fba4cb316f849b0ccdd1) Importer(815301076,1909f56bfc062723c751e8b465ee728b) (PreviewImporter) -> (artifact id: 'd9f14fd31e776515630b53181a911fe5') in 0.108741 seconds
Number of updated asset objects reloaded before import = 0Number of asset objects unloaded after import = 3

========================================================================
Received Import Request.
  Time since last request: 0.000052 seconds.
  path: Packages/com.unity.2d.tilemap/Editor/Icons/d_Tilemap.DefaultBrush@2x.png
  artifactKey: Guid(c06100d8ae6a60d44ab25f318a154ce3) Importer(815301076,1909f56bfc062723c751e8b465ee728b)
Start importing Packages/com.unity.2d.tilemap/Editor/Icons/d_Tilemap.DefaultBrush@2x.png using Guid(c06100d8ae6a60d44ab25f318a154ce3) Importer(815301076,1909f56bfc062723c751e8b465ee728b) (PreviewImporter) -> (artifact id: '74c0163b7d12c7f89fad1c773d7112f9') in 0.0206693 seconds
Number of updated asset objects reloaded before import = 0Number of asset objects unloaded after import = 3

========================================================================
Received Import Request.
  Time since last request: 0.000045 seconds.
  path: Packages/com.unity.2d.tilemap/Editor/Icons/d_Tilemap.EditPalette.png
  artifactKey: Guid(84cd96391d8e912479adff56b3500191) Importer(815301076,1909f56bfc062723c751e8b465ee728b)
Start importing Packages/com.unity.2d.tilemap/Editor/Icons/d_Tilemap.EditPalette.png using Guid(84cd96391d8e912479adff56b3500191) Importer(815301076,1909f56bfc062723c751e8b465ee728b) (PreviewImporter) -> (artifact id: 'ddc4b6eb8e8b8664a595bc08b4fb282e') in 0.0559861 seconds
Number of updated asset objects reloaded before import = 0Number of asset objects unloaded after import = 3

========================================================================
Received Import Request.
  Time since last request: 0.000029 seconds.
  path: Packages/com.unity.2d.tilemap/Editor/Icons/d_Tilemap.EditPalette@2x.png
  artifactKey: Guid(8cbab190b527bd44e8bf5afbc79095e8) Importer(815301076,1909f56bfc062723c751e8b465ee728b)
Start importing Packages/com.unity.2d.tilemap/Editor/Icons/d_Tilemap.EditPalette@2x.png using Guid(8cbab190b527bd44e8bf5afbc79095e8) Importer(815301076,1909f56bfc062723c751e8b465ee728b) (PreviewImporter) -> (artifact id: '8c35419d1ab968ed6f312247639467d3') in 0.0513714 seconds
Number of updated asset objects reloaded before import = 0Number of asset objects unloaded after import = 3

========================================================================
Received Import Request.
  Time since last request: 21.805763 seconds.
  path: Packages/com.unity.2d.animation/Editor/Assets/EditorIcons/Dark/d_WarningIcon_Small.png
  artifactKey: Guid(01c55d310d72c49d09fecc85021a06ed) Importer(815301076,1909f56bfc062723c751e8b465ee728b)
Start importing Packages/com.unity.2d.animation/Editor/Assets/EditorIcons/Dark/d_WarningIcon_Small.png using Guid(01c55d310d72c49d09fecc85021a06ed) Importer(815301076,1909f56bfc062723c751e8b465ee728b) (PreviewImporter) -> (artifact id: 'b2d0c394b23f796566956a79c4703f93') in 0.0782479 seconds
Number of updated asset objects reloaded before import = 0Number of asset objects unloaded after import = 3

========================================================================
Received Import Request.
  Time since last request: 0.000048 seconds.
  path: Packages/com.unity.2d.animation/Editor/Assets/EditorIcons/Dark/d_WarningIcon_Small@2x.png
  artifactKey: Guid(8e4001d3116fa432eab7a5af33f02e3b) Importer(815301076,1909f56bfc062723c751e8b465ee728b)
Start importing Packages/com.unity.2d.animation/Editor/Assets/EditorIcons/Dark/d_WarningIcon_Small@2x.png using Guid(8e4001d3116fa432eab7a5af33f02e3b) Importer(815301076,1909f56bfc062723c751e8b465ee728b) (PreviewImporter) -> (artifact id: 'c4160c66c61c7a4f9b311839b117a9e4') in 0.0472427 seconds
Number of updated asset objects reloaded before import = 0Number of asset objects unloaded after import = 3

========================================================================
Received Import Request.
  Time since last request: 52.793628 seconds.
  path: Packages/com.unity.2d.tilemap/Editor/Icons/d_Tilemap.GridPaint@2x.png
  artifactKey: Guid(3451731abc835d44993075b3bc0935bd) Importer(815301076,1909f56bfc062723c751e8b465ee728b)
Start importing Packages/com.unity.2d.tilemap/Editor/Icons/d_Tilemap.GridPaint@2x.png using Guid(3451731abc835d44993075b3bc0935bd) Importer(815301076,1909f56bfc062723c751e8b465ee728b) (PreviewImporter) -> (artifact id: '66a64c5037671dac8bcd9b11b6b9b55f') in 0.0554936 seconds
Number of updated asset objects reloaded before import = 0Number of asset objects unloaded after import = 3

========================================================================
Received Import Request.
  Time since last request: 0.136834 seconds.
  path: Packages/com.unity.2d.tilemap/Editor/Icons/d_Tilemap.TilePalette@2x.png
  artifactKey: Guid(f8e23945cefaa614da36fe203225170a) Importer(815301076,1909f56bfc062723c751e8b465ee728b)
Start importing Packages/com.unity.2d.tilemap/Editor/Icons/d_Tilemap.TilePalette@2x.png using Guid(f8e23945cefaa614da36fe203225170a) Importer(815301076,1909f56bfc062723c751e8b465ee728b) (PreviewImporter) -> (artifact id: 'e192fe3cba0183476488beaa5715b859') in 0.0375922 seconds
Number of updated asset objects reloaded before import = 0Number of asset objects unloaded after import = 3

========================================================================
Received Import Request.
  Time since last request: 0.808876 seconds.
  path: Packages/com.unity.2d.animation/Editor/Assets/EditorIcons/Dark/d_Visibility_Tool@2x.png
  artifactKey: Guid(debf043892056974eaec3b42dfdda5b3) Importer(815301076,1909f56bfc062723c751e8b465ee728b)
Start importing Packages/com.unity.2d.animation/Editor/Assets/EditorIcons/Dark/d_Visibility_Tool@2x.png using Guid(debf043892056974eaec3b42dfdda5b3) Importer(815301076,1909f56bfc062723c751e8b465ee728b) (PreviewImporter) -> (artifact id: '88d7dcb194c05700b55815a8f7227e81') in 0.0252218 seconds
Number of updated asset objects reloaded before import = 0Number of asset objects unloaded after import = 3

========================================================================
Received Import Request.
  Time since last request: 0.000023 seconds.
  path: Packages/com.unity.2d.animation/Editor/Assets/EditorIcons/Selected/d_Visibility_Tool@3x.png
  artifactKey: Guid(46d5b7ee1aaae3c4d9fd3a54774428d5) Importer(815301076,1909f56bfc062723c751e8b465ee728b)
Start importing Packages/com.unity.2d.animation/Editor/Assets/EditorIcons/Selected/d_Visibility_Tool@3x.png using Guid(46d5b7ee1aaae3c4d9fd3a54774428d5) Importer(815301076,1909f56bfc062723c751e8b465ee728b) (PreviewImporter) -> (artifact id: '5977631322b807c45fa31da7ffc695a5') in 0.1763458 seconds
Number of updated asset objects reloaded before import = 0Number of asset objects unloaded after import = 3

========================================================================
Received Import Request.
  Time since last request: 0.000039 seconds.
  path: Packages/com.unity.2d.animation/Editor/Assets/EditorIcons/Selected/d_Visibility_Tool@4x.png
  artifactKey: Guid(0167a2d235421ca4f8095daaa1defd4f) Importer(815301076,1909f56bfc062723c751e8b465ee728b)
Start importing Packages/com.unity.2d.animation/Editor/Assets/EditorIcons/Selected/d_Visibility_Tool@4x.png using Guid(0167a2d235421ca4f8095daaa1defd4f) Importer(815301076,1909f56bfc062723c751e8b465ee728b) (PreviewImporter) -> (artifact id: '123b79a7e641777563519ef8097ef120') in 0.0504783 seconds
Number of updated asset objects reloaded before import = 0Number of asset objects unloaded after import = 3

========================================================================
Received Import Request.
  Time since last request: 0.000023 seconds.
  path: Packages/com.unity.2d.animation/Editor/Assets/EditorIcons/Dark/d_Visibility_Tool@4x 1.png
  artifactKey: Guid(1748e795fc2216743b74f9f19e87888e) Importer(815301076,1909f56bfc062723c751e8b465ee728b)
Start importing Packages/com.unity.2d.animation/Editor/Assets/EditorIcons/Dark/d_Visibility_Tool@4x 1.png using Guid(1748e795fc2216743b74f9f19e87888e) Importer(815301076,1909f56bfc062723c751e8b465ee728b) (PreviewImporter) -> (artifact id: '6cb623bfbc079e77a378631085fbcce8') in 0.0212999 seconds
Number of updated asset objects reloaded before import = 0Number of asset objects unloaded after import = 3

========================================================================
Received Import Request.
  Time since last request: 0.012352 seconds.
  path: Packages/com.unity.2d.animation/Editor/Assets/EditorIcons/Dark/d_Weight_Brush.png
  artifactKey: Guid(e41886f7c5271c74f9adbf719cbd3e67) Importer(815301076,1909f56bfc062723c751e8b465ee728b)
Start importing Packages/com.unity.2d.animation/Editor/Assets/EditorIcons/Dark/d_Weight_Brush.png using Guid(e41886f7c5271c74f9adbf719cbd3e67) Importer(815301076,1909f56bfc062723c751e8b465ee728b) (PreviewImporter) -> (artifact id: '9c00c6d6f5c5257a73896ff8649f0eda') in 0.1158902 seconds
Number of updated asset objects reloaded before import = 0Number of asset objects unloaded after import = 3

========================================================================
Received Import Request.
  Time since last request: 0.000025 seconds.
  path: Packages/com.unity.2d.animation/Editor/Assets/EditorIcons/Dark/d_Weight_Brush@3x.png
  artifactKey: Guid(ba394dd6c02ba3b448659c8a346bf685) Importer(815301076,1909f56bfc062723c751e8b465ee728b)
Start importing Packages/com.unity.2d.animation/Editor/Assets/EditorIcons/Dark/d_Weight_Brush@3x.png using Guid(ba394dd6c02ba3b448659c8a346bf685) Importer(815301076,1909f56bfc062723c751e8b465ee728b) (PreviewImporter) -> (artifact id: '80ab62b4b65f69e5143c8402cb156873') in 0.1193652 seconds
Number of updated asset objects reloaded before import = 0Number of asset objects unloaded after import = 3

========================================================================
Received Import Request.
  Time since last request: 0.284411 seconds.
  path: Packages/com.unity.2d.animation/Editor/Assets/EditorIcons/Dark/d_Weight_Slider@2x.png
  artifactKey: Guid(b2aca1e4f59dad54785b6ffded66224a) Importer(815301076,1909f56bfc062723c751e8b465ee728b)
Start importing Packages/com.unity.2d.animation/Editor/Assets/EditorIcons/Dark/d_Weight_Slider@2x.png using Guid(b2aca1e4f59dad54785b6ffded66224a) Importer(815301076,1909f56bfc062723c751e8b465ee728b) (PreviewImporter) -> (artifact id: 'b67ae7dd83a40a380b6dd369d709fd9f') in 0.2202724 seconds
Number of updated asset objects reloaded before import = 0Number of asset objects unloaded after import = 3

========================================================================
Received Import Request.
  Time since last request: 0.000069 seconds.
  path: Assets/GameInputControllerIconsFree/keyboard/keyboard-solid/del.png
  artifactKey: Guid(c74d853e5c6e8ac4481489b73d821029) Importer(815301076,1909f56bfc062723c751e8b465ee728b)
Start importing Assets/GameInputControllerIconsFree/keyboard/keyboard-solid/del.png using Guid(c74d853e5c6e8ac4481489b73d821029) Importer(815301076,1909f56bfc062723c751e8b465ee728b) (PreviewImporter) -> (artifact id: '60f078edd2262673770e9d6faabb9983') in 0.0214617 seconds
Number of updated asset objects reloaded before import = 0Number of asset objects unloaded after import = 3

========================================================================
Received Import Request.
  Time since last request: 1.160057 seconds.
  path: Packages/com.unity.render-pipelines.core/Editor/LookDev/Icons/Duplicate@2x.png
  artifactKey: Guid(91ffd37b0545bf6448f8d937736130a1) Importer(815301076,1909f56bfc062723c751e8b465ee728b)
Start importing Packages/com.unity.render-pipelines.core/Editor/LookDev/Icons/Duplicate@2x.png using Guid(91ffd37b0545bf6448f8d937736130a1) Importer(815301076,1909f56bfc062723c751e8b465ee728b) (PreviewImporter) -> (artifact id: '529e88eda5b4c9276d79ce11c4cc0d1b') in 0.2632329 seconds
Number of updated asset objects reloaded before import = 0Number of asset objects unloaded after import = 3

========================================================================
Received Import Request.
  Time since last request: 1.324079 seconds.
  path: Packages/com.unity.2d.animation/Editor/Assets/EditorIcons/Selected/Edit_Geometry.png
  artifactKey: Guid(b668cd73b0ac4ba4db9f21a167c80e6b) Importer(815301076,1909f56bfc062723c751e8b465ee728b)
Start importing Packages/com.unity.2d.animation/Editor/Assets/EditorIcons/Selected/Edit_Geometry.png using Guid(b668cd73b0ac4ba4db9f21a167c80e6b) Importer(815301076,1909f56bfc062723c751e8b465ee728b) (PreviewImporter) -> (artifact id: '1764e0d8f31c8f18e897eb51d0e31bca') in 0.1517787 seconds
Number of updated asset objects reloaded before import = 0Number of asset objects unloaded after import = 3

========================================================================
Received Import Request.
  Time since last request: 0.000037 seconds.
  path: Packages/com.unity.2d.animation/Editor/Assets/EditorIcons/Selected/Edit_Geometry@2x.png
  artifactKey: Guid(c706f86f6fd02084f9a14727d08b844d) Importer(815301076,1909f56bfc062723c751e8b465ee728b)
Start importing Packages/com.unity.2d.animation/Editor/Assets/EditorIcons/Selected/Edit_Geometry@2x.png using Guid(c706f86f6fd02084f9a14727d08b844d) Importer(815301076,1909f56bfc062723c751e8b465ee728b) (PreviewImporter) -> (artifact id: 'b613ab44e48bd1dc1a705a895ec9388f') in 0.0233121 seconds
Number of updated asset objects reloaded before import = 0Number of asset objects unloaded after import = 3

========================================================================
Received Import Request.
  Time since last request: 0.000029 seconds.
  path: Packages/com.unity.2d.animation/Editor/Assets/EditorIcons/Selected/Edit_Geometry@3x.png
  artifactKey: Guid(dd736f22fa93fe9468b8b8b405413957) Importer(815301076,1909f56bfc062723c751e8b465ee728b)
Start importing Packages/com.unity.2d.animation/Editor/Assets/EditorIcons/Selected/Edit_Geometry@3x.png using Guid(dd736f22fa93fe9468b8b8b405413957) Importer(815301076,1909f56bfc062723c751e8b465ee728b) (PreviewImporter) -> (artifact id: 'bf82dfc4af5a773e8cb2c9de503bf224') in 0.4056768 seconds
Number of updated asset objects reloaded before import = 0Number of asset objects unloaded after import = 3

========================================================================
Received Import Request.
  Time since last request: 2.908386 seconds.
  path: Packages/com.unity.2d.animation/Editor/Assets/EditorIcons/Light/Edit_Joints.png
  artifactKey: Guid(e7b30dca77466b8478690c280b0010ea) Importer(815301076,1909f56bfc062723c751e8b465ee728b)
Start importing Packages/com.unity.2d.animation/Editor/Assets/EditorIcons/Light/Edit_Joints.png using Guid(e7b30dca77466b8478690c280b0010ea) Importer(815301076,1909f56bfc062723c751e8b465ee728b) (PreviewImporter) -> (artifact id: '08016ca70f165192015f944de6526b6a') in 0.0508632 seconds
Number of updated asset objects reloaded before import = 0Number of asset objects unloaded after import = 3

========================================================================
Received Import Request.
  Time since last request: 0.000027 seconds.
  path: Packages/com.unity.2d.animation/Editor/Assets/EditorIcons/Selected/Edit_Joints@2x.png
  artifactKey: Guid(401d7863028c84a4988285a5389f1d79) Importer(815301076,1909f56bfc062723c751e8b465ee728b)
Start importing Packages/com.unity.2d.animation/Editor/Assets/EditorIcons/Selected/Edit_Joints@2x.png using Guid(401d7863028c84a4988285a5389f1d79) Importer(815301076,1909f56bfc062723c751e8b465ee728b) (PreviewImporter) -> (artifact id: 'e17307e64d6bf21e220041560c209c11') in 0.060252 seconds
Number of updated asset objects reloaded before import = 0Number of asset objects unloaded after import = 3

========================================================================
Received Import Request.
  Time since last request: 0.644659 seconds.
  path: Packages/com.unity.2d.animation/Editor/Assets/EditorIcons/Selected/Edit_Joints@3x.png
  artifactKey: Guid(0b0f60aa75b9d024480f9aaad450723b) Importer(815301076,1909f56bfc062723c751e8b465ee728b)
Start importing Packages/com.unity.2d.animation/Editor/Assets/EditorIcons/Selected/Edit_Joints@3x.png using Guid(0b0f60aa75b9d024480f9aaad450723b) Importer(815301076,1909f56bfc062723c751e8b465ee728b) (PreviewImporter) -> (artifact id: 'b4cdaf0d48da33200bab050d38c7f999') in 0.0863679 seconds
Number of updated asset objects reloaded before import = 0Number of asset objects unloaded after import = 3

========================================================================
Received Import Request.
  Time since last request: 0.000022 seconds.
  path: Packages/com.unity.2d.animation/Editor/Assets/EditorIcons/Selected/Edit_Joints@4x.png
  artifactKey: Guid(d7b47eae8bab6b94798f1c25eabe65c2) Importer(815301076,1909f56bfc062723c751e8b465ee728b)
Start importing Packages/com.unity.2d.animation/Editor/Assets/EditorIcons/Selected/Edit_Joints@4x.png using Guid(d7b47eae8bab6b94798f1c25eabe65c2) Importer(815301076,1909f56bfc062723c751e8b465ee728b) (PreviewImporter) -> (artifact id: 'bcbdb8ba83bc96a82c67eade36b75468') in 0.0602755 seconds
Number of updated asset objects reloaded before import = 0Number of asset objects unloaded after import = 3

========================================================================
Received Import Request.
  Time since last request: 0.633700 seconds.
  path: Packages/com.unity.2d.animation/Editor/Assets/EditorIcons/Selected/Edit_Pose.png
  artifactKey: Guid(9844a6aa871b23547892e819f4dd55c3) Importer(815301076,1909f56bfc062723c751e8b465ee728b)
Start importing Packages/com.unity.2d.animation/Editor/Assets/EditorIcons/Selected/Edit_Pose.png using Guid(9844a6aa871b23547892e819f4dd55c3) Importer(815301076,1909f56bfc062723c751e8b465ee728b) (PreviewImporter) -> (artifact id: '79de53bfa563d83fa9caebfe0b682b74') in 0.0786889 seconds
Number of updated asset objects reloaded before import = 0Number of asset objects unloaded after import = 3

========================================================================
Received Import Request.
  Time since last request: 0.000035 seconds.
  path: Packages/com.unity.2d.animation/Editor/Assets/EditorIcons/Selected/Edit_Pose@2x.png
  artifactKey: Guid(1da4b8d35afa8314198e7b69dc383431) Importer(815301076,1909f56bfc062723c751e8b465ee728b)
Start importing Packages/com.unity.2d.animation/Editor/Assets/EditorIcons/Selected/Edit_Pose@2x.png using Guid(1da4b8d35afa8314198e7b69dc383431) Importer(815301076,1909f56bfc062723c751e8b465ee728b) (PreviewImporter) -> (artifact id: 'b54ac549401b08e8eb74cf70caa0d368') in 0.6771384 seconds
Number of updated asset objects reloaded before import = 0Number of asset objects unloaded after import = 3

========================================================================
Received Import Request.
  Time since last request: 0.007617 seconds.
  path: Packages/com.unity.2d.animation/Editor/Assets/EditorIcons/Light/Edit_Pose@3x.png
  artifactKey: Guid(32854586e42553846b24646ce18cf625) Importer(815301076,1909f56bfc062723c751e8b465ee728b)
Start importing Packages/com.unity.2d.animation/Editor/Assets/EditorIcons/Light/Edit_Pose@3x.png using Guid(32854586e42553846b24646ce18cf625) Importer(815301076,1909f56bfc062723c751e8b465ee728b) (PreviewImporter) -> (artifact id: '1acaca970e26ba787bd7da2f8348f1c4') in 0.0565257 seconds
Number of updated asset objects reloaded before import = 0Number of asset objects unloaded after import = 3

========================================================================
Received Import Request.
  Time since last request: 0.000037 seconds.
  path: Packages/com.unity.2d.animation/Editor/Assets/EditorIcons/Selected/Edit_Pose@4x.png
  artifactKey: Guid(eb81c5f176e01b746be35f0aa3603593) Importer(815301076,1909f56bfc062723c751e8b465ee728b)
Start importing Packages/com.unity.2d.animation/Editor/Assets/EditorIcons/Selected/Edit_Pose@4x.png using Guid(eb81c5f176e01b746be35f0aa3603593) Importer(815301076,1909f56bfc062723c751e8b465ee728b) (PreviewImporter) -> (artifact id: '1fa10061ca8a51e99bb1f898c38d5067') in 0.0380145 seconds
Number of updated asset objects reloaded before import = 0Number of asset objects unloaded after import = 3

========================================================================
Received Import Request.
  Time since last request: 0.012228 seconds.
  path: Packages/com.unity.2d.tilemap/Editor/Icons/EditorUI.Filter.png
  artifactKey: Guid(cdccb0d77f2e841e1bc2c5f367d4df33) Importer(815301076,1909f56bfc062723c751e8b465ee728b)
Start importing Packages/com.unity.2d.tilemap/Editor/Icons/EditorUI.Filter.png using Guid(cdccb0d77f2e841e1bc2c5f367d4df33) Importer(815301076,1909f56bfc062723c751e8b465ee728b) (PreviewImporter) -> (artifact id: '370a60ef46574145a9aef6065b83f72c') in 0.0505233 seconds
Number of updated asset objects reloaded before import = 0Number of asset objects unloaded after import = 3

========================================================================
Received Import Request.
  Time since last request: 0.000023 seconds.
  path: Packages/com.unity.2d.animation/Editor/Assets/EditorIcons/Light/EditorUI.Filter@2x.png
  artifactKey: Guid(40c6c4b2db0874b608f545e256a67283) Importer(815301076,1909f56bfc062723c751e8b465ee728b)
Start importing Packages/com.unity.2d.animation/Editor/Assets/EditorIcons/Light/EditorUI.Filter@2x.png using Guid(40c6c4b2db0874b608f545e256a67283) Importer(815301076,1909f56bfc062723c751e8b465ee728b) (PreviewImporter) -> (artifact id: '777ec83946cc8c91c51646081d33c3b8') in 0.025188 seconds
Number of updated asset objects reloaded before import = 0Number of asset objects unloaded after import = 3

========================================================================
Received Import Request.
  Time since last request: 0.000036 seconds.
  path: Packages/com.unity.2d.tilemap/Editor/Icons/EditorUI.Target@2x.png
  artifactKey: Guid(f8eef1ebd82d467428620ec2c02bc50a) Importer(815301076,1909f56bfc062723c751e8b465ee728b)
Start importing Packages/com.unity.2d.tilemap/Editor/Icons/EditorUI.Target@2x.png using Guid(f8eef1ebd82d467428620ec2c02bc50a) Importer(815301076,1909f56bfc062723c751e8b465ee728b) (PreviewImporter) -> (artifact id: '3b37274d54750a5534fc7470fd40e353') in 0.0698895 seconds
Number of updated asset objects reloaded before import = 0Number of asset objects unloaded after import = 3

========================================================================
Received Import Request.
  Time since last request: 0.000036 seconds.
  path: Packages/com.unity.2d.tilemap/Editor/Icons/EditorUI.TargetHover.png
  artifactKey: Guid(fdc8bace2b7ef504d91d22cca2a5d905) Importer(815301076,1909f56bfc062723c751e8b465ee728b)
Start importing Packages/com.unity.2d.tilemap/Editor/Icons/EditorUI.TargetHover.png using Guid(fdc8bace2b7ef504d91d22cca2a5d905) Importer(815301076,1909f56bfc062723c751e8b465ee728b) (PreviewImporter) -> (artifact id: '4ba1a826a8f97e1815a7a5b0bc955a52') in 0.0459363 seconds
Number of updated asset objects reloaded before import = 0Number of asset objects unloaded after import = 3

========================================================================
Received Import Request.
  Time since last request: 0.000028 seconds.
  path: Packages/com.unity.2d.tilemap/Editor/Icons/EditorUI.TargetHover@4x.png
  artifactKey: Guid(9cdb1d83bdac1554287041973d268c1d) Importer(815301076,1909f56bfc062723c751e8b465ee728b)
Start importing Packages/com.unity.2d.tilemap/Editor/Icons/EditorUI.TargetHover@4x.png using Guid(9cdb1d83bdac1554287041973d268c1d) Importer(815301076,1909f56bfc062723c751e8b465ee728b) (PreviewImporter) -> (artifact id: '6742f9c8ebf4d85c072ccbadb1dcda5f') in 0.0794919 seconds
Number of updated asset objects reloaded before import = 0Number of asset objects unloaded after import = 3

========================================================================
Received Import Request.
  Time since last request: 0.000024 seconds.
  path: Packages/com.unity.2d.tilemap/Editor/Icons/EditorUI.TargetHover@2x.png
  artifactKey: Guid(2e12ff2cc7983784eab0dfe0bb7ff17e) Importer(815301076,1909f56bfc062723c751e8b465ee728b)
Start importing Packages/com.unity.2d.tilemap/Editor/Icons/EditorUI.TargetHover@2x.png using Guid(2e12ff2cc7983784eab0dfe0bb7ff17e) Importer(815301076,1909f56bfc062723c751e8b465ee728b) (PreviewImporter) -> (artifact id: '88f9ca751027d07931dbe8afe20fd70d') in 0.0253785 seconds
Number of updated asset objects reloaded before import = 0Number of asset objects unloaded after import = 3

========================================================================
Received Prepare
Begin MonoManager ReloadAssembly
- Loaded All Assemblies, in  1.915 seconds
Refreshing native plugins compatible for Editor in 3.29 ms, found 4 plugins.
Native extension for Android target not found
Native extension for WindowsStandalone target not found
Mono: successfully reloaded assembly
- Finished resetting the current domain, in  2.919 seconds
Domain Reload Profiling: 4836ms
	BeginReloadAssembly (561ms)
		ExecutionOrderSort (0ms)
		DisableScriptedObjects (36ms)
		BackupInstance (0ms)
		ReleaseScriptingObjects (0ms)
		CreateAndSetChildDomain (126ms)
	RebuildCommonClasses (80ms)
	RebuildNativeTypeToScriptingClass (28ms)
	initialDomainReloadingComplete (61ms)
	LoadAllAssembliesAndSetupDomain (1185ms)
		LoadAssemblies (962ms)
		RebuildTransferFunctionScriptingTraits (0ms)
		AnalyzeDomain (539ms)
			TypeCache.Refresh (21ms)
				TypeCache.ScanAssembly (0ms)
			BuildScriptInfoCaches (458ms)
			ResolveRequiredComponents (52ms)
	FinalizeReload (2921ms)
		ReleaseScriptCaches (0ms)
		RebuildScriptCaches (0ms)
		SetupLoadedEditorAssemblies (2332ms)
			LogAssemblyErrors (0ms)
			InitializePlatformSupportModulesInManaged (56ms)
			SetLoadedEditorAssemblies (18ms)
			BeforeProcessingInitializeOnLoad (382ms)
			ProcessInitializeOnLoadAttributes (1626ms)
			ProcessInitializeOnLoadMethodAttributes (228ms)
			AfterProcessingInitializeOnLoad (21ms)
			EditorAssembliesLoaded (1ms)
		ExecutionOrderSort2 (0ms)
		AwakeInstancesAfterBackupRestoration (72ms)
Refreshing native plugins compatible for Editor in 3.91 ms, found 4 plugins.
Preloading 0 native plugins for Editor in 0.00 ms.
Unloading 13 Unused Serialized files (Serialized files now loaded: 0)
Unloading 6580 unused Assets / (4.7 MB). Loaded Objects now: 7453.
Memory consumption went from 155.3 MB to 150.6 MB.
Total: 26.092800 ms (FindLiveObjects: 1.065100 ms CreateObjectMapping: 4.198200 ms MarkObjects: 13.539600 ms  DeleteObjects: 7.287600 ms)

Prepare: number of updated asset objects reloaded= 0
========================================================================
Received Prepare
Begin MonoManager ReloadAssembly
- Loaded All Assemblies, in  8.398 seconds
Refreshing native plugins compatible for Editor in 4.77 ms, found 4 plugins.
Native extension for Android target not found
Native extension for WindowsStandalone target not found
Mono: successfully reloaded assembly
- Finished resetting the current domain, in  3.059 seconds
Domain Reload Profiling: 11448ms
	BeginReloadAssembly (981ms)
		ExecutionOrderSort (0ms)
		DisableScriptedObjects (55ms)
		BackupInstance (0ms)
		ReleaseScriptingObjects (0ms)
		CreateAndSetChildDomain (166ms)
	RebuildCommonClasses (202ms)
	RebuildNativeTypeToScriptingClass (82ms)
	initialDomainReloadingComplete (164ms)
	LoadAllAssembliesAndSetupDomain (6959ms)
		LoadAssemblies (5951ms)
		RebuildTransferFunctionScriptingTraits (0ms)
		AnalyzeDomain (1615ms)
			TypeCache.Refresh (52ms)
				TypeCache.ScanAssembly (0ms)
			BuildScriptInfoCaches (1480ms)
			ResolveRequiredComponents (71ms)
	FinalizeReload (3060ms)
		ReleaseScriptCaches (0ms)
		RebuildScriptCaches (0ms)
		SetupLoadedEditorAssemblies (2249ms)
			LogAssemblyErrors (0ms)
			InitializePlatformSupportModulesInManaged (77ms)
			SetLoadedEditorAssemblies (15ms)
			BeforeProcessingInitializeOnLoad (398ms)
			ProcessInitializeOnLoadAttributes (1494ms)
			ProcessInitializeOnLoadMethodAttributes (241ms)
			AfterProcessingInitializeOnLoad (23ms)
			EditorAssembliesLoaded (1ms)
		ExecutionOrderSort2 (0ms)
		AwakeInstancesAfterBackupRestoration (82ms)
Refreshing native plugins compatible for Editor in 4.66 ms, found 4 plugins.
Preloading 0 native plugins for Editor in 0.00 ms.
Unloading 13 Unused Serialized files (Serialized files now loaded: 0)
Unloading 6580 unused Assets / (4.6 MB). Loaded Objects now: 7455.
Memory consumption went from 155.3 MB to 150.7 MB.
Total: 27.811700 ms (FindLiveObjects: 5.186900 ms CreateObjectMapping: 2.042200 ms MarkObjects: 14.588900 ms  DeleteObjects: 5.991200 ms)

Prepare: number of updated asset objects reloaded= 0
========================================================================
Received Import Request.
  Time since last request: 402.588524 seconds.
  path: Assets/Prefab/Player.prefab
  artifactKey: Guid(30f765815cbe92546a54781cff1d5b80) Importer(815301076,1909f56bfc062723c751e8b465ee728b)
Start importing Assets/Prefab/Player.prefab using Guid(30f765815cbe92546a54781cff1d5b80) Importer(815301076,1909f56bfc062723c751e8b465ee728b) (PreviewImporter) -> (artifact id: '2c68de8fcdafca31ab1bd50f96ed57d8') in 1.4068424 seconds
Number of updated asset objects reloaded before import = 0Number of asset objects unloaded after import = 257

========================================================================
Received Prepare
Begin MonoManager ReloadAssembly
- Loaded All Assemblies, in  2.192 seconds
Refreshing native plugins compatible for Editor in 3.83 ms, found 4 plugins.
Native extension for Android target not found
Native extension for WindowsStandalone target not found
Mono: successfully reloaded assembly
- Finished resetting the current domain, in  2.770 seconds
Domain Reload Profiling: 4962ms
	BeginReloadAssembly (619ms)
		ExecutionOrderSort (0ms)
		DisableScriptedObjects (47ms)
		BackupInstance (0ms)
		ReleaseScriptingObjects (0ms)
		CreateAndSetChildDomain (145ms)
	RebuildCommonClasses (96ms)
	RebuildNativeTypeToScriptingClass (36ms)
	initialDomainReloadingComplete (86ms)
	LoadAllAssembliesAndSetupDomain (1354ms)
		LoadAssemblies (1155ms)
		RebuildTransferFunctionScriptingTraits (0ms)
		AnalyzeDomain (545ms)
			TypeCache.Refresh (15ms)
				TypeCache.ScanAssembly (0ms)
			BuildScriptInfoCaches (473ms)
			ResolveRequiredComponents (51ms)
	FinalizeReload (2771ms)
		ReleaseScriptCaches (0ms)
		RebuildScriptCaches (0ms)
		SetupLoadedEditorAssemblies (2235ms)
			LogAssemblyErrors (0ms)
			InitializePlatformSupportModulesInManaged (55ms)
			SetLoadedEditorAssemblies (18ms)
			BeforeProcessingInitializeOnLoad (502ms)
			ProcessInitializeOnLoadAttributes (1416ms)
			ProcessInitializeOnLoadMethodAttributes (222ms)
			AfterProcessingInitializeOnLoad (20ms)
			EditorAssembliesLoaded (1ms)
		ExecutionOrderSort2 (0ms)
		AwakeInstancesAfterBackupRestoration (58ms)
Refreshing native plugins compatible for Editor in 4.92 ms, found 4 plugins.
Preloading 0 native plugins for Editor in 0.00 ms.
Unloading 13 Unused Serialized files (Serialized files now loaded: 0)
Unloading 6580 unused Assets / (5.5 MB). Loaded Objects now: 7480.
Memory consumption went from 157.1 MB to 151.6 MB.
Total: 25.260800 ms (FindLiveObjects: 1.084300 ms CreateObjectMapping: 2.082800 ms MarkObjects: 14.000700 ms  DeleteObjects: 8.089200 ms)

Prepare: number of updated asset objects reloaded= 0
========================================================================
Received Prepare
Begin MonoManager ReloadAssembly
- Loaded All Assemblies, in  2.014 seconds
Refreshing native plugins compatible for Editor in 5.50 ms, found 4 plugins.
Native extension for Android target not found
Native extension for WindowsStandalone target not found
Mono: successfully reloaded assembly
- Finished resetting the current domain, in  3.095 seconds
Domain Reload Profiling: 5111ms
	BeginReloadAssembly (523ms)
		ExecutionOrderSort (0ms)
		DisableScriptedObjects (28ms)
		BackupInstance (0ms)
		ReleaseScriptingObjects (1ms)
		CreateAndSetChildDomain (111ms)
	RebuildCommonClasses (72ms)
	RebuildNativeTypeToScriptingClass (34ms)
	initialDomainReloadingComplete (66ms)
	LoadAllAssembliesAndSetupDomain (1320ms)
		LoadAssemblies (996ms)
		RebuildTransferFunctionScriptingTraits (0ms)
		AnalyzeDomain (620ms)
			TypeCache.Refresh (14ms)
				TypeCache.ScanAssembly (0ms)
			BuildScriptInfoCaches (565ms)
			ResolveRequiredComponents (33ms)
	FinalizeReload (3097ms)
		ReleaseScriptCaches (0ms)
		RebuildScriptCaches (0ms)
		SetupLoadedEditorAssemblies (2376ms)
			LogAssemblyErrors (0ms)
			InitializePlatformSupportModulesInManaged (74ms)
			SetLoadedEditorAssemblies (15ms)
			BeforeProcessingInitializeOnLoad (403ms)
			ProcessInitializeOnLoadAttributes (1625ms)
			ProcessInitializeOnLoadMethodAttributes (234ms)
			AfterProcessingInitializeOnLoad (23ms)
			EditorAssembliesLoaded (1ms)
		ExecutionOrderSort2 (0ms)
		AwakeInstancesAfterBackupRestoration (66ms)
Refreshing native plugins compatible for Editor in 7.27 ms, found 4 plugins.
Preloading 0 native plugins for Editor in 0.00 ms.
Unloading 13 Unused Serialized files (Serialized files now loaded: 0)
Unloading 6580 unused Assets / (4.5 MB). Loaded Objects now: 7482.
Memory consumption went from 157.0 MB to 152.5 MB.
Total: 31.712500 ms (FindLiveObjects: 2.413400 ms CreateObjectMapping: 2.465200 ms MarkObjects: 18.643300 ms  DeleteObjects: 8.188500 ms)

Prepare: number of updated asset objects reloaded= 0
========================================================================
Received Prepare
Begin MonoManager ReloadAssembly
- Loaded All Assemblies, in  1.846 seconds
Refreshing native plugins compatible for Editor in 5.17 ms, found 4 plugins.
Native extension for Android target not found
Native extension for WindowsStandalone target not found
Mono: successfully reloaded assembly
- Finished resetting the current domain, in  3.506 seconds
Domain Reload Profiling: 5355ms
	BeginReloadAssembly (552ms)
		ExecutionOrderSort (0ms)
		DisableScriptedObjects (31ms)
		BackupInstance (0ms)
		ReleaseScriptingObjects (0ms)
		CreateAndSetChildDomain (90ms)
	RebuildCommonClasses (83ms)
	RebuildNativeTypeToScriptingClass (31ms)
	initialDomainReloadingComplete (65ms)
	LoadAllAssembliesAndSetupDomain (1117ms)
		LoadAssemblies (977ms)
		RebuildTransferFunctionScriptingTraits (0ms)
		AnalyzeDomain (493ms)
			TypeCache.Refresh (21ms)
				TypeCache.ScanAssembly (0ms)
			BuildScriptInfoCaches (438ms)
			ResolveRequiredComponents (27ms)
	FinalizeReload (3507ms)
		ReleaseScriptCaches (0ms)
		RebuildScriptCaches (0ms)
		SetupLoadedEditorAssemblies (2964ms)
			LogAssemblyErrors (0ms)
			InitializePlatformSupportModulesInManaged (53ms)
			SetLoadedEditorAssemblies (15ms)
			BeforeProcessingInitializeOnLoad (425ms)
			ProcessInitializeOnLoadAttributes (2006ms)
			ProcessInitializeOnLoadMethodAttributes (450ms)
			AfterProcessingInitializeOnLoad (15ms)
			EditorAssembliesLoaded (1ms)
		ExecutionOrderSort2 (0ms)
		AwakeInstancesAfterBackupRestoration (58ms)
Refreshing native plugins compatible for Editor in 4.96 ms, found 4 plugins.
Preloading 0 native plugins for Editor in 0.00 ms.
Unloading 13 Unused Serialized files (Serialized files now loaded: 0)
Unloading 6580 unused Assets / (5.2 MB). Loaded Objects now: 7484.
Memory consumption went from 157.0 MB to 151.8 MB.
Total: 23.830300 ms (FindLiveObjects: 1.657600 ms CreateObjectMapping: 2.722000 ms MarkObjects: 13.405300 ms  DeleteObjects: 6.043900 ms)

Prepare: number of updated asset objects reloaded= 0
========================================================================
Received Prepare
Begin MonoManager ReloadAssembly
- Loaded All Assemblies, in  1.878 seconds
Refreshing native plugins compatible for Editor in 5.02 ms, found 4 plugins.
Native extension for Android target not found
Native extension for WindowsStandalone target not found
Mono: successfully reloaded assembly
- Finished resetting the current domain, in  3.032 seconds
Domain Reload Profiling: 4916ms
	BeginReloadAssembly (523ms)
		ExecutionOrderSort (0ms)
		DisableScriptedObjects (32ms)
		BackupInstance (0ms)
		ReleaseScriptingObjects (0ms)
		CreateAndSetChildDomain (85ms)
	RebuildCommonClasses (90ms)
	RebuildNativeTypeToScriptingClass (27ms)
	initialDomainReloadingComplete (71ms)
	LoadAllAssembliesAndSetupDomain (1170ms)
		LoadAssemblies (1007ms)
		RebuildTransferFunctionScriptingTraits (0ms)
		AnalyzeDomain (484ms)
			TypeCache.Refresh (21ms)
				TypeCache.ScanAssembly (0ms)
			BuildScriptInfoCaches (426ms)
			ResolveRequiredComponents (27ms)
	FinalizeReload (3036ms)
		ReleaseScriptCaches (0ms)
		RebuildScriptCaches (0ms)
		SetupLoadedEditorAssemblies (2079ms)
			LogAssemblyErrors (0ms)
			InitializePlatformSupportModulesInManaged (52ms)
			SetLoadedEditorAssemblies (12ms)
			BeforeProcessingInitializeOnLoad (347ms)
			ProcessInitializeOnLoadAttributes (1384ms)
			ProcessInitializeOnLoadMethodAttributes (263ms)
			AfterProcessingInitializeOnLoad (20ms)
			EditorAssembliesLoaded (1ms)
		ExecutionOrderSort2 (0ms)
		AwakeInstancesAfterBackupRestoration (275ms)
Refreshing native plugins compatible for Editor in 6.85 ms, found 4 plugins.
Preloading 0 native plugins for Editor in 0.00 ms.
Unloading 13 Unused Serialized files (Serialized files now loaded: 0)
Unloading 6580 unused Assets / (4.7 MB). Loaded Objects now: 7486.
Memory consumption went from 157.0 MB to 152.3 MB.
Total: 31.507800 ms (FindLiveObjects: 1.545100 ms CreateObjectMapping: 3.258500 ms MarkObjects: 18.999400 ms  DeleteObjects: 7.702400 ms)

Prepare: number of updated asset objects reloaded= 0
